2026-05-02 11:24:53,710 - INFO - HTTP Request: GET https://api.agentmail.to/v0/inboxes/laumiex@agentmail.to/messages?limit=20 "HTTP/1.1 200 OK"
2026-05-02 11:24:53,756 - INFO - 📧 Processing 20 emails...
2026-05-02 11:24:53,756 - INFO - Loading sent links...
2026-05-02 11:24:53,757 - INFO - Loaded 0 previously sent links
2026-05-02 11:24:53,757 - INFO - Processing message ID: <22764553-180E-42BB-9898-BC855B10E550@yahoo.com>
2026-05-02 11:24:53,907 - INFO - HTTP Request: GET https://api.agentmail.to/v0/inboxes/laumiex@agentmail.to/messages/%3C22764553-180E-42BB-9898-BC855B10E550@yahoo.com%3E "HTTP/1.1 200 OK"
2026-05-02 11:24:53,909 - INFO - Subject: Fwd: 12/14 新澤西州宣恩堂中文主日崇拜連結
2026-05-02 11:24:53,910 - INFO - Message content: Fwd: 12/14 新澤西州宣恩堂中文主日崇拜連結 Sent from my iPhone

Begin forwarded message:

> From: CLGNJ Church of Living Grace <church@clgnj.org>
> Date: December 12, 2025 at 7:04:03 PM EST
> To: CLGNJ Church of Living Grace <church@clgnj.org>
> Subject: 12/14 新澤西州宣恩堂中文主日崇拜連結
> 
> ﻿
> 12/14 中文崇拜連結
> 
> https://youtube.com/live/0DYcAplUdNA
> 
> 請參閱隨附
> 1) 12/14 崇拜程序表
> 2) 2026年事奉參與表 
Sent from my iPhone

Begin forwarded message:

> From: CLGNJ Church of Living Grace <church@clgnj.org>
> Date: December 12, 2025 at 7:04:03 PM EST
> To: CLGNJ Church of Living Grace <church@clgnj.org
2026-05-02 11:24:53,910 - INFO - Found YouTube link ID: 0DYcAplUdNA
2026-05-02 11:24:53,910 - INFO - ➡️ 🕊️ Live Stream: https://youtube.com/live/0DYcAplUdNA
2026-05-02 11:24:53,911 - INFO - Processing message ID: <C3317370-D2F5-409D-8D13-85A2F90FC6DB@yahoo.com>
2026-05-02 11:24:54,007 - INFO - HTTP Request: GET https://api.agentmail.to/v0/inboxes/laumiex@agentmail.to/messages/%3CC3317370-D2F5-409D-8D13-85A2F90FC6DB@yahoo.com%3E "HTTP/1.1 200 OK"
2026-05-02 11:24:54,010 - INFO - Subject: Fwd: 5/3 新澤西州宣恩堂中文主日崇拜連結
2026-05-02 11:24:54,010 - INFO - Message content: Fwd: 5/3 新澤西州宣恩堂中文主日崇拜連結 Sent from my iPhone

Begin forwarded message:

> From: CLGNJ Church of Living Grace <church@clgnj.org>
> Date: May 1, 2026 at 2:35:21 PM EDT
> To: CLGNJ Church of Living Grace <church@clgnj.org>
> Subject: 5/3 新澤西州宣恩堂中文主日崇拜連結
> 
> ﻿
> 5/3 中文崇拜連結
> https://youtube.com/live/O8_i5yMRISo
> 
> 請參閱隨附
> 1) 5/3 崇拜程序表
> 2) 宣教代禱信    - 2026年春季 
Sent from my iPhone

Begin forwarded message:

> From: CLGNJ Church of Living Grace <church@clgnj.org>
> Date: May 1, 2026 at 2:35:21 PM EDT
> To: CLGNJ Church of Living Grace <church@clgnj.org>
> Su
2026-05-02 11:24:54,010 - INFO - Found YouTube link ID: O8_i5yMRISo
2026-05-02 11:24:54,010 - INFO - ➡️ 🕊️ Live Stream: https://youtube.com/live/O8_i5yMRISo
2026-05-02 11:24:54,010 - INFO - Processing message ID: <0100019de822820b-cbbf2f75-c1ed-469c-85df-98c1ab947266-000000@email.amazonses.com>
2026-05-02 11:24:54,097 - INFO - HTTP Request: GET https://api.agentmail.to/v0/inboxes/laumiex@agentmail.to/messages/%3C0100019de822820b-cbbf2f75-c1ed-469c-85df-98c1ab947266-000000@email.amazonses.com%3E "HTTP/1.1 200 OK"
2026-05-02 11:24:54,099 - INFO - Subject: Hour-by-hour Weather Forecast for Today (°F)
2026-05-02 11:24:54,099 - INFO - Processing message ID: <F5FDBF7F-24C1-41B6-9793-F672681D2827@yahoo.com>
2026-05-02 11:24:54,184 - INFO - HTTP Request: GET https://api.agentmail.to/v0/inboxes/laumiex@agentmail.to/messages/%3CF5FDBF7F-24C1-41B6-9793-F672681D2827@yahoo.com%3E "HTTP/1.1 200 OK"
2026-05-02 11:24:54,186 - INFO - Subject: Fwd: 01/11 新澤西州宣恩堂中文主日崇拜連結
2026-05-02 11:24:54,186 - INFO - Message content: Fwd: 01/11 新澤西州宣恩堂中文主日崇拜連結 Sent from my iPhone

Begin forwarded message:

> From: CLGNJ Church of Living Grace <church@clgnj.org>
> Date: January 9, 2026 at 2:44:36 PM EST
> To: CLGNJ Church of Living Grace <church@clgnj.org>
> Subject: 01/11 新澤西州宣恩堂中文主日崇拜連結
> 
> ﻿
> 01/11 中文崇拜連結
> 
> https://www.youtube.com/live/MJVjKbANX3s
> 
> 請參閱隨附 01/11 崇拜程序表 
Sent from my iPhone

Begin forwarded message:

> From: CLGNJ Church of Living Grace <church@clgnj.org>
> Date: January 9, 2026 at 2:44:36 PM EST
> To: CLGNJ Church of Living Grace <church@clgnj.org>

2026-05-02 11:24:54,186 - INFO - Found potential YouTube reference without a link: Fwd: 01/11 新澤西州宣恩堂中文主日崇拜連結 Sent from my iPhone

Begin forwarded message:

> From: CLGNJ Church of Li...
2026-05-02 11:24:54,187 - INFO - Processing message ID: <7E3878D1-7A25-4DB5-AB91-558C9CE7A009@yahoo.com>
2026-05-02 11:24:54,284 - INFO - HTTP Request: GET https://api.agentmail.to/v0/inboxes/laumiex@agentmail.to/messages/%3C7E3878D1-7A25-4DB5-AB91-558C9CE7A009@yahoo.com%3E "HTTP/1.1 200 OK"
2026-05-02 11:24:54,285 - INFO - Subject: Fwd: 12/21 新澤西州宣恩堂中文主日崇拜連結
2026-05-02 11:24:54,286 - INFO - Message content: Fwd: 12/21 新澤西州宣恩堂中文主日崇拜連結 Sent from my iPhone

Begin forwarded message:

> From: CLGNJ Church of Living Grace <church@clgnj.org>
> Date: December 19, 2025 at 3:37:23 PM EST
> To: CLGNJ Church of Living Grace <church@clgnj.org>
> Subject: 12/21 新澤西州宣恩堂中文主日崇拜連結
> 
> ﻿
> 12/21 中文崇拜連結
> 
> https://youtube.com/live/vJlaLkeSmYg
> 
> 請參閱隨附12/21 崇拜程序表 及 2026年宣恩堂行事曆 
> 
Sent from my iPhone

Begin forwarded message:

> From: CLGNJ Church of Living Grace <church@clgnj.org>
> Date: December 19, 2025 at 3:37:23 PM EST
> To: CLGNJ Church of Living Grace <church@clgnj.org
2026-05-02 11:24:54,286 - INFO - Found YouTube link ID: vJlaLkeSmYg
2026-05-02 11:24:54,286 - INFO - ➡️ 🕊️ Live Stream: https://youtube.com/live/vJlaLkeSmYg
2026-05-02 11:24:54,286 - INFO - Processing message ID: <1DAA720E-E8A6-4C3D-98DA-141AE8AE8BF9@yahoo.com>
2026-05-02 11:24:54,389 - INFO - HTTP Request: GET https://api.agentmail.to/v0/inboxes/laumiex@agentmail.to/messages/%3C1DAA720E-E8A6-4C3D-98DA-141AE8AE8BF9@yahoo.com%3E "HTTP/1.1 200 OK"
2026-05-02 11:24:54,391 - INFO - Subject: Fwd: 12/28 新澤西州宣恩堂中文主日崇拜連結
2026-05-02 11:24:54,391 - INFO - Message content: Fwd: 12/28 新澤西州宣恩堂中文主日崇拜連結 Sent from my iPhone

Begin forwarded message:

> From: CLGNJ Church of Living Grace <church@clgnj.org>
> Date: December 26, 2025 at 3:06:15 PM EST
> To: CLGNJ Church of Living Grace <church@clgnj.org>
> Subject: 12/28 新澤西州宣恩堂中文主日崇拜連結
> 
> ﻿
> 12/28 中文崇拜連結
> 
> https://youtube.com/live/BbiiCIWZxHU
> 
> 請參閱隨附12/28 崇拜程序表, 歲終祈禱會程序表, 及團契動向 (2026年01月) 
Sent from my iPhone

Begin forwarded message:

> From: CLGNJ Church of Living Grace <church@clgnj.org>
> Date: December 26, 2025 at 3:06:15 PM EST
> To: CLGNJ Church of Living Grace <church@clgnj.org
2026-05-02 11:24:54,391 - INFO - Found YouTube link ID: BbiiCIWZxHU
2026-05-02 11:24:54,391 - INFO - ➡️ 🕊️ Live Stream: https://youtube.com/live/BbiiCIWZxHU
2026-05-02 11:24:54,392 - INFO - Processing message ID: <660F1C74-5A6B-4C1B-BBCE-05E53BED615E@yahoo.com>
2026-05-02 11:24:54,474 - INFO - HTTP Request: GET https://api.agentmail.to/v0/inboxes/laumiex@agentmail.to/messages/%3C660F1C74-5A6B-4C1B-BBCE-05E53BED615E@yahoo.com%3E "HTTP/1.1 200 OK"
2026-05-02 11:24:54,476 - INFO - Subject: Fwd: 01/18 新澤西州宣恩堂中文主日崇拜連結
2026-05-02 11:24:54,476 - INFO - Message content: Fwd: 01/18 新澤西州宣恩堂中文主日崇拜連結 Sent from my iPhone

Begin forwarded message:

> From: CLGNJ Church of Living Grace <church@clgnj.org>
> Date: January 16, 2026 at 3:07:08 PM EST
> To: CLGNJ Church of Living Grace <church@clgnj.org>
> Subject: 01/18 新澤西州宣恩堂中文主日崇拜連結
> 
> ﻿
> 01/18 中文崇拜連結
> 
> https://youtube.com/live/BuunCbM2r14
> 
> 請參閱隨附 01/18 崇拜程序表 
Sent from my iPhone

Begin forwarded message:

> From: CLGNJ Church of Living Grace <church@clgnj.org>
> Date: January 16, 2026 at 3:07:08 PM EST
> To: CLGNJ Church of Living Grace <church@clgnj.org>
2026-05-02 11:24:54,476 - INFO - Found YouTube link ID: BuunCbM2r14
2026-05-02 11:24:54,476 - INFO - ➡️ 🕊️ Live Stream: https://youtube.com/live/BuunCbM2r14
2026-05-02 11:24:54,476 - INFO - Processing message ID: <CF815BF6-F0CF-42BC-8956-F9AEA2E7A053@yahoo.com>
2026-05-02 11:24:54,570 - INFO - HTTP Request: GET https://api.agentmail.to/v0/inboxes/laumiex@agentmail.to/messages/%3CCF815BF6-F0CF-42BC-8956-F9AEA2E7A053@yahoo.com%3E "HTTP/1.1 200 OK"
2026-05-02 11:24:54,573 - INFO - Subject: Fwd: 2/1 新澤西州宣恩堂中文主日崇拜連結
2026-05-02 11:24:54,573 - INFO - Message content: Fwd: 2/1 新澤西州宣恩堂中文主日崇拜連結 Sent from my iPhone

Begin forwarded message:

> From: CLGNJ Church of Living Grace <church@clgnj.org>
> Date: January 30, 2026 at 2:33:20 PM EST
> To: CLGNJ Church of Living Grace <church@clgnj.org>
> Subject: 2/1 新澤西州宣恩堂中文主日崇拜連結
> 
> ﻿
> 2/1 中文崇拜連結
> https://youtube.com/live/P-4jq8dyfq4
> 
> 請參閱隨附
> 1) 2/1 崇拜程序表
> 2) 宣教代禱信    - 2026年冬季
> 3) 團契動向 (2026年2月) 
Sent from my iPhone

Begin forwarded message:

> From: CLGNJ Church of Living Grace <church@clgnj.org>
> Date: January 30, 2026 at 2:33:20 PM EST
> To: CLGNJ Church of Living Grace <church@clgnj.org>
2026-05-02 11:24:54,573 - INFO - Found YouTube link ID: P-4jq8dyfq4
2026-05-02 11:24:54,573 - INFO - ➡️ 🕊️ Live Stream: https://youtube.com/live/P-4jq8dyfq4
2026-05-02 11:24:54,573 - INFO - Processing message ID: <E7CA10BA-6536-4481-BA1A-E0DAAFF3E63E@yahoo.com>
2026-05-02 11:24:54,655 - INFO - HTTP Request: GET https://api.agentmail.to/v0/inboxes/laumiex@agentmail.to/messages/%3CE7CA10BA-6536-4481-BA1A-E0DAAFF3E63E@yahoo.com%3E "HTTP/1.1 200 OK"
2026-05-02 11:24:54,660 - INFO - Subject: Fwd: 2/8 新澤西州宣恩堂中文主日崇拜連結
2026-05-02 11:24:54,661 - INFO - Message content: Fwd: 2/8 新澤西州宣恩堂中文主日崇拜連結 Sent from my iPhone

Begin forwarded message:

> From: CLGNJ Church of Living Grace <church@clgnj.org>
> Date: February 6, 2026 at 4:07:13 PM EST
> To: CLGNJ Church of Living Grace <church@clgnj.org>
> Subject: 2/8 新澤西州宣恩堂中文主日崇拜連結
> 
> ﻿
> 2/8 中文崇拜連結
> https://youtube.com/live/PQ6p13fngQE
> 
> 請參閱隨附 2/8 崇拜程序表 
Sent from my iPhone

Begin forwarded message:

> From: CLGNJ Church of Living Grace <church@clgnj.org>
> Date: February 6, 2026 at 4:07:13 PM EST
> To: CLGNJ Church of Living Grace <church@clgnj.org>
2026-05-02 11:24:54,661 - INFO - Found YouTube link ID: PQ6p13fngQE
2026-05-02 11:24:54,661 - INFO - ➡️ 🕊️ Live Stream: https://youtube.com/live/PQ6p13fngQE
2026-05-02 11:24:54,661 - INFO - Processing message ID: <06787DDD-1890-48CE-BA09-46B7B4AB7B53@yahoo.com>
2026-05-02 11:24:54,798 - INFO - HTTP Request: GET https://api.agentmail.to/v0/inboxes/laumiex@agentmail.to/messages/%3C06787DDD-1890-48CE-BA09-46B7B4AB7B53@yahoo.com%3E "HTTP/1.1 200 OK"
2026-05-02 11:24:54,801 - INFO - Subject: Fwd: 2/15 新澤西州宣恩堂中文主日崇拜連結
2026-05-02 11:24:54,801 - INFO - Message content: Fwd: 2/15 新澤西州宣恩堂中文主日崇拜連結 Sent from my iPhone

Begin forwarded message:

> From: CLGNJ Church of Living Grace <church@clgnj.org>
> Date: February 13, 2026 at 2:31:29 PM EST
> To: CLGNJ Church of Living Grace <church@clgnj.org>
> Subject: 2/15 新澤西州宣恩堂中文主日崇拜連結
> 
> ﻿
> 2/15 中文崇拜連結
> https://youtube.com/live/Lvcn0D2KIMM
> 
> 請參閱隨附 2/15 崇拜程序表 
Sent from my iPhone

Begin forwarded message:

> From: CLGNJ Church of Living Grace <church@clgnj.org>
> Date: February 13, 2026 at 2:31:29 PM EST
> To: CLGNJ Church of Living Grace <church@clgnj.org
2026-05-02 11:24:54,801 - INFO - Found YouTube link ID: Lvcn0D2KIMM
2026-05-02 11:24:54,802 - INFO - ➡️ 🕊️ Live Stream: https://youtube.com/live/Lvcn0D2KIMM
2026-05-02 11:24:54,802 - INFO - Processing message ID: <56406ED9-2A10-40A7-83ED-8CC1FDAD274D@yahoo.com>
2026-05-02 11:24:54,906 - INFO - HTTP Request: GET https://api.agentmail.to/v0/inboxes/laumiex@agentmail.to/messages/%3C56406ED9-2A10-40A7-83ED-8CC1FDAD274D@yahoo.com%3E "HTTP/1.1 200 OK"
2026-05-02 11:24:54,918 - INFO - Subject: Fwd: 11/6 新澤西州宣恩堂主日崇拜連結
2026-05-02 11:24:54,918 - INFO - Processing message ID: <F593F874-3F7A-47E7-8C65-3ED650CF0D68@yahoo.com>
2026-05-02 11:24:54,993 - INFO - HTTP Request: GET https://api.agentmail.to/v0/inboxes/laumiex@agentmail.to/messages/%3CF593F874-3F7A-47E7-8C65-3ED650CF0D68@yahoo.com%3E "HTTP/1.1 200 OK"
2026-05-02 11:24:54,998 - INFO - Subject: Fwd: URL for 11/30 CLGNJ English Sunday Worship Service
2026-05-02 11:24:54,999 - INFO - Processing message ID: <2ADA9175-EFDE-4BC4-A5F2-88C215B9BB8C@yahoo.com>
2026-05-02 11:24:55,106 - INFO - HTTP Request: GET https://api.agentmail.to/v0/inboxes/laumiex@agentmail.to/messages/%3C2ADA9175-EFDE-4BC4-A5F2-88C215B9BB8C@yahoo.com%3E "HTTP/1.1 200 OK"
2026-05-02 11:24:55,109 - INFO - Subject: Fwd: URL for 12/07 CLGNJ English Sunday Worship Service
2026-05-02 11:24:55,109 - INFO - Processing message ID: <0100019de2fb8445-a87a4925-92c2-42a5-9325-84d2287482af-000000@email.amazonses.com>
2026-05-02 11:24:55,196 - INFO - HTTP Request: GET https://api.agentmail.to/v0/inboxes/laumiex@agentmail.to/messages/%3C0100019de2fb8445-a87a4925-92c2-42a5-9325-84d2287482af-000000@email.amazonses.com%3E "HTTP/1.1 200 OK"
2026-05-02 11:24:55,197 - INFO - Subject: Hour-by-hour Weather Forecast for Today (°F)
2026-05-02 11:24:55,198 - INFO - Processing message ID: <040B1BD2-9311-49F9-99FE-16FC0CB7DC0A@yahoo.com>
2026-05-02 11:24:55,299 - INFO - HTTP Request: GET https://api.agentmail.to/v0/inboxes/laumiex@agentmail.to/messages/%3C040B1BD2-9311-49F9-99FE-16FC0CB7DC0A@yahoo.com%3E "HTTP/1.1 200 OK"
2026-05-02 11:24:55,302 - INFO - Subject: Fwd: URL for 9/8 CLGNJ English Sunday Worship Service
2026-05-02 11:24:55,303 - INFO - Processing message ID: <F72E2F6A-BF9C-4CB6-8952-CE27911B44D9@yahoo.com>
2026-05-02 11:24:55,423 - INFO - HTTP Request: GET https://api.agentmail.to/v0/inboxes/laumiex@agentmail.to/messages/%3CF72E2F6A-BF9C-4CB6-8952-CE27911B44D9@yahoo.com%3E "HTTP/1.1 200 OK"
2026-05-02 11:24:55,436 - INFO - Subject: Fwd: URL for 10/6 CLGNJ English Sunday Worship Service
2026-05-02 11:24:55,436 - INFO - Processing message ID: <EC1E18F1-5E4F-492D-B32C-5D3A942D7832@yahoo.com>
2026-05-02 11:24:55,534 - INFO - HTTP Request: GET https://api.agentmail.to/v0/inboxes/laumiex@agentmail.to/messages/%3CEC1E18F1-5E4F-492D-B32C-5D3A942D7832@yahoo.com%3E "HTTP/1.1 200 OK"
2026-05-02 11:24:55,545 - INFO - Subject: Fwd: URL for 9/15 CLGNJ English Sunday Worship Service
2026-05-02 11:24:55,549 - INFO - Processing message ID: <410346F5-7072-4C76-9052-DAE3456BE41B@yahoo.com>
2026-05-02 11:24:55,650 - INFO - HTTP Request: GET https://api.agentmail.to/v0/inboxes/laumiex@agentmail.to/messages/%3C410346F5-7072-4C76-9052-DAE3456BE41B@yahoo.com%3E "HTTP/1.1 200 OK"
2026-05-02 11:24:55,653 - INFO - Subject: Fwd: URL for 1/12 CLGNJ English Sunday Worship Service
2026-05-02 11:24:55,653 - INFO - Processing message ID: <93ADBB1E-0984-462F-B055-7CF1EC25EA78@yahoo.com>
2026-05-02 11:24:55,747 - INFO - HTTP Request: GET https://api.agentmail.to/v0/inboxes/laumiex@agentmail.to/messages/%3C93ADBB1E-0984-462F-B055-7CF1EC25EA78@yahoo.com%3E "HTTP/1.1 200 OK"
2026-05-02 11:24:55,749 - INFO - Subject: Fwd: URL for 12/14 CLGNJ English Sunday Worship Service
2026-05-02 11:24:55,749 - INFO - Processing message ID: <AEB7E19E-E363-47C6-A988-E754C5844F8D@yahoo.com>
2026-05-02 11:24:55,896 - INFO - HTTP Request: GET https://api.agentmail.to/v0/inboxes/laumiex@agentmail.to/messages/%3CAEB7E19E-E363-47C6-A988-E754C5844F8D@yahoo.com%3E "HTTP/1.1 200 OK"
2026-05-02 11:24:55,897 - INFO - Subject: Fwd: URL for 12/21 CLGNJ English Sunday Worship Service
2026-05-02 11:24:55,897 - INFO - Saving 8 sent links...
2026-05-02 11:24:55,898 - INFO - ✅ Sent 8 link(s)
2026-05-02 11:35:22,039 - INFO - HTTP Request: GET https://api.agentmail.to/v0/inboxes/laumiex@agentmail.to/messages?limit=20 "HTTP/1.1 200 OK"
2026-05-02 11:35:22,070 - INFO - 📧 Processing 20 emails...
2026-05-02 11:35:22,070 - INFO - Loading sent links...
2026-05-02 11:35:22,071 - INFO - Loaded 8 previously sent links
2026-05-02 11:35:22,071 - INFO - Processing message ID: <27873746-1170-475E-9C21-7CE95948A671@yahoo.com>
2026-05-02 11:35:22,163 - INFO - HTTP Request: GET https://api.agentmail.to/v0/inboxes/laumiex@agentmail.to/messages/%3C27873746-1170-475E-9C21-7CE95948A671@yahoo.com%3E "HTTP/1.1 200 OK"
2026-05-02 11:35:22,164 - INFO - Subject: Fwd: 12/07 新澤西州宣恩堂中文主日崇拜連結
2026-05-02 11:35:22,164 - INFO - Message content: Fwd: 12/07 新澤西州宣恩堂中文主日崇拜連結 Sent from my iPhone

Begin forwarded message:

> From: CLGNJ Church of Living Grace <church@clgnj.org>
> Date: December 5, 2025 at 6:41:47 PM EST
> To: CLGNJ Church of Living Grace <church@clgnj.org>
> Subject: 12/07 新澤西州宣恩堂中文主日崇拜連結
> 
> ﻿
> 12/07 中文崇拜連結
> 
> https://youtube.com/live/pTaOwItbyW8
> 
> 請參閱隨附
> 1) 12/07 崇拜程序表
> 2) 2026年事奉參與表 
Sent from my iPhone

Begin forwarded message:

> From: CLGNJ Church of Living Grace <church@clgnj.org>
> Date: December 5, 2025 at 6:41:47 PM EST
> To: CLGNJ Church of Living Grace <church@clgnj.org>
2026-05-02 11:35:22,165 - INFO - Found YouTube link ID: pTaOwItbyW8
2026-05-02 11:35:22,165 - INFO - ➡️ 🕊️ Live Stream: https://youtube.com/live/pTaOwItbyW8
2026-05-02 11:35:22,165 - INFO - Processing message ID: <22764553-180E-42BB-9898-BC855B10E550@yahoo.com>
2026-05-02 11:35:22,271 - INFO - HTTP Request: GET https://api.agentmail.to/v0/inboxes/laumiex@agentmail.to/messages/%3C22764553-180E-42BB-9898-BC855B10E550@yahoo.com%3E "HTTP/1.1 200 OK"
2026-05-02 11:35:22,272 - INFO - Subject: Fwd: 12/14 新澤西州宣恩堂中文主日崇拜連結
2026-05-02 11:35:22,272 - INFO - Message content: Fwd: 12/14 新澤西州宣恩堂中文主日崇拜連結 Sent from my iPhone

Begin forwarded message:

> From: CLGNJ Church of Living Grace <church@clgnj.org>
> Date: December 12, 2025 at 7:04:03 PM EST
> To: CLGNJ Church of Living Grace <church@clgnj.org>
> Subject: 12/14 新澤西州宣恩堂中文主日崇拜連結
> 
> ﻿
> 12/14 中文崇拜連結
> 
> https://youtube.com/live/0DYcAplUdNA
> 
> 請參閱隨附
> 1) 12/14 崇拜程序表
> 2) 2026年事奉參與表 
Sent from my iPhone

Begin forwarded message:

> From: CLGNJ Church of Living Grace <church@clgnj.org>
> Date: December 12, 2025 at 7:04:03 PM EST
> To: CLGNJ Church of Living Grace <church@clgnj.org
2026-05-02 11:35:22,273 - INFO - Found YouTube link ID: 0DYcAplUdNA
2026-05-02 11:35:22,273 - INFO - Processing message ID: <C3317370-D2F5-409D-8D13-85A2F90FC6DB@yahoo.com>
2026-05-02 11:35:22,374 - INFO - HTTP Request: GET https://api.agentmail.to/v0/inboxes/laumiex@agentmail.to/messages/%3CC3317370-D2F5-409D-8D13-85A2F90FC6DB@yahoo.com%3E "HTTP/1.1 200 OK"
2026-05-02 11:35:22,376 - INFO - Subject: Fwd: 5/3 新澤西州宣恩堂中文主日崇拜連結
2026-05-02 11:35:22,376 - INFO - Message content: Fwd: 5/3 新澤西州宣恩堂中文主日崇拜連結 Sent from my iPhone

Begin forwarded message:

> From: CLGNJ Church of Living Grace <church@clgnj.org>
> Date: May 1, 2026 at 2:35:21 PM EDT
> To: CLGNJ Church of Living Grace <church@clgnj.org>
> Subject: 5/3 新澤西州宣恩堂中文主日崇拜連結
> 
> ﻿
> 5/3 中文崇拜連結
> https://youtube.com/live/O8_i5yMRISo
> 
> 請參閱隨附
> 1) 5/3 崇拜程序表
> 2) 宣教代禱信    - 2026年春季 
Sent from my iPhone

Begin forwarded message:

> From: CLGNJ Church of Living Grace <church@clgnj.org>
> Date: May 1, 2026 at 2:35:21 PM EDT
> To: CLGNJ Church of Living Grace <church@clgnj.org>
> Su
2026-05-02 11:35:22,377 - INFO - Found YouTube link ID: O8_i5yMRISo
2026-05-02 11:35:22,377 - INFO - Processing message ID: <0100019de822820b-cbbf2f75-c1ed-469c-85df-98c1ab947266-000000@email.amazonses.com>
2026-05-02 11:35:22,477 - INFO - HTTP Request: GET https://api.agentmail.to/v0/inboxes/laumiex@agentmail.to/messages/%3C0100019de822820b-cbbf2f75-c1ed-469c-85df-98c1ab947266-000000@email.amazonses.com%3E "HTTP/1.1 200 OK"
2026-05-02 11:35:22,478 - INFO - Subject: Hour-by-hour Weather Forecast for Today (°F)
2026-05-02 11:35:22,478 - INFO - Processing message ID: <F5FDBF7F-24C1-41B6-9793-F672681D2827@yahoo.com>
2026-05-02 11:35:22,573 - INFO - HTTP Request: GET https://api.agentmail.to/v0/inboxes/laumiex@agentmail.to/messages/%3CF5FDBF7F-24C1-41B6-9793-F672681D2827@yahoo.com%3E "HTTP/1.1 200 OK"
2026-05-02 11:35:22,575 - INFO - Subject: Fwd: 01/11 新澤西州宣恩堂中文主日崇拜連結
2026-05-02 11:35:22,575 - INFO - Message content: Fwd: 01/11 新澤西州宣恩堂中文主日崇拜連結 Sent from my iPhone

Begin forwarded message:

> From: CLGNJ Church of Living Grace <church@clgnj.org>
> Date: January 9, 2026 at 2:44:36 PM EST
> To: CLGNJ Church of Living Grace <church@clgnj.org>
> Subject: 01/11 新澤西州宣恩堂中文主日崇拜連結
> 
> ﻿
> 01/11 中文崇拜連結
> 
> https://www.youtube.com/live/MJVjKbANX3s
> 
> 請參閱隨附 01/11 崇拜程序表 
Sent from my iPhone

Begin forwarded message:

> From: CLGNJ Church of Living Grace <church@clgnj.org>
> Date: January 9, 2026 at 2:44:36 PM EST
> To: CLGNJ Church of Living Grace <church@clgnj.org>

2026-05-02 11:35:22,575 - INFO - Found potential YouTube reference without a link: Fwd: 01/11 新澤西州宣恩堂中文主日崇拜連結 Sent from my iPhone

Begin forwarded message:

> From: CLGNJ Church of Li...
2026-05-02 11:35:22,576 - INFO - Processing message ID: <7E3878D1-7A25-4DB5-AB91-558C9CE7A009@yahoo.com>
2026-05-02 11:35:22,688 - INFO - HTTP Request: GET https://api.agentmail.to/v0/inboxes/laumiex@agentmail.to/messages/%3C7E3878D1-7A25-4DB5-AB91-558C9CE7A009@yahoo.com%3E "HTTP/1.1 200 OK"
2026-05-02 11:35:22,689 - INFO - Subject: Fwd: 12/21 新澤西州宣恩堂中文主日崇拜連結
2026-05-02 11:35:22,689 - INFO - Message content: Fwd: 12/21 新澤西州宣恩堂中文主日崇拜連結 Sent from my iPhone

Begin forwarded message:

> From: CLGNJ Church of Living Grace <church@clgnj.org>
> Date: December 19, 2025 at 3:37:23 PM EST
> To: CLGNJ Church of Living Grace <church@clgnj.org>
> Subject: 12/21 新澤西州宣恩堂中文主日崇拜連結
> 
> ﻿
> 12/21 中文崇拜連結
> 
> https://youtube.com/live/vJlaLkeSmYg
> 
> 請參閱隨附12/21 崇拜程序表 及 2026年宣恩堂行事曆 
> 
Sent from my iPhone

Begin forwarded message:

> From: CLGNJ Church of Living Grace <church@clgnj.org>
> Date: December 19, 2025 at 3:37:23 PM EST
> To: CLGNJ Church of Living Grace <church@clgnj.org
2026-05-02 11:35:22,689 - INFO - Found YouTube link ID: vJlaLkeSmYg
2026-05-02 11:35:22,690 - INFO - Processing message ID: <1DAA720E-E8A6-4C3D-98DA-141AE8AE8BF9@yahoo.com>
2026-05-02 11:35:22,786 - INFO - HTTP Request: GET https://api.agentmail.to/v0/inboxes/laumiex@agentmail.to/messages/%3C1DAA720E-E8A6-4C3D-98DA-141AE8AE8BF9@yahoo.com%3E "HTTP/1.1 200 OK"
2026-05-02 11:35:22,788 - INFO - Subject: Fwd: 12/28 新澤西州宣恩堂中文主日崇拜連結
2026-05-02 11:35:22,788 - INFO - Message content: Fwd: 12/28 新澤西州宣恩堂中文主日崇拜連結 Sent from my iPhone

Begin forwarded message:

> From: CLGNJ Church of Living Grace <church@clgnj.org>
> Date: December 26, 2025 at 3:06:15 PM EST
> To: CLGNJ Church of Living Grace <church@clgnj.org>
> Subject: 12/28 新澤西州宣恩堂中文主日崇拜連結
> 
> ﻿
> 12/28 中文崇拜連結
> 
> https://youtube.com/live/BbiiCIWZxHU
> 
> 請參閱隨附12/28 崇拜程序表, 歲終祈禱會程序表, 及團契動向 (2026年01月) 
Sent from my iPhone

Begin forwarded message:

> From: CLGNJ Church of Living Grace <church@clgnj.org>
> Date: December 26, 2025 at 3:06:15 PM EST
> To: CLGNJ Church of Living Grace <church@clgnj.org
2026-05-02 11:35:22,788 - INFO - Found YouTube link ID: BbiiCIWZxHU
2026-05-02 11:35:22,788 - INFO - Processing message ID: <660F1C74-5A6B-4C1B-BBCE-05E53BED615E@yahoo.com>
2026-05-02 11:35:22,887 - INFO - HTTP Request: GET https://api.agentmail.to/v0/inboxes/laumiex@agentmail.to/messages/%3C660F1C74-5A6B-4C1B-BBCE-05E53BED615E@yahoo.com%3E "HTTP/1.1 200 OK"
2026-05-02 11:35:22,888 - INFO - Subject: Fwd: 01/18 新澤西州宣恩堂中文主日崇拜連結
2026-05-02 11:35:22,888 - INFO - Message content: Fwd: 01/18 新澤西州宣恩堂中文主日崇拜連結 Sent from my iPhone

Begin forwarded message:

> From: CLGNJ Church of Living Grace <church@clgnj.org>
> Date: January 16, 2026 at 3:07:08 PM EST
> To: CLGNJ Church of Living Grace <church@clgnj.org>
> Subject: 01/18 新澤西州宣恩堂中文主日崇拜連結
> 
> ﻿
> 01/18 中文崇拜連結
> 
> https://youtube.com/live/BuunCbM2r14
> 
> 請參閱隨附 01/18 崇拜程序表 
Sent from my iPhone

Begin forwarded message:

> From: CLGNJ Church of Living Grace <church@clgnj.org>
> Date: January 16, 2026 at 3:07:08 PM EST
> To: CLGNJ Church of Living Grace <church@clgnj.org>
2026-05-02 11:35:22,888 - INFO - Found YouTube link ID: BuunCbM2r14
2026-05-02 11:35:22,888 - INFO - Processing message ID: <CF815BF6-F0CF-42BC-8956-F9AEA2E7A053@yahoo.com>
2026-05-02 11:35:22,992 - INFO - HTTP Request: GET https://api.agentmail.to/v0/inboxes/laumiex@agentmail.to/messages/%3CCF815BF6-F0CF-42BC-8956-F9AEA2E7A053@yahoo.com%3E "HTTP/1.1 200 OK"
2026-05-02 11:35:22,993 - INFO - Subject: Fwd: 2/1 新澤西州宣恩堂中文主日崇拜連結
2026-05-02 11:35:22,994 - INFO - Message content: Fwd: 2/1 新澤西州宣恩堂中文主日崇拜連結 Sent from my iPhone

Begin forwarded message:

> From: CLGNJ Church of Living Grace <church@clgnj.org>
> Date: January 30, 2026 at 2:33:20 PM EST
> To: CLGNJ Church of Living Grace <church@clgnj.org>
> Subject: 2/1 新澤西州宣恩堂中文主日崇拜連結
> 
> ﻿
> 2/1 中文崇拜連結
> https://youtube.com/live/P-4jq8dyfq4
> 
> 請參閱隨附
> 1) 2/1 崇拜程序表
> 2) 宣教代禱信    - 2026年冬季
> 3) 團契動向 (2026年2月) 
Sent from my iPhone

Begin forwarded message:

> From: CLGNJ Church of Living Grace <church@clgnj.org>
> Date: January 30, 2026 at 2:33:20 PM EST
> To: CLGNJ Church of Living Grace <church@clgnj.org>
2026-05-02 11:35:22,994 - INFO - Found YouTube link ID: P-4jq8dyfq4
2026-05-02 11:35:22,994 - INFO - Processing message ID: <E7CA10BA-6536-4481-BA1A-E0DAAFF3E63E@yahoo.com>
2026-05-02 11:35:23,083 - INFO - HTTP Request: GET https://api.agentmail.to/v0/inboxes/laumiex@agentmail.to/messages/%3CE7CA10BA-6536-4481-BA1A-E0DAAFF3E63E@yahoo.com%3E "HTTP/1.1 200 OK"
2026-05-02 11:35:23,084 - INFO - Subject: Fwd: 2/8 新澤西州宣恩堂中文主日崇拜連結
2026-05-02 11:35:23,084 - INFO - Message content: Fwd: 2/8 新澤西州宣恩堂中文主日崇拜連結 Sent from my iPhone

Begin forwarded message:

> From: CLGNJ Church of Living Grace <church@clgnj.org>
> Date: February 6, 2026 at 4:07:13 PM EST
> To: CLGNJ Church of Living Grace <church@clgnj.org>
> Subject: 2/8 新澤西州宣恩堂中文主日崇拜連結
> 
> ﻿
> 2/8 中文崇拜連結
> https://youtube.com/live/PQ6p13fngQE
> 
> 請參閱隨附 2/8 崇拜程序表 
Sent from my iPhone

Begin forwarded message:

> From: CLGNJ Church of Living Grace <church@clgnj.org>
> Date: February 6, 2026 at 4:07:13 PM EST
> To: CLGNJ Church of Living Grace <church@clgnj.org>
2026-05-02 11:35:23,084 - INFO - Found YouTube link ID: PQ6p13fngQE
2026-05-02 11:35:23,084 - INFO - Processing message ID: <06787DDD-1890-48CE-BA09-46B7B4AB7B53@yahoo.com>
2026-05-02 11:35:23,194 - INFO - HTTP Request: GET https://api.agentmail.to/v0/inboxes/laumiex@agentmail.to/messages/%3C06787DDD-1890-48CE-BA09-46B7B4AB7B53@yahoo.com%3E "HTTP/1.1 200 OK"
2026-05-02 11:35:23,195 - INFO - Subject: Fwd: 2/15 新澤西州宣恩堂中文主日崇拜連結
2026-05-02 11:35:23,195 - INFO - Message content: Fwd: 2/15 新澤西州宣恩堂中文主日崇拜連結 Sent from my iPhone

Begin forwarded message:

> From: CLGNJ Church of Living Grace <church@clgnj.org>
> Date: February 13, 2026 at 2:31:29 PM EST
> To: CLGNJ Church of Living Grace <church@clgnj.org>
> Subject: 2/15 新澤西州宣恩堂中文主日崇拜連結
> 
> ﻿
> 2/15 中文崇拜連結
> https://youtube.com/live/Lvcn0D2KIMM
> 
> 請參閱隨附 2/15 崇拜程序表 
Sent from my iPhone

Begin forwarded message:

> From: CLGNJ Church of Living Grace <church@clgnj.org>
> Date: February 13, 2026 at 2:31:29 PM EST
> To: CLGNJ Church of Living Grace <church@clgnj.org
2026-05-02 11:35:23,195 - INFO - Found YouTube link ID: Lvcn0D2KIMM
2026-05-02 11:35:23,195 - INFO - Processing message ID: <56406ED9-2A10-40A7-83ED-8CC1FDAD274D@yahoo.com>
2026-05-02 11:35:23,287 - INFO - HTTP Request: GET https://api.agentmail.to/v0/inboxes/laumiex@agentmail.to/messages/%3C56406ED9-2A10-40A7-83ED-8CC1FDAD274D@yahoo.com%3E "HTTP/1.1 200 OK"
2026-05-02 11:35:23,288 - INFO - Subject: Fwd: 11/6 新澤西州宣恩堂主日崇拜連結
2026-05-02 11:35:23,288 - INFO - Processing message ID: <F593F874-3F7A-47E7-8C65-3ED650CF0D68@yahoo.com>
2026-05-02 11:35:23,426 - INFO - HTTP Request: GET https://api.agentmail.to/v0/inboxes/laumiex@agentmail.to/messages/%3CF593F874-3F7A-47E7-8C65-3ED650CF0D68@yahoo.com%3E "HTTP/1.1 200 OK"
2026-05-02 11:35:23,428 - INFO - Subject: Fwd: URL for 11/30 CLGNJ English Sunday Worship Service
2026-05-02 11:35:23,428 - INFO - Processing message ID: <2ADA9175-EFDE-4BC4-A5F2-88C215B9BB8C@yahoo.com>
2026-05-02 11:35:23,554 - INFO - HTTP Request: GET https://api.agentmail.to/v0/inboxes/laumiex@agentmail.to/messages/%3C2ADA9175-EFDE-4BC4-A5F2-88C215B9BB8C@yahoo.com%3E "HTTP/1.1 200 OK"
2026-05-02 11:35:23,556 - INFO - Subject: Fwd: URL for 12/07 CLGNJ English Sunday Worship Service
2026-05-02 11:35:23,556 - INFO - Processing message ID: <0100019de2fb8445-a87a4925-92c2-42a5-9325-84d2287482af-000000@email.amazonses.com>
2026-05-02 11:35:23,642 - INFO - HTTP Request: GET https://api.agentmail.to/v0/inboxes/laumiex@agentmail.to/messages/%3C0100019de2fb8445-a87a4925-92c2-42a5-9325-84d2287482af-000000@email.amazonses.com%3E "HTTP/1.1 200 OK"
2026-05-02 11:35:23,643 - INFO - Subject: Hour-by-hour Weather Forecast for Today (°F)
2026-05-02 11:35:23,643 - INFO - Processing message ID: <040B1BD2-9311-49F9-99FE-16FC0CB7DC0A@yahoo.com>
2026-05-02 11:35:23,715 - INFO - HTTP Request: GET https://api.agentmail.to/v0/inboxes/laumiex@agentmail.to/messages/%3C040B1BD2-9311-49F9-99FE-16FC0CB7DC0A@yahoo.com%3E "HTTP/1.1 200 OK"
2026-05-02 11:35:23,717 - INFO - Subject: Fwd: URL for 9/8 CLGNJ English Sunday Worship Service
2026-05-02 11:35:23,717 - INFO - Processing message ID: <F72E2F6A-BF9C-4CB6-8952-CE27911B44D9@yahoo.com>
2026-05-02 11:35:23,853 - INFO - HTTP Request: GET https://api.agentmail.to/v0/inboxes/laumiex@agentmail.to/messages/%3CF72E2F6A-BF9C-4CB6-8952-CE27911B44D9@yahoo.com%3E "HTTP/1.1 200 OK"
2026-05-02 11:35:23,854 - INFO - Subject: Fwd: URL for 10/6 CLGNJ English Sunday Worship Service
2026-05-02 11:35:23,854 - INFO - Processing message ID: <EC1E18F1-5E4F-492D-B32C-5D3A942D7832@yahoo.com>
2026-05-02 11:35:23,975 - INFO - HTTP Request: GET https://api.agentmail.to/v0/inboxes/laumiex@agentmail.to/messages/%3CEC1E18F1-5E4F-492D-B32C-5D3A942D7832@yahoo.com%3E "HTTP/1.1 200 OK"
2026-05-02 11:35:23,976 - INFO - Subject: Fwd: URL for 9/15 CLGNJ English Sunday Worship Service
2026-05-02 11:35:23,977 - INFO - Processing message ID: <410346F5-7072-4C76-9052-DAE3456BE41B@yahoo.com>
2026-05-02 11:35:24,049 - INFO - HTTP Request: GET https://api.agentmail.to/v0/inboxes/laumiex@agentmail.to/messages/%3C410346F5-7072-4C76-9052-DAE3456BE41B@yahoo.com%3E "HTTP/1.1 200 OK"
2026-05-02 11:35:24,050 - INFO - Subject: Fwd: URL for 1/12 CLGNJ English Sunday Worship Service
2026-05-02 11:35:24,051 - INFO - Processing message ID: <93ADBB1E-0984-462F-B055-7CF1EC25EA78@yahoo.com>
2026-05-02 11:35:24,123 - INFO - HTTP Request: GET https://api.agentmail.to/v0/inboxes/laumiex@agentmail.to/messages/%3C93ADBB1E-0984-462F-B055-7CF1EC25EA78@yahoo.com%3E "HTTP/1.1 200 OK"
2026-05-02 11:35:24,126 - INFO - Subject: Fwd: URL for 12/14 CLGNJ English Sunday Worship Service
2026-05-02 11:35:24,126 - INFO - Saving 9 sent links...
2026-05-02 11:35:24,127 - INFO - ✅ Sent 1 link(s)
2026-05-02 11:41:05,452 - INFO - HTTP Request: GET https://api.agentmail.to/v0/inboxes/laumiex@agentmail.to/messages?limit=20 "HTTP/1.1 200 OK"
2026-05-02 11:41:05,482 - INFO - 📧 Processing 20 emails...
2026-05-02 11:41:05,482 - INFO - Loading sent links...
2026-05-02 11:41:05,482 - INFO - Loaded 9 previously sent links
2026-05-02 11:41:05,482 - INFO - Processing message ID: <27873746-1170-475E-9C21-7CE95948A671@yahoo.com>
2026-05-02 11:41:05,594 - INFO - HTTP Request: GET https://api.agentmail.to/v0/inboxes/laumiex@agentmail.to/messages/%3C27873746-1170-475E-9C21-7CE95948A671@yahoo.com%3E "HTTP/1.1 200 OK"
2026-05-02 11:41:05,595 - INFO - Subject: Fwd: 12/07 新澤西州宣恩堂中文主日崇拜連結
2026-05-02 11:41:05,595 - INFO - Message content: Fwd: 12/07 新澤西州宣恩堂中文主日崇拜連結 Sent from my iPhone

Begin forwarded message:

> From: CLGNJ Church of Living Grace <church@clgnj.org>
> Date: December 5, 2025 at 6:41:47 PM EST
> To: CLGNJ Church of Living Grace <church@clgnj.org>
> Subject: 12/07 新澤西州宣恩堂中文主日崇拜連結
> 
> ﻿
> 12/07 中文崇拜連結
> 
> https://youtube.com/live/pTaOwItbyW8
> 
> 請參閱隨附
> 1) 12/07 崇拜程序表
> 2) 2026年事奉參與表 
Sent from my iPhone

Begin forwarded message:

> From: CLGNJ Church of Living Grace <church@clgnj.org>
> Date: December 5, 2025 at 6:41:47 PM EST
> To: CLGNJ Church of Living Grace <church@clgnj.org>
2026-05-02 11:41:05,596 - INFO - Found YouTube link ID: pTaOwItbyW8
2026-05-02 11:41:05,596 - INFO - Processing message ID: <22764553-180E-42BB-9898-BC855B10E550@yahoo.com>
2026-05-02 11:41:05,705 - INFO - HTTP Request: GET https://api.agentmail.to/v0/inboxes/laumiex@agentmail.to/messages/%3C22764553-180E-42BB-9898-BC855B10E550@yahoo.com%3E "HTTP/1.1 200 OK"
2026-05-02 11:41:05,706 - INFO - Subject: Fwd: 12/14 新澤西州宣恩堂中文主日崇拜連結
2026-05-02 11:41:05,706 - INFO - Message content: Fwd: 12/14 新澤西州宣恩堂中文主日崇拜連結 Sent from my iPhone

Begin forwarded message:

> From: CLGNJ Church of Living Grace <church@clgnj.org>
> Date: December 12, 2025 at 7:04:03 PM EST
> To: CLGNJ Church of Living Grace <church@clgnj.org>
> Subject: 12/14 新澤西州宣恩堂中文主日崇拜連結
> 
> ﻿
> 12/14 中文崇拜連結
> 
> https://youtube.com/live/0DYcAplUdNA
> 
> 請參閱隨附
> 1) 12/14 崇拜程序表
> 2) 2026年事奉參與表 
Sent from my iPhone

Begin forwarded message:

> From: CLGNJ Church of Living Grace <church@clgnj.org>
> Date: December 12, 2025 at 7:04:03 PM EST
> To: CLGNJ Church of Living Grace <church@clgnj.org
2026-05-02 11:41:05,706 - INFO - Found YouTube link ID: 0DYcAplUdNA
2026-05-02 11:41:05,707 - INFO - Processing message ID: <C3317370-D2F5-409D-8D13-85A2F90FC6DB@yahoo.com>
2026-05-02 11:41:05,871 - INFO - HTTP Request: GET https://api.agentmail.to/v0/inboxes/laumiex@agentmail.to/messages/%3CC3317370-D2F5-409D-8D13-85A2F90FC6DB@yahoo.com%3E "HTTP/1.1 200 OK"
2026-05-02 11:41:05,872 - INFO - Subject: Fwd: 5/3 新澤西州宣恩堂中文主日崇拜連結
2026-05-02 11:41:05,873 - INFO - Message content: Fwd: 5/3 新澤西州宣恩堂中文主日崇拜連結 Sent from my iPhone

Begin forwarded message:

> From: CLGNJ Church of Living Grace <church@clgnj.org>
> Date: May 1, 2026 at 2:35:21 PM EDT
> To: CLGNJ Church of Living Grace <church@clgnj.org>
> Subject: 5/3 新澤西州宣恩堂中文主日崇拜連結
> 
> ﻿
> 5/3 中文崇拜連結
> https://youtube.com/live/O8_i5yMRISo
> 
> 請參閱隨附
> 1) 5/3 崇拜程序表
> 2) 宣教代禱信    - 2026年春季 
Sent from my iPhone

Begin forwarded message:

> From: CLGNJ Church of Living Grace <church@clgnj.org>
> Date: May 1, 2026 at 2:35:21 PM EDT
> To: CLGNJ Church of Living Grace <church@clgnj.org>
> Su
2026-05-02 11:41:05,873 - INFO - Found YouTube link ID: O8_i5yMRISo
2026-05-02 11:41:05,873 - INFO - Processing message ID: <0100019de822820b-cbbf2f75-c1ed-469c-85df-98c1ab947266-000000@email.amazonses.com>
2026-05-02 11:41:05,948 - INFO - HTTP Request: GET https://api.agentmail.to/v0/inboxes/laumiex@agentmail.to/messages/%3C0100019de822820b-cbbf2f75-c1ed-469c-85df-98c1ab947266-000000@email.amazonses.com%3E "HTTP/1.1 200 OK"
2026-05-02 11:41:05,949 - INFO - Subject: Hour-by-hour Weather Forecast for Today (°F)
2026-05-02 11:41:05,949 - INFO - Processing message ID: <F5FDBF7F-24C1-41B6-9793-F672681D2827@yahoo.com>
2026-05-02 11:41:06,038 - INFO - HTTP Request: GET https://api.agentmail.to/v0/inboxes/laumiex@agentmail.to/messages/%3CF5FDBF7F-24C1-41B6-9793-F672681D2827@yahoo.com%3E "HTTP/1.1 200 OK"
2026-05-02 11:41:06,041 - INFO - Subject: Fwd: 01/11 新澤西州宣恩堂中文主日崇拜連結
2026-05-02 11:41:06,041 - INFO - Message content: Fwd: 01/11 新澤西州宣恩堂中文主日崇拜連結 Sent from my iPhone

Begin forwarded message:

> From: CLGNJ Church of Living Grace <church@clgnj.org>
> Date: January 9, 2026 at 2:44:36 PM EST
> To: CLGNJ Church of Living Grace <church@clgnj.org>
> Subject: 01/11 新澤西州宣恩堂中文主日崇拜連結
> 
> ﻿
> 01/11 中文崇拜連結
> 
> https://www.youtube.com/live/MJVjKbANX3s
> 
> 請參閱隨附 01/11 崇拜程序表 
Sent from my iPhone

Begin forwarded message:

> From: CLGNJ Church of Living Grace <church@clgnj.org>
> Date: January 9, 2026 at 2:44:36 PM EST
> To: CLGNJ Church of Living Grace <church@clgnj.org>

2026-05-02 11:41:06,041 - INFO - Found potential YouTube reference without a link: Fwd: 01/11 新澤西州宣恩堂中文主日崇拜連結 Sent from my iPhone

Begin forwarded message:

> From: CLGNJ Church of Li...
2026-05-02 11:41:06,041 - INFO - Processing message ID: <7E3878D1-7A25-4DB5-AB91-558C9CE7A009@yahoo.com>
2026-05-02 11:41:06,120 - INFO - HTTP Request: GET https://api.agentmail.to/v0/inboxes/laumiex@agentmail.to/messages/%3C7E3878D1-7A25-4DB5-AB91-558C9CE7A009@yahoo.com%3E "HTTP/1.1 200 OK"
2026-05-02 11:41:06,122 - INFO - Subject: Fwd: 12/21 新澤西州宣恩堂中文主日崇拜連結
2026-05-02 11:41:06,122 - INFO - Message content: Fwd: 12/21 新澤西州宣恩堂中文主日崇拜連結 Sent from my iPhone

Begin forwarded message:

> From: CLGNJ Church of Living Grace <church@clgnj.org>
> Date: December 19, 2025 at 3:37:23 PM EST
> To: CLGNJ Church of Living Grace <church@clgnj.org>
> Subject: 12/21 新澤西州宣恩堂中文主日崇拜連結
> 
> ﻿
> 12/21 中文崇拜連結
> 
> https://youtube.com/live/vJlaLkeSmYg
> 
> 請參閱隨附12/21 崇拜程序表 及 2026年宣恩堂行事曆 
> 
Sent from my iPhone

Begin forwarded message:

> From: CLGNJ Church of Living Grace <church@clgnj.org>
> Date: December 19, 2025 at 3:37:23 PM EST
> To: CLGNJ Church of Living Grace <church@clgnj.org
2026-05-02 11:41:06,122 - INFO - Found YouTube link ID: vJlaLkeSmYg
2026-05-02 11:41:06,123 - INFO - Processing message ID: <1DAA720E-E8A6-4C3D-98DA-141AE8AE8BF9@yahoo.com>
2026-05-02 11:41:06,265 - INFO - HTTP Request: GET https://api.agentmail.to/v0/inboxes/laumiex@agentmail.to/messages/%3C1DAA720E-E8A6-4C3D-98DA-141AE8AE8BF9@yahoo.com%3E "HTTP/1.1 200 OK"
2026-05-02 11:41:06,267 - INFO - Subject: Fwd: 12/28 新澤西州宣恩堂中文主日崇拜連結
2026-05-02 11:41:06,267 - INFO - Message content: Fwd: 12/28 新澤西州宣恩堂中文主日崇拜連結 Sent from my iPhone

Begin forwarded message:

> From: CLGNJ Church of Living Grace <church@clgnj.org>
> Date: December 26, 2025 at 3:06:15 PM EST
> To: CLGNJ Church of Living Grace <church@clgnj.org>
> Subject: 12/28 新澤西州宣恩堂中文主日崇拜連結
> 
> ﻿
> 12/28 中文崇拜連結
> 
> https://youtube.com/live/BbiiCIWZxHU
> 
> 請參閱隨附12/28 崇拜程序表, 歲終祈禱會程序表, 及團契動向 (2026年01月) 
Sent from my iPhone

Begin forwarded message:

> From: CLGNJ Church of Living Grace <church@clgnj.org>
> Date: December 26, 2025 at 3:06:15 PM EST
> To: CLGNJ Church of Living Grace <church@clgnj.org
2026-05-02 11:41:06,267 - INFO - Found YouTube link ID: BbiiCIWZxHU
2026-05-02 11:41:06,267 - INFO - Processing message ID: <660F1C74-5A6B-4C1B-BBCE-05E53BED615E@yahoo.com>
2026-05-02 11:41:06,344 - INFO - HTTP Request: GET https://api.agentmail.to/v0/inboxes/laumiex@agentmail.to/messages/%3C660F1C74-5A6B-4C1B-BBCE-05E53BED615E@yahoo.com%3E "HTTP/1.1 200 OK"
2026-05-02 11:41:06,346 - INFO - Subject: Fwd: 01/18 新澤西州宣恩堂中文主日崇拜連結
2026-05-02 11:41:06,346 - INFO - Message content: Fwd: 01/18 新澤西州宣恩堂中文主日崇拜連結 Sent from my iPhone

Begin forwarded message:

> From: CLGNJ Church of Living Grace <church@clgnj.org>
> Date: January 16, 2026 at 3:07:08 PM EST
> To: CLGNJ Church of Living Grace <church@clgnj.org>
> Subject: 01/18 新澤西州宣恩堂中文主日崇拜連結
> 
> ﻿
> 01/18 中文崇拜連結
> 
> https://youtube.com/live/BuunCbM2r14
> 
> 請參閱隨附 01/18 崇拜程序表 
Sent from my iPhone

Begin forwarded message:

> From: CLGNJ Church of Living Grace <church@clgnj.org>
> Date: January 16, 2026 at 3:07:08 PM EST
> To: CLGNJ Church of Living Grace <church@clgnj.org>
2026-05-02 11:41:06,346 - INFO - Found YouTube link ID: BuunCbM2r14
2026-05-02 11:41:06,346 - INFO - Processing message ID: <CF815BF6-F0CF-42BC-8956-F9AEA2E7A053@yahoo.com>
2026-05-02 11:41:06,445 - INFO - HTTP Request: GET https://api.agentmail.to/v0/inboxes/laumiex@agentmail.to/messages/%3CCF815BF6-F0CF-42BC-8956-F9AEA2E7A053@yahoo.com%3E "HTTP/1.1 200 OK"
2026-05-02 11:41:06,446 - INFO - Subject: Fwd: 2/1 新澤西州宣恩堂中文主日崇拜連結
2026-05-02 11:41:06,447 - INFO - Message content: Fwd: 2/1 新澤西州宣恩堂中文主日崇拜連結 Sent from my iPhone

Begin forwarded message:

> From: CLGNJ Church of Living Grace <church@clgnj.org>
> Date: January 30, 2026 at 2:33:20 PM EST
> To: CLGNJ Church of Living Grace <church@clgnj.org>
> Subject: 2/1 新澤西州宣恩堂中文主日崇拜連結
> 
> ﻿
> 2/1 中文崇拜連結
> https://youtube.com/live/P-4jq8dyfq4
> 
> 請參閱隨附
> 1) 2/1 崇拜程序表
> 2) 宣教代禱信    - 2026年冬季
> 3) 團契動向 (2026年2月) 
Sent from my iPhone

Begin forwarded message:

> From: CLGNJ Church of Living Grace <church@clgnj.org>
> Date: January 30, 2026 at 2:33:20 PM EST
> To: CLGNJ Church of Living Grace <church@clgnj.org>
2026-05-02 11:41:06,447 - INFO - Found YouTube link ID: P-4jq8dyfq4
2026-05-02 11:41:06,447 - INFO - Processing message ID: <E7CA10BA-6536-4481-BA1A-E0DAAFF3E63E@yahoo.com>
2026-05-02 11:41:06,522 - INFO - HTTP Request: GET https://api.agentmail.to/v0/inboxes/laumiex@agentmail.to/messages/%3CE7CA10BA-6536-4481-BA1A-E0DAAFF3E63E@yahoo.com%3E "HTTP/1.1 200 OK"
2026-05-02 11:41:06,523 - INFO - Subject: Fwd: 2/8 新澤西州宣恩堂中文主日崇拜連結
2026-05-02 11:41:06,523 - INFO - Message content: Fwd: 2/8 新澤西州宣恩堂中文主日崇拜連結 Sent from my iPhone

Begin forwarded message:

> From: CLGNJ Church of Living Grace <church@clgnj.org>
> Date: February 6, 2026 at 4:07:13 PM EST
> To: CLGNJ Church of Living Grace <church@clgnj.org>
> Subject: 2/8 新澤西州宣恩堂中文主日崇拜連結
> 
> ﻿
> 2/8 中文崇拜連結
> https://youtube.com/live/PQ6p13fngQE
> 
> 請參閱隨附 2/8 崇拜程序表 
Sent from my iPhone

Begin forwarded message:

> From: CLGNJ Church of Living Grace <church@clgnj.org>
> Date: February 6, 2026 at 4:07:13 PM EST
> To: CLGNJ Church of Living Grace <church@clgnj.org>
2026-05-02 11:41:06,523 - INFO - Found YouTube link ID: PQ6p13fngQE
2026-05-02 11:41:06,523 - INFO - Processing message ID: <06787DDD-1890-48CE-BA09-46B7B4AB7B53@yahoo.com>
2026-05-02 11:41:06,618 - INFO - HTTP Request: GET https://api.agentmail.to/v0/inboxes/laumiex@agentmail.to/messages/%3C06787DDD-1890-48CE-BA09-46B7B4AB7B53@yahoo.com%3E "HTTP/1.1 200 OK"
2026-05-02 11:41:06,620 - INFO - Subject: Fwd: 2/15 新澤西州宣恩堂中文主日崇拜連結
2026-05-02 11:41:06,620 - INFO - Message content: Fwd: 2/15 新澤西州宣恩堂中文主日崇拜連結 Sent from my iPhone

Begin forwarded message:

> From: CLGNJ Church of Living Grace <church@clgnj.org>
> Date: February 13, 2026 at 2:31:29 PM EST
> To: CLGNJ Church of Living Grace <church@clgnj.org>
> Subject: 2/15 新澤西州宣恩堂中文主日崇拜連結
> 
> ﻿
> 2/15 中文崇拜連結
> https://youtube.com/live/Lvcn0D2KIMM
> 
> 請參閱隨附 2/15 崇拜程序表 
Sent from my iPhone

Begin forwarded message:

> From: CLGNJ Church of Living Grace <church@clgnj.org>
> Date: February 13, 2026 at 2:31:29 PM EST
> To: CLGNJ Church of Living Grace <church@clgnj.org
2026-05-02 11:41:06,621 - INFO - Found YouTube link ID: Lvcn0D2KIMM
2026-05-02 11:41:06,621 - INFO - Processing message ID: <56406ED9-2A10-40A7-83ED-8CC1FDAD274D@yahoo.com>
2026-05-02 11:41:06,699 - INFO - HTTP Request: GET https://api.agentmail.to/v0/inboxes/laumiex@agentmail.to/messages/%3C56406ED9-2A10-40A7-83ED-8CC1FDAD274D@yahoo.com%3E "HTTP/1.1 200 OK"
2026-05-02 11:41:06,700 - INFO - Subject: Fwd: 11/6 新澤西州宣恩堂主日崇拜連結
2026-05-02 11:41:06,701 - INFO - Processing message ID: <F593F874-3F7A-47E7-8C65-3ED650CF0D68@yahoo.com>
2026-05-02 11:41:06,780 - INFO - HTTP Request: GET https://api.agentmail.to/v0/inboxes/laumiex@agentmail.to/messages/%3CF593F874-3F7A-47E7-8C65-3ED650CF0D68@yahoo.com%3E "HTTP/1.1 200 OK"
2026-05-02 11:41:06,787 - INFO - Subject: Fwd: URL for 11/30 CLGNJ English Sunday Worship Service
2026-05-02 11:41:06,789 - INFO - Processing message ID: <2ADA9175-EFDE-4BC4-A5F2-88C215B9BB8C@yahoo.com>
2026-05-02 11:41:06,912 - INFO - HTTP Request: GET https://api.agentmail.to/v0/inboxes/laumiex@agentmail.to/messages/%3C2ADA9175-EFDE-4BC4-A5F2-88C215B9BB8C@yahoo.com%3E "HTTP/1.1 200 OK"
2026-05-02 11:41:06,917 - INFO - Subject: Fwd: URL for 12/07 CLGNJ English Sunday Worship Service
2026-05-02 11:41:06,920 - INFO - Processing message ID: <0100019de2fb8445-a87a4925-92c2-42a5-9325-84d2287482af-000000@email.amazonses.com>
2026-05-02 11:41:07,003 - INFO - HTTP Request: GET https://api.agentmail.to/v0/inboxes/laumiex@agentmail.to/messages/%3C0100019de2fb8445-a87a4925-92c2-42a5-9325-84d2287482af-000000@email.amazonses.com%3E "HTTP/1.1 200 OK"
2026-05-02 11:41:07,004 - INFO - Subject: Hour-by-hour Weather Forecast for Today (°F)
2026-05-02 11:41:07,004 - INFO - Processing message ID: <040B1BD2-9311-49F9-99FE-16FC0CB7DC0A@yahoo.com>
2026-05-02 11:41:07,096 - INFO - HTTP Request: GET https://api.agentmail.to/v0/inboxes/laumiex@agentmail.to/messages/%3C040B1BD2-9311-49F9-99FE-16FC0CB7DC0A@yahoo.com%3E "HTTP/1.1 200 OK"
2026-05-02 11:41:07,098 - INFO - Subject: Fwd: URL for 9/8 CLGNJ English Sunday Worship Service
2026-05-02 11:41:07,098 - INFO - Processing message ID: <F72E2F6A-BF9C-4CB6-8952-CE27911B44D9@yahoo.com>
2026-05-02 11:41:07,195 - INFO - HTTP Request: GET https://api.agentmail.to/v0/inboxes/laumiex@agentmail.to/messages/%3CF72E2F6A-BF9C-4CB6-8952-CE27911B44D9@yahoo.com%3E "HTTP/1.1 200 OK"
2026-05-02 11:41:07,196 - INFO - Subject: Fwd: URL for 10/6 CLGNJ English Sunday Worship Service
2026-05-02 11:41:07,196 - INFO - Processing message ID: <EC1E18F1-5E4F-492D-B32C-5D3A942D7832@yahoo.com>
2026-05-02 11:41:07,278 - INFO - HTTP Request: GET https://api.agentmail.to/v0/inboxes/laumiex@agentmail.to/messages/%3CEC1E18F1-5E4F-492D-B32C-5D3A942D7832@yahoo.com%3E "HTTP/1.1 200 OK"
2026-05-02 11:41:07,279 - INFO - Subject: Fwd: URL for 9/15 CLGNJ English Sunday Worship Service
2026-05-02 11:41:07,279 - INFO - Processing message ID: <410346F5-7072-4C76-9052-DAE3456BE41B@yahoo.com>
2026-05-02 11:41:07,439 - INFO - HTTP Request: GET https://api.agentmail.to/v0/inboxes/laumiex@agentmail.to/messages/%3C410346F5-7072-4C76-9052-DAE3456BE41B@yahoo.com%3E "HTTP/1.1 200 OK"
2026-05-02 11:41:07,441 - INFO - Subject: Fwd: URL for 1/12 CLGNJ English Sunday Worship Service
2026-05-02 11:41:07,441 - INFO - Processing message ID: <93ADBB1E-0984-462F-B055-7CF1EC25EA78@yahoo.com>
2026-05-02 11:41:07,535 - INFO - HTTP Request: GET https://api.agentmail.to/v0/inboxes/laumiex@agentmail.to/messages/%3C93ADBB1E-0984-462F-B055-7CF1EC25EA78@yahoo.com%3E "HTTP/1.1 200 OK"
2026-05-02 11:41:07,537 - INFO - Subject: Fwd: URL for 12/14 CLGNJ English Sunday Worship Service
2026-05-02 11:41:07,537 - INFO - ℹ️ No new links found
2026-05-02 11:51:12,510 - INFO - HTTP Request: GET https://api.agentmail.to/v0/inboxes/laumiex@agentmail.to/messages?limit=20 "HTTP/1.1 200 OK"
2026-05-02 11:51:12,543 - INFO - 📧 Processing 20 emails...
2026-05-02 11:51:12,543 - INFO - Loading sent links...
2026-05-02 11:51:12,543 - INFO - Loaded 9 previously sent links
2026-05-02 11:51:12,543 - INFO - Processing message ID: <797218A6-4A17-4B87-B429-61B02C7183AD@yahoo.com>
2026-05-02 11:51:12,653 - INFO - HTTP Request: GET https://api.agentmail.to/v0/inboxes/laumiex@agentmail.to/messages/%3C797218A6-4A17-4B87-B429-61B02C7183AD@yahoo.com%3E "HTTP/1.1 200 OK"
2026-05-02 11:51:12,658 - INFO - Subject: Fwd: 11/30 新澤西州宣恩堂中文主日崇拜連結
2026-05-02 11:51:12,658 - INFO - Message content: Fwd: 11/30 新澤西州宣恩堂中文主日崇拜連結 <html class="apple-mail-supports-explicit-dark-mode"><head><meta content="text/html; charset=utf-8" /></head><body><br /><div>Sent from my iPhone</div><div><br />Begin forwarded message:<br /><br /></div><blockquote><div><b>From:</b> CLGNJ Church of Living Grace &lt;church@clgnj.org&gt;<br /><b>Date:</b> November 28, 2025 at 3:52:25 PM EST<br /><b>To:</b> CLGNJ Church of Living Grace &lt;church@clgnj.org&gt;<br /><b>Subject:</b> <b>Fwd: 11/30 新澤西州宣恩堂中文主日崇拜連結</b><br /><br /></div></blockquote><blockquote><div>﻿<div><b><span style="font-size:12.5pt;font-family:&quot;Yu Gothic UI&quot;,sans-serif">更</span></b><b><span style="font-size:12.5pt;font-family:&quot;Yu Gothic UI&quot;,sans-serif">新中文臨期每日靈修讀經計劃</span></b><br /><div class="gmail_quote gmail_quote_container"><div class="gmail_attr">---------- Forwarded message ---------<br />From: <strong class="gmail_sendername">CLGNJ Church of Living Grace</strong> <span>&lt;<a href="mailto:church@clgnj.org">church@clgnj.org</a>&gt;</span><br />Date: Fri, Nov 28, 2025 at 3:44 PM<br />Subject: Fwd: 11/30 新澤西州宣恩堂中文主日崇拜連結<br />To: CLGNJ Church of Living Grace &lt;<a href="mailto:church@clgnj.org">church@clgnj.org</a>&gt;<br /></div><br /><br /><div><b><span style="font-size:12.5pt;font-family:&quot;Yu Gothic UI&quot;,sans-serif">中文臨期每日靈修讀經計劃</span></b><br /><div class="gmail_quote"><div class="gmail_attr">---------- Forwarded message ---------<br />From: <strong class="gmail_sendername">CLGNJ Church of Living Grace</strong> <span>&lt;<a href="mailto:church@clgnj.org" target="_blank">church@clgnj.org</a>&gt;</span><br />Date: Fri, Nov 28, 2025 at 3:18 PM<br />Subject: 11/30 新澤西州宣恩堂中文主日崇拜連結<br />To: CLGNJ Church of Living Grace &lt;<a href="mailto:church@clgnj.org" target="_blank">church@clgnj.org</a>&gt;<br /></div><br /><br /><div><div><div><b>11/30</b><b> 中文崇拜連結</b></div><div><br /></div><div><a href="https://youtube.com/live/efS7N7nWXmk" style="font-family:Calibri,Helvetica,sans-serif;font-size:16px" target="_blank">https://youtube.com/live/efS7N7nWXmk</a></div><div><br /></div><div><b>請參閱隨附</b></div><div><b>1) 11/30 崇拜程序表</b></div><div><b>2) </b><b>2026<span>年事奉參與表</span></b></div><div><b><span>3) </span></b><b><span>臨期每日靈修讀經計劃</span></b></div><div><b style="font-family:arial,sans-serif;font-size:large">4) </b><b style="font-family:arial,sans-serif;font-size:large">團契動向 (2025年12月)</b><b><span></span></b></div></div>
</div>
</div></div>
</div></div>
</div></blockquote></body></html><br />
<html class="apple-mail-supports-explicit-dark-mode"><body><head><meta content="text/html; charset=us-ascii" /></head><blockquote><div></div></blockquote></body></html><br />
<html class="apple-mail-supports-explicit-dark-mode"><body><head><meta content="text/html; charset=us-ascii" /></head><blockquote><div></div></blockquote></body></html><br />
<html class="apple-mail-supports-explicit-dark-mode"><body><head><meta content="text/html; charset=us-ascii" /></head><blockquote><div></div></blockquote></body></html><br />
<html class="apple-mail-supports-explicit-dark-mode"><head><meta content="text/html; charset=us-ascii" /></head><body><blockquote><div></div></blockquote></body></html>
2026-05-02 11:51:12,659 - INFO - Found YouTube link ID: efS7N7nWXmk
2026-05-02 11:51:12,659 - INFO - ➡️ 🕊️ Live Stream: https://youtube.com/live/efS7N7nWXmk
2026-05-02 11:51:12,659 - INFO - Found YouTube link ID: efS7N7nWXmk
2026-05-02 11:51:12,659 - INFO - Processing message ID: <27873746-1170-475E-9C21-7CE95948A671@yahoo.com>
2026-05-02 11:51:12,761 - INFO - HTTP Request: GET https://api.agentmail.to/v0/inboxes/laumiex@agentmail.to/messages/%3C27873746-1170-475E-9C21-7CE95948A671@yahoo.com%3E "HTTP/1.1 200 OK"
2026-05-02 11:51:12,763 - INFO - Subject: Fwd: 12/07 新澤西州宣恩堂中文主日崇拜連結
2026-05-02 11:51:12,763 - INFO - Message content: Fwd: 12/07 新澤西州宣恩堂中文主日崇拜連結 Sent from my iPhone

Begin forwarded message:

> From: CLGNJ Church of Living Grace <church@clgnj.org>
> Date: December 5, 2025 at 6:41:47 PM EST
> To: CLGNJ Church of Living Grace <church@clgnj.org>
> Subject: 12/07 新澤西州宣恩堂中文主日崇拜連結
> 
> ﻿
> 12/07 中文崇拜連結
> 
> https://youtube.com/live/pTaOwItbyW8
> 
> 請參閱隨附
> 1) 12/07 崇拜程序表
> 2) 2026年事奉參與表 
Sent from my iPhone

Begin forwarded message:

> From: CLGNJ Church of Living Grace <church@clgnj.org>
> Date: December 5, 2025 at 6:41:47 PM EST
> To: CLGNJ Church of Living Grace <church@clgnj.org>
2026-05-02 11:51:12,763 - INFO - Found YouTube link ID: pTaOwItbyW8
2026-05-02 11:51:12,763 - INFO - Processing message ID: <22764553-180E-42BB-9898-BC855B10E550@yahoo.com>
2026-05-02 11:51:12,891 - INFO - HTTP Request: GET https://api.agentmail.to/v0/inboxes/laumiex@agentmail.to/messages/%3C22764553-180E-42BB-9898-BC855B10E550@yahoo.com%3E "HTTP/1.1 200 OK"
2026-05-02 11:51:12,894 - INFO - Subject: Fwd: 12/14 新澤西州宣恩堂中文主日崇拜連結
2026-05-02 11:51:12,894 - INFO - Message content: Fwd: 12/14 新澤西州宣恩堂中文主日崇拜連結 Sent from my iPhone

Begin forwarded message:

> From: CLGNJ Church of Living Grace <church@clgnj.org>
> Date: December 12, 2025 at 7:04:03 PM EST
> To: CLGNJ Church of Living Grace <church@clgnj.org>
> Subject: 12/14 新澤西州宣恩堂中文主日崇拜連結
> 
> ﻿
> 12/14 中文崇拜連結
> 
> https://youtube.com/live/0DYcAplUdNA
> 
> 請參閱隨附
> 1) 12/14 崇拜程序表
> 2) 2026年事奉參與表 
Sent from my iPhone

Begin forwarded message:

> From: CLGNJ Church of Living Grace <church@clgnj.org>
> Date: December 12, 2025 at 7:04:03 PM EST
> To: CLGNJ Church of Living Grace <church@clgnj.org
2026-05-02 11:51:12,894 - INFO - Found YouTube link ID: 0DYcAplUdNA
2026-05-02 11:51:12,895 - INFO - Processing message ID: <C3317370-D2F5-409D-8D13-85A2F90FC6DB@yahoo.com>
2026-05-02 11:51:13,048 - INFO - HTTP Request: GET https://api.agentmail.to/v0/inboxes/laumiex@agentmail.to/messages/%3CC3317370-D2F5-409D-8D13-85A2F90FC6DB@yahoo.com%3E "HTTP/1.1 200 OK"
2026-05-02 11:51:13,051 - INFO - Subject: Fwd: 5/3 新澤西州宣恩堂中文主日崇拜連結
2026-05-02 11:51:13,051 - INFO - Message content: Fwd: 5/3 新澤西州宣恩堂中文主日崇拜連結 Sent from my iPhone

Begin forwarded message:

> From: CLGNJ Church of Living Grace <church@clgnj.org>
> Date: May 1, 2026 at 2:35:21 PM EDT
> To: CLGNJ Church of Living Grace <church@clgnj.org>
> Subject: 5/3 新澤西州宣恩堂中文主日崇拜連結
> 
> ﻿
> 5/3 中文崇拜連結
> https://youtube.com/live/O8_i5yMRISo
> 
> 請參閱隨附
> 1) 5/3 崇拜程序表
> 2) 宣教代禱信    - 2026年春季 
Sent from my iPhone

Begin forwarded message:

> From: CLGNJ Church of Living Grace <church@clgnj.org>
> Date: May 1, 2026 at 2:35:21 PM EDT
> To: CLGNJ Church of Living Grace <church@clgnj.org>
> Su
2026-05-02 11:51:13,052 - INFO - Found YouTube link ID: O8_i5yMRISo
2026-05-02 11:51:13,052 - INFO - Processing message ID: <0100019de822820b-cbbf2f75-c1ed-469c-85df-98c1ab947266-000000@email.amazonses.com>
2026-05-02 11:51:13,147 - INFO - HTTP Request: GET https://api.agentmail.to/v0/inboxes/laumiex@agentmail.to/messages/%3C0100019de822820b-cbbf2f75-c1ed-469c-85df-98c1ab947266-000000@email.amazonses.com%3E "HTTP/1.1 200 OK"
2026-05-02 11:51:13,148 - INFO - Subject: Hour-by-hour Weather Forecast for Today (°F)
2026-05-02 11:51:13,152 - INFO - Processing message ID: <F5FDBF7F-24C1-41B6-9793-F672681D2827@yahoo.com>
2026-05-02 11:51:13,225 - INFO - HTTP Request: GET https://api.agentmail.to/v0/inboxes/laumiex@agentmail.to/messages/%3CF5FDBF7F-24C1-41B6-9793-F672681D2827@yahoo.com%3E "HTTP/1.1 200 OK"
2026-05-02 11:51:13,227 - INFO - Subject: Fwd: 01/11 新澤西州宣恩堂中文主日崇拜連結
2026-05-02 11:51:13,230 - INFO - Message content: Fwd: 01/11 新澤西州宣恩堂中文主日崇拜連結 Sent from my iPhone

Begin forwarded message:

> From: CLGNJ Church of Living Grace <church@clgnj.org>
> Date: January 9, 2026 at 2:44:36 PM EST
> To: CLGNJ Church of Living Grace <church@clgnj.org>
> Subject: 01/11 新澤西州宣恩堂中文主日崇拜連結
> 
> ﻿
> 01/11 中文崇拜連結
> 
> https://www.youtube.com/live/MJVjKbANX3s
> 
> 請參閱隨附 01/11 崇拜程序表 
Sent from my iPhone

Begin forwarded message:

> From: CLGNJ Church of Living Grace <church@clgnj.org>
> Date: January 9, 2026 at 2:44:36 PM EST
> To: CLGNJ Church of Living Grace <church@clgnj.org>

2026-05-02 11:51:13,231 - INFO - Found potential YouTube reference without a link: Fwd: 01/11 新澤西州宣恩堂中文主日崇拜連結 Sent from my iPhone

Begin forwarded message:

> From: CLGNJ Church of Li...
2026-05-02 11:51:13,231 - INFO - Processing message ID: <7E3878D1-7A25-4DB5-AB91-558C9CE7A009@yahoo.com>
2026-05-02 11:51:13,363 - INFO - HTTP Request: GET https://api.agentmail.to/v0/inboxes/laumiex@agentmail.to/messages/%3C7E3878D1-7A25-4DB5-AB91-558C9CE7A009@yahoo.com%3E "HTTP/1.1 200 OK"
2026-05-02 11:51:13,370 - INFO - Subject: Fwd: 12/21 新澤西州宣恩堂中文主日崇拜連結
2026-05-02 11:51:13,370 - INFO - Message content: Fwd: 12/21 新澤西州宣恩堂中文主日崇拜連結 Sent from my iPhone

Begin forwarded message:

> From: CLGNJ Church of Living Grace <church@clgnj.org>
> Date: December 19, 2025 at 3:37:23 PM EST
> To: CLGNJ Church of Living Grace <church@clgnj.org>
> Subject: 12/21 新澤西州宣恩堂中文主日崇拜連結
> 
> ﻿
> 12/21 中文崇拜連結
> 
> https://youtube.com/live/vJlaLkeSmYg
> 
> 請參閱隨附12/21 崇拜程序表 及 2026年宣恩堂行事曆 
> 
Sent from my iPhone

Begin forwarded message:

> From: CLGNJ Church of Living Grace <church@clgnj.org>
> Date: December 19, 2025 at 3:37:23 PM EST
> To: CLGNJ Church of Living Grace <church@clgnj.org
2026-05-02 11:51:13,370 - INFO - Found YouTube link ID: vJlaLkeSmYg
2026-05-02 11:51:13,371 - INFO - Processing message ID: <1DAA720E-E8A6-4C3D-98DA-141AE8AE8BF9@yahoo.com>
2026-05-02 11:51:13,453 - INFO - HTTP Request: GET https://api.agentmail.to/v0/inboxes/laumiex@agentmail.to/messages/%3C1DAA720E-E8A6-4C3D-98DA-141AE8AE8BF9@yahoo.com%3E "HTTP/1.1 200 OK"
2026-05-02 11:51:13,456 - INFO - Subject: Fwd: 12/28 新澤西州宣恩堂中文主日崇拜連結
2026-05-02 11:51:13,456 - INFO - Message content: Fwd: 12/28 新澤西州宣恩堂中文主日崇拜連結 Sent from my iPhone

Begin forwarded message:

> From: CLGNJ Church of Living Grace <church@clgnj.org>
> Date: December 26, 2025 at 3:06:15 PM EST
> To: CLGNJ Church of Living Grace <church@clgnj.org>
> Subject: 12/28 新澤西州宣恩堂中文主日崇拜連結
> 
> ﻿
> 12/28 中文崇拜連結
> 
> https://youtube.com/live/BbiiCIWZxHU
> 
> 請參閱隨附12/28 崇拜程序表, 歲終祈禱會程序表, 及團契動向 (2026年01月) 
Sent from my iPhone

Begin forwarded message:

> From: CLGNJ Church of Living Grace <church@clgnj.org>
> Date: December 26, 2025 at 3:06:15 PM EST
> To: CLGNJ Church of Living Grace <church@clgnj.org
2026-05-02 11:51:13,456 - INFO - Found YouTube link ID: BbiiCIWZxHU
2026-05-02 11:51:13,456 - INFO - Processing message ID: <660F1C74-5A6B-4C1B-BBCE-05E53BED615E@yahoo.com>
2026-05-02 11:51:13,548 - INFO - HTTP Request: GET https://api.agentmail.to/v0/inboxes/laumiex@agentmail.to/messages/%3C660F1C74-5A6B-4C1B-BBCE-05E53BED615E@yahoo.com%3E "HTTP/1.1 200 OK"
2026-05-02 11:51:13,550 - INFO - Subject: Fwd: 01/18 新澤西州宣恩堂中文主日崇拜連結
2026-05-02 11:51:13,551 - INFO - Message content: Fwd: 01/18 新澤西州宣恩堂中文主日崇拜連結 Sent from my iPhone

Begin forwarded message:

> From: CLGNJ Church of Living Grace <church@clgnj.org>
> Date: January 16, 2026 at 3:07:08 PM EST
> To: CLGNJ Church of Living Grace <church@clgnj.org>
> Subject: 01/18 新澤西州宣恩堂中文主日崇拜連結
> 
> ﻿
> 01/18 中文崇拜連結
> 
> https://youtube.com/live/BuunCbM2r14
> 
> 請參閱隨附 01/18 崇拜程序表 
Sent from my iPhone

Begin forwarded message:

> From: CLGNJ Church of Living Grace <church@clgnj.org>
> Date: January 16, 2026 at 3:07:08 PM EST
> To: CLGNJ Church of Living Grace <church@clgnj.org>
2026-05-02 11:51:13,551 - INFO - Found YouTube link ID: BuunCbM2r14
2026-05-02 11:51:13,551 - INFO - Processing message ID: <CF815BF6-F0CF-42BC-8956-F9AEA2E7A053@yahoo.com>
2026-05-02 11:51:13,631 - INFO - HTTP Request: GET https://api.agentmail.to/v0/inboxes/laumiex@agentmail.to/messages/%3CCF815BF6-F0CF-42BC-8956-F9AEA2E7A053@yahoo.com%3E "HTTP/1.1 200 OK"
2026-05-02 11:51:13,634 - INFO - Subject: Fwd: 2/1 新澤西州宣恩堂中文主日崇拜連結
2026-05-02 11:51:13,634 - INFO - Message content: Fwd: 2/1 新澤西州宣恩堂中文主日崇拜連結 Sent from my iPhone

Begin forwarded message:

> From: CLGNJ Church of Living Grace <church@clgnj.org>
> Date: January 30, 2026 at 2:33:20 PM EST
> To: CLGNJ Church of Living Grace <church@clgnj.org>
> Subject: 2/1 新澤西州宣恩堂中文主日崇拜連結
> 
> ﻿
> 2/1 中文崇拜連結
> https://youtube.com/live/P-4jq8dyfq4
> 
> 請參閱隨附
> 1) 2/1 崇拜程序表
> 2) 宣教代禱信    - 2026年冬季
> 3) 團契動向 (2026年2月) 
Sent from my iPhone

Begin forwarded message:

> From: CLGNJ Church of Living Grace <church@clgnj.org>
> Date: January 30, 2026 at 2:33:20 PM EST
> To: CLGNJ Church of Living Grace <church@clgnj.org>
2026-05-02 11:51:13,635 - INFO - Found YouTube link ID: P-4jq8dyfq4
2026-05-02 11:51:13,635 - INFO - Processing message ID: <E7CA10BA-6536-4481-BA1A-E0DAAFF3E63E@yahoo.com>
2026-05-02 11:51:13,732 - INFO - HTTP Request: GET https://api.agentmail.to/v0/inboxes/laumiex@agentmail.to/messages/%3CE7CA10BA-6536-4481-BA1A-E0DAAFF3E63E@yahoo.com%3E "HTTP/1.1 200 OK"
2026-05-02 11:51:13,733 - INFO - Subject: Fwd: 2/8 新澤西州宣恩堂中文主日崇拜連結
2026-05-02 11:51:13,734 - INFO - Message content: Fwd: 2/8 新澤西州宣恩堂中文主日崇拜連結 Sent from my iPhone

Begin forwarded message:

> From: CLGNJ Church of Living Grace <church@clgnj.org>
> Date: February 6, 2026 at 4:07:13 PM EST
> To: CLGNJ Church of Living Grace <church@clgnj.org>
> Subject: 2/8 新澤西州宣恩堂中文主日崇拜連結
> 
> ﻿
> 2/8 中文崇拜連結
> https://youtube.com/live/PQ6p13fngQE
> 
> 請參閱隨附 2/8 崇拜程序表 
Sent from my iPhone

Begin forwarded message:

> From: CLGNJ Church of Living Grace <church@clgnj.org>
> Date: February 6, 2026 at 4:07:13 PM EST
> To: CLGNJ Church of Living Grace <church@clgnj.org>
2026-05-02 11:51:13,734 - INFO - Found YouTube link ID: PQ6p13fngQE
2026-05-02 11:51:13,734 - INFO - Processing message ID: <06787DDD-1890-48CE-BA09-46B7B4AB7B53@yahoo.com>
2026-05-02 11:51:13,828 - INFO - HTTP Request: GET https://api.agentmail.to/v0/inboxes/laumiex@agentmail.to/messages/%3C06787DDD-1890-48CE-BA09-46B7B4AB7B53@yahoo.com%3E "HTTP/1.1 200 OK"
2026-05-02 11:51:13,830 - INFO - Subject: Fwd: 2/15 新澤西州宣恩堂中文主日崇拜連結
2026-05-02 11:51:13,831 - INFO - Message content: Fwd: 2/15 新澤西州宣恩堂中文主日崇拜連結 Sent from my iPhone

Begin forwarded message:

> From: CLGNJ Church of Living Grace <church@clgnj.org>
> Date: February 13, 2026 at 2:31:29 PM EST
> To: CLGNJ Church of Living Grace <church@clgnj.org>
> Subject: 2/15 新澤西州宣恩堂中文主日崇拜連結
> 
> ﻿
> 2/15 中文崇拜連結
> https://youtube.com/live/Lvcn0D2KIMM
> 
> 請參閱隨附 2/15 崇拜程序表 
Sent from my iPhone

Begin forwarded message:

> From: CLGNJ Church of Living Grace <church@clgnj.org>
> Date: February 13, 2026 at 2:31:29 PM EST
> To: CLGNJ Church of Living Grace <church@clgnj.org
2026-05-02 11:51:13,831 - INFO - Found YouTube link ID: Lvcn0D2KIMM
2026-05-02 11:51:13,831 - INFO - Processing message ID: <56406ED9-2A10-40A7-83ED-8CC1FDAD274D@yahoo.com>
2026-05-02 11:51:13,937 - INFO - HTTP Request: GET https://api.agentmail.to/v0/inboxes/laumiex@agentmail.to/messages/%3C56406ED9-2A10-40A7-83ED-8CC1FDAD274D@yahoo.com%3E "HTTP/1.1 200 OK"
2026-05-02 11:51:13,938 - INFO - Subject: Fwd: 11/6 新澤西州宣恩堂主日崇拜連結
2026-05-02 11:51:13,939 - INFO - Processing message ID: <F593F874-3F7A-47E7-8C65-3ED650CF0D68@yahoo.com>
2026-05-02 11:51:14,038 - INFO - HTTP Request: GET https://api.agentmail.to/v0/inboxes/laumiex@agentmail.to/messages/%3CF593F874-3F7A-47E7-8C65-3ED650CF0D68@yahoo.com%3E "HTTP/1.1 200 OK"
2026-05-02 11:51:14,041 - INFO - Subject: Fwd: URL for 11/30 CLGNJ English Sunday Worship Service
2026-05-02 11:51:14,041 - INFO - Processing message ID: <2ADA9175-EFDE-4BC4-A5F2-88C215B9BB8C@yahoo.com>
2026-05-02 11:51:14,123 - INFO - HTTP Request: GET https://api.agentmail.to/v0/inboxes/laumiex@agentmail.to/messages/%3C2ADA9175-EFDE-4BC4-A5F2-88C215B9BB8C@yahoo.com%3E "HTTP/1.1 200 OK"
2026-05-02 11:51:14,126 - INFO - Subject: Fwd: URL for 12/07 CLGNJ English Sunday Worship Service
2026-05-02 11:51:14,126 - INFO - Processing message ID: <0100019de2fb8445-a87a4925-92c2-42a5-9325-84d2287482af-000000@email.amazonses.com>
2026-05-02 11:51:14,274 - INFO - HTTP Request: GET https://api.agentmail.to/v0/inboxes/laumiex@agentmail.to/messages/%3C0100019de2fb8445-a87a4925-92c2-42a5-9325-84d2287482af-000000@email.amazonses.com%3E "HTTP/1.1 200 OK"
2026-05-02 11:51:14,280 - INFO - Subject: Hour-by-hour Weather Forecast for Today (°F)
2026-05-02 11:51:14,280 - INFO - Processing message ID: <040B1BD2-9311-49F9-99FE-16FC0CB7DC0A@yahoo.com>
2026-05-02 11:51:14,366 - INFO - HTTP Request: GET https://api.agentmail.to/v0/inboxes/laumiex@agentmail.to/messages/%3C040B1BD2-9311-49F9-99FE-16FC0CB7DC0A@yahoo.com%3E "HTTP/1.1 200 OK"
2026-05-02 11:51:14,367 - INFO - Subject: Fwd: URL for 9/8 CLGNJ English Sunday Worship Service
2026-05-02 11:51:14,367 - INFO - Processing message ID: <F72E2F6A-BF9C-4CB6-8952-CE27911B44D9@yahoo.com>
2026-05-02 11:51:14,508 - INFO - HTTP Request: GET https://api.agentmail.to/v0/inboxes/laumiex@agentmail.to/messages/%3CF72E2F6A-BF9C-4CB6-8952-CE27911B44D9@yahoo.com%3E "HTTP/1.1 200 OK"
2026-05-02 11:51:14,510 - INFO - Subject: Fwd: URL for 10/6 CLGNJ English Sunday Worship Service
2026-05-02 11:51:14,510 - INFO - Processing message ID: <EC1E18F1-5E4F-492D-B32C-5D3A942D7832@yahoo.com>
2026-05-02 11:51:14,624 - INFO - HTTP Request: GET https://api.agentmail.to/v0/inboxes/laumiex@agentmail.to/messages/%3CEC1E18F1-5E4F-492D-B32C-5D3A942D7832@yahoo.com%3E "HTTP/1.1 200 OK"
2026-05-02 11:51:14,625 - INFO - Subject: Fwd: URL for 9/15 CLGNJ English Sunday Worship Service
2026-05-02 11:51:14,626 - INFO - Processing message ID: <410346F5-7072-4C76-9052-DAE3456BE41B@yahoo.com>
2026-05-02 11:51:14,843 - INFO - HTTP Request: GET https://api.agentmail.to/v0/inboxes/laumiex@agentmail.to/messages/%3C410346F5-7072-4C76-9052-DAE3456BE41B@yahoo.com%3E "HTTP/1.1 200 OK"
2026-05-02 11:51:14,845 - INFO - Subject: Fwd: URL for 1/12 CLGNJ English Sunday Worship Service
2026-05-02 11:51:14,845 - INFO - Saving 10 sent links...
2026-05-02 11:51:14,846 - INFO - ✅ Sent 1 link(s)
2026-05-02 12:01:15,178 - INFO - HTTP Request: GET https://api.agentmail.to/v0/inboxes/laumiex@agentmail.to/messages?limit=20 "HTTP/1.1 200 OK"
2026-05-02 12:01:15,223 - INFO - 📧 Processing 20 emails...
2026-05-02 12:01:15,224 - INFO - Loading sent links...
2026-05-02 12:01:15,224 - INFO - Loaded 10 previously sent links, 0 processed message IDs
2026-05-02 12:01:15,224 - INFO - Processing message ID: <797218A6-4A17-4B87-B429-61B02C7183AD@yahoo.com>
2026-05-02 12:01:15,319 - INFO - HTTP Request: GET https://api.agentmail.to/v0/inboxes/laumiex@agentmail.to/messages/%3C797218A6-4A17-4B87-B429-61B02C7183AD@yahoo.com%3E "HTTP/1.1 200 OK"
2026-05-02 12:01:15,321 - INFO - Subject: Fwd: 11/30 新澤西州宣恩堂中文主日崇拜連結
2026-05-02 12:01:15,321 - INFO - Message content: Fwd: 11/30 新澤西州宣恩堂中文主日崇拜連結 <html class="apple-mail-supports-explicit-dark-mode"><head><meta content="text/html; charset=utf-8" /></head><body><br /><div>Sent from my iPhone</div><div><br />Begin forwarded message:<br /><br /></div><blockquote><div><b>From:</b> CLGNJ Church of Living Grace &lt;church@clgnj.org&gt;<br /><b>Date:</b> November 28, 2025 at 3:52:25 PM EST<br /><b>To:</b> CLGNJ Church of Living Grace &lt;church@clgnj.org&gt;<br /><b>Subject:</b> <b>Fwd: 11/30 新澤西州宣恩堂中文主日崇拜連結</b><br /><br /></div></blockquote><blockquote><div>﻿<div><b><span style="font-size:12.5pt;font-family:&quot;Yu Gothic UI&quot;,sans-serif">更</span></b><b><span style="font-size:12.5pt;font-family:&quot;Yu Gothic UI&quot;,sans-serif">新中文臨期每日靈修讀經計劃</span></b><br /><div class="gmail_quote gmail_quote_container"><div class="gmail_attr">---------- Forwarded message ---------<br />From: <strong class="gmail_sendername">CLGNJ Church of Living Grace</strong> <span>&lt;<a href="mailto:church@clgnj.org">church@clgnj.org</a>&gt;</span><br />Date: Fri, Nov 28, 2025 at 3:44 PM<br />Subject: Fwd: 11/30 新澤西州宣恩堂中文主日崇拜連結<br />To: CLGNJ Church of Living Grace &lt;<a href="mailto:church@clgnj.org">church@clgnj.org</a>&gt;<br /></div><br /><br /><div><b><span style="font-size:12.5pt;font-family:&quot;Yu Gothic UI&quot;,sans-serif">中文臨期每日靈修讀經計劃</span></b><br /><div class="gmail_quote"><div class="gmail_attr">---------- Forwarded message ---------<br />From: <strong class="gmail_sendername">CLGNJ Church of Living Grace</strong> <span>&lt;<a href="mailto:church@clgnj.org" target="_blank">church@clgnj.org</a>&gt;</span><br />Date: Fri, Nov 28, 2025 at 3:18 PM<br />Subject: 11/30 新澤西州宣恩堂中文主日崇拜連結<br />To: CLGNJ Church of Living Grace &lt;<a href="mailto:church@clgnj.org" target="_blank">church@clgnj.org</a>&gt;<br /></div><br /><br /><div><div><div><b>11/30</b><b> 中文崇拜連結</b></div><div><br /></div><div><a href="https://youtube.com/live/efS7N7nWXmk" style="font-family:Calibri,Helvetica,sans-serif;font-size:16px" target="_blank">https://youtube.com/live/efS7N7nWXmk</a></div><div><br /></div><div><b>請參閱隨附</b></div><div><b>1) 11/30 崇拜程序表</b></div><div><b>2) </b><b>2026<span>年事奉參與表</span></b></div><div><b><span>3) </span></b><b><span>臨期每日靈修讀經計劃</span></b></div><div><b style="font-family:arial,sans-serif;font-size:large">4) </b><b style="font-family:arial,sans-serif;font-size:large">團契動向 (2025年12月)</b><b><span></span></b></div></div>
</div>
</div></div>
</div></div>
</div></blockquote></body></html><br />
<html class="apple-mail-supports-explicit-dark-mode"><body><head><meta content="text/html; charset=us-ascii" /></head><blockquote><div></div></blockquote></body></html><br />
<html class="apple-mail-supports-explicit-dark-mode"><body><head><meta content="text/html; charset=us-ascii" /></head><blockquote><div></div></blockquote></body></html><br />
<html class="apple-mail-supports-explicit-dark-mode"><body><head><meta content="text/html; charset=us-ascii" /></head><blockquote><div></div></blockquote></body></html><br />
<html class="apple-mail-supports-explicit-dark-mode"><head><meta content="text/html; charset=us-ascii" /></head><body><blockquote><div></div></blockquote></body></html>
2026-05-02 12:01:15,322 - INFO - Found YouTube link ID: efS7N7nWXmk
2026-05-02 12:01:15,322 - INFO - Found YouTube link ID: efS7N7nWXmk
2026-05-02 12:01:15,322 - INFO - Processing message ID: <27873746-1170-475E-9C21-7CE95948A671@yahoo.com>
2026-05-02 12:01:15,436 - INFO - HTTP Request: GET https://api.agentmail.to/v0/inboxes/laumiex@agentmail.to/messages/%3C27873746-1170-475E-9C21-7CE95948A671@yahoo.com%3E "HTTP/1.1 200 OK"
2026-05-02 12:01:15,438 - INFO - Subject: Fwd: 12/07 新澤西州宣恩堂中文主日崇拜連結
2026-05-02 12:01:15,438 - INFO - Message content: Fwd: 12/07 新澤西州宣恩堂中文主日崇拜連結 Sent from my iPhone

Begin forwarded message:

> From: CLGNJ Church of Living Grace <church@clgnj.org>
> Date: December 5, 2025 at 6:41:47 PM EST
> To: CLGNJ Church of Living Grace <church@clgnj.org>
> Subject: 12/07 新澤西州宣恩堂中文主日崇拜連結
> 
> ﻿
> 12/07 中文崇拜連結
> 
> https://youtube.com/live/pTaOwItbyW8
> 
> 請參閱隨附
> 1) 12/07 崇拜程序表
> 2) 2026年事奉參與表 
Sent from my iPhone

Begin forwarded message:

> From: CLGNJ Church of Living Grace <church@clgnj.org>
> Date: December 5, 2025 at 6:41:47 PM EST
> To: CLGNJ Church of Living Grace <church@clgnj.org>
2026-05-02 12:01:15,438 - INFO - Found YouTube link ID: pTaOwItbyW8
2026-05-02 12:01:15,438 - INFO - Processing message ID: <22764553-180E-42BB-9898-BC855B10E550@yahoo.com>
2026-05-02 12:01:15,553 - INFO - HTTP Request: GET https://api.agentmail.to/v0/inboxes/laumiex@agentmail.to/messages/%3C22764553-180E-42BB-9898-BC855B10E550@yahoo.com%3E "HTTP/1.1 200 OK"
2026-05-02 12:01:15,555 - INFO - Subject: Fwd: 12/14 新澤西州宣恩堂中文主日崇拜連結
2026-05-02 12:01:15,555 - INFO - Message content: Fwd: 12/14 新澤西州宣恩堂中文主日崇拜連結 Sent from my iPhone

Begin forwarded message:

> From: CLGNJ Church of Living Grace <church@clgnj.org>
> Date: December 12, 2025 at 7:04:03 PM EST
> To: CLGNJ Church of Living Grace <church@clgnj.org>
> Subject: 12/14 新澤西州宣恩堂中文主日崇拜連結
> 
> ﻿
> 12/14 中文崇拜連結
> 
> https://youtube.com/live/0DYcAplUdNA
> 
> 請參閱隨附
> 1) 12/14 崇拜程序表
> 2) 2026年事奉參與表 
Sent from my iPhone

Begin forwarded message:

> From: CLGNJ Church of Living Grace <church@clgnj.org>
> Date: December 12, 2025 at 7:04:03 PM EST
> To: CLGNJ Church of Living Grace <church@clgnj.org
2026-05-02 12:01:15,556 - INFO - Found YouTube link ID: 0DYcAplUdNA
2026-05-02 12:01:15,556 - INFO - Processing message ID: <C3317370-D2F5-409D-8D13-85A2F90FC6DB@yahoo.com>
2026-05-02 12:01:15,663 - INFO - HTTP Request: GET https://api.agentmail.to/v0/inboxes/laumiex@agentmail.to/messages/%3CC3317370-D2F5-409D-8D13-85A2F90FC6DB@yahoo.com%3E "HTTP/1.1 200 OK"
2026-05-02 12:01:15,666 - INFO - Subject: Fwd: 5/3 新澤西州宣恩堂中文主日崇拜連結
2026-05-02 12:01:15,666 - INFO - Message content: Fwd: 5/3 新澤西州宣恩堂中文主日崇拜連結 Sent from my iPhone

Begin forwarded message:

> From: CLGNJ Church of Living Grace <church@clgnj.org>
> Date: May 1, 2026 at 2:35:21 PM EDT
> To: CLGNJ Church of Living Grace <church@clgnj.org>
> Subject: 5/3 新澤西州宣恩堂中文主日崇拜連結
> 
> ﻿
> 5/3 中文崇拜連結
> https://youtube.com/live/O8_i5yMRISo
> 
> 請參閱隨附
> 1) 5/3 崇拜程序表
> 2) 宣教代禱信    - 2026年春季 
Sent from my iPhone

Begin forwarded message:

> From: CLGNJ Church of Living Grace <church@clgnj.org>
> Date: May 1, 2026 at 2:35:21 PM EDT
> To: CLGNJ Church of Living Grace <church@clgnj.org>
> Su
2026-05-02 12:01:15,666 - INFO - Found YouTube link ID: O8_i5yMRISo
2026-05-02 12:01:15,666 - INFO - Processing message ID: <0100019de822820b-cbbf2f75-c1ed-469c-85df-98c1ab947266-000000@email.amazonses.com>
2026-05-02 12:01:15,741 - INFO - HTTP Request: GET https://api.agentmail.to/v0/inboxes/laumiex@agentmail.to/messages/%3C0100019de822820b-cbbf2f75-c1ed-469c-85df-98c1ab947266-000000@email.amazonses.com%3E "HTTP/1.1 200 OK"
2026-05-02 12:01:15,742 - INFO - Subject: Hour-by-hour Weather Forecast for Today (°F)
2026-05-02 12:01:15,742 - INFO - Processing message ID: <F5FDBF7F-24C1-41B6-9793-F672681D2827@yahoo.com>
2026-05-02 12:01:15,814 - INFO - HTTP Request: GET https://api.agentmail.to/v0/inboxes/laumiex@agentmail.to/messages/%3CF5FDBF7F-24C1-41B6-9793-F672681D2827@yahoo.com%3E "HTTP/1.1 200 OK"
2026-05-02 12:01:15,816 - INFO - Subject: Fwd: 01/11 新澤西州宣恩堂中文主日崇拜連結
2026-05-02 12:01:15,817 - INFO - Message content: Fwd: 01/11 新澤西州宣恩堂中文主日崇拜連結 Sent from my iPhone

Begin forwarded message:

> From: CLGNJ Church of Living Grace <church@clgnj.org>
> Date: January 9, 2026 at 2:44:36 PM EST
> To: CLGNJ Church of Living Grace <church@clgnj.org>
> Subject: 01/11 新澤西州宣恩堂中文主日崇拜連結
> 
> ﻿
> 01/11 中文崇拜連結
> 
> https://www.youtube.com/live/MJVjKbANX3s
> 
> 請參閱隨附 01/11 崇拜程序表 
Sent from my iPhone

Begin forwarded message:

> From: CLGNJ Church of Living Grace <church@clgnj.org>
> Date: January 9, 2026 at 2:44:36 PM EST
> To: CLGNJ Church of Living Grace <church@clgnj.org>

2026-05-02 12:01:15,817 - INFO - Found potential YouTube reference without a link: Fwd: 01/11 新澤西州宣恩堂中文主日崇拜連結 Sent from my iPhone

Begin forwarded message:

> From: CLGNJ Church of Li...
2026-05-02 12:01:15,817 - INFO - Processing message ID: <7E3878D1-7A25-4DB5-AB91-558C9CE7A009@yahoo.com>
2026-05-02 12:01:15,951 - INFO - HTTP Request: GET https://api.agentmail.to/v0/inboxes/laumiex@agentmail.to/messages/%3C7E3878D1-7A25-4DB5-AB91-558C9CE7A009@yahoo.com%3E "HTTP/1.1 200 OK"
2026-05-02 12:01:15,954 - INFO - Subject: Fwd: 12/21 新澤西州宣恩堂中文主日崇拜連結
2026-05-02 12:01:15,954 - INFO - Message content: Fwd: 12/21 新澤西州宣恩堂中文主日崇拜連結 Sent from my iPhone

Begin forwarded message:

> From: CLGNJ Church of Living Grace <church@clgnj.org>
> Date: December 19, 2025 at 3:37:23 PM EST
> To: CLGNJ Church of Living Grace <church@clgnj.org>
> Subject: 12/21 新澤西州宣恩堂中文主日崇拜連結
> 
> ﻿
> 12/21 中文崇拜連結
> 
> https://youtube.com/live/vJlaLkeSmYg
> 
> 請參閱隨附12/21 崇拜程序表 及 2026年宣恩堂行事曆 
> 
Sent from my iPhone

Begin forwarded message:

> From: CLGNJ Church of Living Grace <church@clgnj.org>
> Date: December 19, 2025 at 3:37:23 PM EST
> To: CLGNJ Church of Living Grace <church@clgnj.org
2026-05-02 12:01:15,954 - INFO - Found YouTube link ID: vJlaLkeSmYg
2026-05-02 12:01:15,954 - INFO - Processing message ID: <1DAA720E-E8A6-4C3D-98DA-141AE8AE8BF9@yahoo.com>
2026-05-02 12:01:16,105 - INFO - HTTP Request: GET https://api.agentmail.to/v0/inboxes/laumiex@agentmail.to/messages/%3C1DAA720E-E8A6-4C3D-98DA-141AE8AE8BF9@yahoo.com%3E "HTTP/1.1 200 OK"
2026-05-02 12:01:16,114 - INFO - Subject: Fwd: 12/28 新澤西州宣恩堂中文主日崇拜連結
2026-05-02 12:01:16,115 - INFO - Message content: Fwd: 12/28 新澤西州宣恩堂中文主日崇拜連結 Sent from my iPhone

Begin forwarded message:

> From: CLGNJ Church of Living Grace <church@clgnj.org>
> Date: December 26, 2025 at 3:06:15 PM EST
> To: CLGNJ Church of Living Grace <church@clgnj.org>
> Subject: 12/28 新澤西州宣恩堂中文主日崇拜連結
> 
> ﻿
> 12/28 中文崇拜連結
> 
> https://youtube.com/live/BbiiCIWZxHU
> 
> 請參閱隨附12/28 崇拜程序表, 歲終祈禱會程序表, 及團契動向 (2026年01月) 
Sent from my iPhone

Begin forwarded message:

> From: CLGNJ Church of Living Grace <church@clgnj.org>
> Date: December 26, 2025 at 3:06:15 PM EST
> To: CLGNJ Church of Living Grace <church@clgnj.org
2026-05-02 12:01:16,116 - INFO - Found YouTube link ID: BbiiCIWZxHU
2026-05-02 12:01:16,116 - INFO - Processing message ID: <660F1C74-5A6B-4C1B-BBCE-05E53BED615E@yahoo.com>
2026-05-02 12:01:16,205 - INFO - HTTP Request: GET https://api.agentmail.to/v0/inboxes/laumiex@agentmail.to/messages/%3C660F1C74-5A6B-4C1B-BBCE-05E53BED615E@yahoo.com%3E "HTTP/1.1 200 OK"
2026-05-02 12:01:16,207 - INFO - Subject: Fwd: 01/18 新澤西州宣恩堂中文主日崇拜連結
2026-05-02 12:01:16,207 - INFO - Message content: Fwd: 01/18 新澤西州宣恩堂中文主日崇拜連結 Sent from my iPhone

Begin forwarded message:

> From: CLGNJ Church of Living Grace <church@clgnj.org>
> Date: January 16, 2026 at 3:07:08 PM EST
> To: CLGNJ Church of Living Grace <church@clgnj.org>
> Subject: 01/18 新澤西州宣恩堂中文主日崇拜連結
> 
> ﻿
> 01/18 中文崇拜連結
> 
> https://youtube.com/live/BuunCbM2r14
> 
> 請參閱隨附 01/18 崇拜程序表 
Sent from my iPhone

Begin forwarded message:

> From: CLGNJ Church of Living Grace <church@clgnj.org>
> Date: January 16, 2026 at 3:07:08 PM EST
> To: CLGNJ Church of Living Grace <church@clgnj.org>
2026-05-02 12:01:16,207 - INFO - Found YouTube link ID: BuunCbM2r14
2026-05-02 12:01:16,207 - INFO - Processing message ID: <CF815BF6-F0CF-42BC-8956-F9AEA2E7A053@yahoo.com>
2026-05-02 12:01:16,297 - INFO - HTTP Request: GET https://api.agentmail.to/v0/inboxes/laumiex@agentmail.to/messages/%3CCF815BF6-F0CF-42BC-8956-F9AEA2E7A053@yahoo.com%3E "HTTP/1.1 200 OK"
2026-05-02 12:01:16,301 - INFO - Subject: Fwd: 2/1 新澤西州宣恩堂中文主日崇拜連結
2026-05-02 12:01:16,301 - INFO - Message content: Fwd: 2/1 新澤西州宣恩堂中文主日崇拜連結 Sent from my iPhone

Begin forwarded message:

> From: CLGNJ Church of Living Grace <church@clgnj.org>
> Date: January 30, 2026 at 2:33:20 PM EST
> To: CLGNJ Church of Living Grace <church@clgnj.org>
> Subject: 2/1 新澤西州宣恩堂中文主日崇拜連結
> 
> ﻿
> 2/1 中文崇拜連結
> https://youtube.com/live/P-4jq8dyfq4
> 
> 請參閱隨附
> 1) 2/1 崇拜程序表
> 2) 宣教代禱信    - 2026年冬季
> 3) 團契動向 (2026年2月) 
Sent from my iPhone

Begin forwarded message:

> From: CLGNJ Church of Living Grace <church@clgnj.org>
> Date: January 30, 2026 at 2:33:20 PM EST
> To: CLGNJ Church of Living Grace <church@clgnj.org>
2026-05-02 12:01:16,301 - INFO - Found YouTube link ID: P-4jq8dyfq4
2026-05-02 12:01:16,301 - INFO - Processing message ID: <E7CA10BA-6536-4481-BA1A-E0DAAFF3E63E@yahoo.com>
2026-05-02 12:01:16,389 - INFO - HTTP Request: GET https://api.agentmail.to/v0/inboxes/laumiex@agentmail.to/messages/%3CE7CA10BA-6536-4481-BA1A-E0DAAFF3E63E@yahoo.com%3E "HTTP/1.1 200 OK"
2026-05-02 12:01:16,391 - INFO - Subject: Fwd: 2/8 新澤西州宣恩堂中文主日崇拜連結
2026-05-02 12:01:16,391 - INFO - Message content: Fwd: 2/8 新澤西州宣恩堂中文主日崇拜連結 Sent from my iPhone

Begin forwarded message:

> From: CLGNJ Church of Living Grace <church@clgnj.org>
> Date: February 6, 2026 at 4:07:13 PM EST
> To: CLGNJ Church of Living Grace <church@clgnj.org>
> Subject: 2/8 新澤西州宣恩堂中文主日崇拜連結
> 
> ﻿
> 2/8 中文崇拜連結
> https://youtube.com/live/PQ6p13fngQE
> 
> 請參閱隨附 2/8 崇拜程序表 
Sent from my iPhone

Begin forwarded message:

> From: CLGNJ Church of Living Grace <church@clgnj.org>
> Date: February 6, 2026 at 4:07:13 PM EST
> To: CLGNJ Church of Living Grace <church@clgnj.org>
2026-05-02 12:01:16,392 - INFO - Found YouTube link ID: PQ6p13fngQE
2026-05-02 12:01:16,392 - INFO - Processing message ID: <06787DDD-1890-48CE-BA09-46B7B4AB7B53@yahoo.com>
2026-05-02 12:01:16,524 - INFO - HTTP Request: GET https://api.agentmail.to/v0/inboxes/laumiex@agentmail.to/messages/%3C06787DDD-1890-48CE-BA09-46B7B4AB7B53@yahoo.com%3E "HTTP/1.1 200 OK"
2026-05-02 12:01:16,526 - INFO - Subject: Fwd: 2/15 新澤西州宣恩堂中文主日崇拜連結
2026-05-02 12:01:16,526 - INFO - Message content: Fwd: 2/15 新澤西州宣恩堂中文主日崇拜連結 Sent from my iPhone

Begin forwarded message:

> From: CLGNJ Church of Living Grace <church@clgnj.org>
> Date: February 13, 2026 at 2:31:29 PM EST
> To: CLGNJ Church of Living Grace <church@clgnj.org>
> Subject: 2/15 新澤西州宣恩堂中文主日崇拜連結
> 
> ﻿
> 2/15 中文崇拜連結
> https://youtube.com/live/Lvcn0D2KIMM
> 
> 請參閱隨附 2/15 崇拜程序表 
Sent from my iPhone

Begin forwarded message:

> From: CLGNJ Church of Living Grace <church@clgnj.org>
> Date: February 13, 2026 at 2:31:29 PM EST
> To: CLGNJ Church of Living Grace <church@clgnj.org
2026-05-02 12:01:16,526 - INFO - Found YouTube link ID: Lvcn0D2KIMM
2026-05-02 12:01:16,526 - INFO - Processing message ID: <56406ED9-2A10-40A7-83ED-8CC1FDAD274D@yahoo.com>
2026-05-02 12:01:16,617 - INFO - HTTP Request: GET https://api.agentmail.to/v0/inboxes/laumiex@agentmail.to/messages/%3C56406ED9-2A10-40A7-83ED-8CC1FDAD274D@yahoo.com%3E "HTTP/1.1 200 OK"
2026-05-02 12:01:16,620 - INFO - Subject: Fwd: 11/6 新澤西州宣恩堂主日崇拜連結
2026-05-02 12:01:16,620 - INFO - Processing message ID: <F593F874-3F7A-47E7-8C65-3ED650CF0D68@yahoo.com>
2026-05-02 12:01:16,808 - INFO - HTTP Request: GET https://api.agentmail.to/v0/inboxes/laumiex@agentmail.to/messages/%3CF593F874-3F7A-47E7-8C65-3ED650CF0D68@yahoo.com%3E "HTTP/1.1 200 OK"
2026-05-02 12:01:16,832 - INFO - Subject: Fwd: URL for 11/30 CLGNJ English Sunday Worship Service
2026-05-02 12:01:16,835 - INFO - Processing message ID: <2ADA9175-EFDE-4BC4-A5F2-88C215B9BB8C@yahoo.com>
2026-05-02 12:01:16,978 - INFO - HTTP Request: GET https://api.agentmail.to/v0/inboxes/laumiex@agentmail.to/messages/%3C2ADA9175-EFDE-4BC4-A5F2-88C215B9BB8C@yahoo.com%3E "HTTP/1.1 200 OK"
2026-05-02 12:01:16,987 - INFO - Subject: Fwd: URL for 12/07 CLGNJ English Sunday Worship Service
2026-05-02 12:01:16,987 - INFO - Processing message ID: <0100019de2fb8445-a87a4925-92c2-42a5-9325-84d2287482af-000000@email.amazonses.com>
2026-05-02 12:01:17,077 - INFO - HTTP Request: GET https://api.agentmail.to/v0/inboxes/laumiex@agentmail.to/messages/%3C0100019de2fb8445-a87a4925-92c2-42a5-9325-84d2287482af-000000@email.amazonses.com%3E "HTTP/1.1 200 OK"
2026-05-02 12:01:17,078 - INFO - Subject: Hour-by-hour Weather Forecast for Today (°F)
2026-05-02 12:01:17,079 - INFO - Processing message ID: <040B1BD2-9311-49F9-99FE-16FC0CB7DC0A@yahoo.com>
2026-05-02 12:01:17,165 - INFO - HTTP Request: GET https://api.agentmail.to/v0/inboxes/laumiex@agentmail.to/messages/%3C040B1BD2-9311-49F9-99FE-16FC0CB7DC0A@yahoo.com%3E "HTTP/1.1 200 OK"
2026-05-02 12:01:17,184 - INFO - Subject: Fwd: URL for 9/8 CLGNJ English Sunday Worship Service
2026-05-02 12:01:17,189 - INFO - Processing message ID: <F72E2F6A-BF9C-4CB6-8952-CE27911B44D9@yahoo.com>
2026-05-02 12:01:17,273 - INFO - HTTP Request: GET https://api.agentmail.to/v0/inboxes/laumiex@agentmail.to/messages/%3CF72E2F6A-BF9C-4CB6-8952-CE27911B44D9@yahoo.com%3E "HTTP/1.1 200 OK"
2026-05-02 12:01:17,276 - INFO - Subject: Fwd: URL for 10/6 CLGNJ English Sunday Worship Service
2026-05-02 12:01:17,276 - INFO - Processing message ID: <EC1E18F1-5E4F-492D-B32C-5D3A942D7832@yahoo.com>
2026-05-02 12:01:17,366 - INFO - HTTP Request: GET https://api.agentmail.to/v0/inboxes/laumiex@agentmail.to/messages/%3CEC1E18F1-5E4F-492D-B32C-5D3A942D7832@yahoo.com%3E "HTTP/1.1 200 OK"
2026-05-02 12:01:17,369 - INFO - Subject: Fwd: URL for 9/15 CLGNJ English Sunday Worship Service
2026-05-02 12:01:17,369 - INFO - Processing message ID: <410346F5-7072-4C76-9052-DAE3456BE41B@yahoo.com>
2026-05-02 12:01:17,449 - INFO - HTTP Request: GET https://api.agentmail.to/v0/inboxes/laumiex@agentmail.to/messages/%3C410346F5-7072-4C76-9052-DAE3456BE41B@yahoo.com%3E "HTTP/1.1 200 OK"
2026-05-02 12:01:17,452 - INFO - Subject: Fwd: URL for 1/12 CLGNJ English Sunday Worship Service
2026-05-02 12:01:17,452 - INFO - ℹ️ No new links found
2026-05-02 12:11:18,667 - INFO - HTTP Request: GET https://api.agentmail.to/v0/inboxes/laumiex@agentmail.to/messages?limit=20 "HTTP/1.1 200 OK"
2026-05-02 12:11:18,697 - INFO - 📧 Processing 20 emails...
2026-05-02 12:11:18,697 - INFO - Loading sent links...
2026-05-02 12:11:18,697 - INFO - Loaded 10 previously sent links, 20 processed message IDs
2026-05-02 12:11:18,697 - INFO - Processing message ID: <2BB0CCC4-735B-4A5F-8019-A3B7CCC74D03@yahoo.com>
2026-05-02 12:11:18,791 - INFO - HTTP Request: GET https://api.agentmail.to/v0/inboxes/laumiex@agentmail.to/messages/%3C2BB0CCC4-735B-4A5F-8019-A3B7CCC74D03@yahoo.com%3E "HTTP/1.1 200 OK"
2026-05-02 12:11:18,793 - INFO - Subject: Fwd: 11/23 新澤西州宣恩堂中文主日崇拜連結
2026-05-02 12:11:18,793 - INFO - Message content: Fwd: 11/23 新澤西州宣恩堂中文主日崇拜連結 Sent from my iPhone

Begin forwarded message:

> From: CLGNJ Church of Living Grace <church@clgnj.org>
> Date: November 21, 2025 at 7:09:10 PM EST
> To: CLGNJ Church of Living Grace <church@clgnj.org>
> Subject: 11/23 新澤西州宣恩堂中文主日崇拜連結
> 
> ﻿
> 11/23 中文崇拜連結
> https://youtube.com/live/e3pqZ7uXuIY
> 
> 請參閱隨附11/23 崇拜程序表
> 
> 教會主日上午 11 點 45 分舉行水禮；接受水禮的包括盧紹昌,  歐競青, 齊黃旭暉, 梁恩信(Caleb Leung),和周嘉兒(Elise Chow)。水禮過程會在網上直播。https://youtube.com/live/eF_BjW96FG4?feature=share
> 
Sent from my iPhone

Begin forwarded message:

> From: CLGNJ Church of Living Grace <church@clgnj.org>
> Date: November 21, 2025 at 7:09:10 PM EST
> To: CLGNJ Church of Living Grace <church@clgnj.org
2026-05-02 12:11:18,793 - INFO - Found YouTube link ID: e3pqZ7uXuIY
2026-05-02 12:11:18,793 - INFO - ➡️ 🕊️ Live Stream: https://youtube.com/live/e3pqZ7uXuIY
2026-05-02 12:11:18,793 - INFO - Found YouTube link ID: eF_BjW96FG4
2026-05-02 12:11:18,793 - INFO - ➡️ 🕊️ Live Stream: https://youtube.com/live/eF_BjW96FG4
2026-05-02 12:11:18,794 - INFO - Skipping already-processed message ID: <797218A6-4A17-4B87-B429-61B02C7183AD@yahoo.com>
2026-05-02 12:11:18,794 - INFO - Skipping already-processed message ID: <27873746-1170-475E-9C21-7CE95948A671@yahoo.com>
2026-05-02 12:11:18,794 - INFO - Skipping already-processed message ID: <22764553-180E-42BB-9898-BC855B10E550@yahoo.com>
2026-05-02 12:11:18,794 - INFO - Skipping already-processed message ID: <C3317370-D2F5-409D-8D13-85A2F90FC6DB@yahoo.com>
2026-05-02 12:11:18,794 - INFO - Skipping already-processed message ID: <0100019de822820b-cbbf2f75-c1ed-469c-85df-98c1ab947266-000000@email.amazonses.com>
2026-05-02 12:11:18,794 - INFO - Skipping already-processed message ID: <F5FDBF7F-24C1-41B6-9793-F672681D2827@yahoo.com>
2026-05-02 12:11:18,794 - INFO - Skipping already-processed message ID: <7E3878D1-7A25-4DB5-AB91-558C9CE7A009@yahoo.com>
2026-05-02 12:11:18,794 - INFO - Skipping already-processed message ID: <1DAA720E-E8A6-4C3D-98DA-141AE8AE8BF9@yahoo.com>
2026-05-02 12:11:18,794 - INFO - Skipping already-processed message ID: <660F1C74-5A6B-4C1B-BBCE-05E53BED615E@yahoo.com>
2026-05-02 12:11:18,794 - INFO - Skipping already-processed message ID: <CF815BF6-F0CF-42BC-8956-F9AEA2E7A053@yahoo.com>
2026-05-02 12:11:18,794 - INFO - Skipping already-processed message ID: <E7CA10BA-6536-4481-BA1A-E0DAAFF3E63E@yahoo.com>
2026-05-02 12:11:18,794 - INFO - Skipping already-processed message ID: <06787DDD-1890-48CE-BA09-46B7B4AB7B53@yahoo.com>
2026-05-02 12:11:18,794 - INFO - Skipping already-processed message ID: <56406ED9-2A10-40A7-83ED-8CC1FDAD274D@yahoo.com>
2026-05-02 12:11:18,795 - INFO - Skipping already-processed message ID: <F593F874-3F7A-47E7-8C65-3ED650CF0D68@yahoo.com>
2026-05-02 12:11:18,795 - INFO - Skipping already-processed message ID: <2ADA9175-EFDE-4BC4-A5F2-88C215B9BB8C@yahoo.com>
2026-05-02 12:11:18,795 - INFO - Skipping already-processed message ID: <0100019de2fb8445-a87a4925-92c2-42a5-9325-84d2287482af-000000@email.amazonses.com>
2026-05-02 12:11:18,795 - INFO - Skipping already-processed message ID: <040B1BD2-9311-49F9-99FE-16FC0CB7DC0A@yahoo.com>
2026-05-02 12:11:18,795 - INFO - Skipping already-processed message ID: <F72E2F6A-BF9C-4CB6-8952-CE27911B44D9@yahoo.com>
2026-05-02 12:11:18,795 - INFO - Skipping already-processed message ID: <EC1E18F1-5E4F-492D-B32C-5D3A942D7832@yahoo.com>
2026-05-02 12:11:18,795 - INFO - Saving 12 sent links...
2026-05-02 12:11:18,795 - INFO - ✅ Sent 2 link(s)
2026-05-02 12:21:16,714 - INFO - HTTP Request: GET https://api.agentmail.to/v0/inboxes/laumiex@agentmail.to/messages?limit=20 "HTTP/1.1 200 OK"
2026-05-02 12:21:16,759 - INFO - 📧 Processing 20 emails...
2026-05-02 12:21:16,760 - INFO - Loading sent links...
2026-05-02 12:21:16,760 - INFO - Loaded 12 previously sent links, 21 processed message IDs
2026-05-02 12:21:16,760 - INFO - Skipping already-processed message ID: <2BB0CCC4-735B-4A5F-8019-A3B7CCC74D03@yahoo.com>
2026-05-02 12:21:16,760 - INFO - Skipping already-processed message ID: <797218A6-4A17-4B87-B429-61B02C7183AD@yahoo.com>
2026-05-02 12:21:16,760 - INFO - Skipping already-processed message ID: <27873746-1170-475E-9C21-7CE95948A671@yahoo.com>
2026-05-02 12:21:16,760 - INFO - Skipping already-processed message ID: <22764553-180E-42BB-9898-BC855B10E550@yahoo.com>
2026-05-02 12:21:16,760 - INFO - Skipping already-processed message ID: <C3317370-D2F5-409D-8D13-85A2F90FC6DB@yahoo.com>
2026-05-02 12:21:16,760 - INFO - Skipping already-processed message ID: <0100019de822820b-cbbf2f75-c1ed-469c-85df-98c1ab947266-000000@email.amazonses.com>
2026-05-02 12:21:16,761 - INFO - Skipping already-processed message ID: <F5FDBF7F-24C1-41B6-9793-F672681D2827@yahoo.com>
2026-05-02 12:21:16,761 - INFO - Skipping already-processed message ID: <7E3878D1-7A25-4DB5-AB91-558C9CE7A009@yahoo.com>
2026-05-02 12:21:16,761 - INFO - Skipping already-processed message ID: <1DAA720E-E8A6-4C3D-98DA-141AE8AE8BF9@yahoo.com>
2026-05-02 12:21:16,761 - INFO - Skipping already-processed message ID: <660F1C74-5A6B-4C1B-BBCE-05E53BED615E@yahoo.com>
2026-05-02 12:21:16,761 - INFO - Skipping already-processed message ID: <CF815BF6-F0CF-42BC-8956-F9AEA2E7A053@yahoo.com>
2026-05-02 12:21:16,761 - INFO - Skipping already-processed message ID: <E7CA10BA-6536-4481-BA1A-E0DAAFF3E63E@yahoo.com>
2026-05-02 12:21:16,761 - INFO - Skipping already-processed message ID: <06787DDD-1890-48CE-BA09-46B7B4AB7B53@yahoo.com>
2026-05-02 12:21:16,761 - INFO - Skipping already-processed message ID: <56406ED9-2A10-40A7-83ED-8CC1FDAD274D@yahoo.com>
2026-05-02 12:21:16,761 - INFO - Skipping already-processed message ID: <F593F874-3F7A-47E7-8C65-3ED650CF0D68@yahoo.com>
2026-05-02 12:21:16,761 - INFO - Skipping already-processed message ID: <2ADA9175-EFDE-4BC4-A5F2-88C215B9BB8C@yahoo.com>
2026-05-02 12:21:16,761 - INFO - Skipping already-processed message ID: <0100019de2fb8445-a87a4925-92c2-42a5-9325-84d2287482af-000000@email.amazonses.com>
2026-05-02 12:21:16,761 - INFO - Skipping already-processed message ID: <040B1BD2-9311-49F9-99FE-16FC0CB7DC0A@yahoo.com>
2026-05-02 12:21:16,761 - INFO - Skipping already-processed message ID: <F72E2F6A-BF9C-4CB6-8952-CE27911B44D9@yahoo.com>
2026-05-02 12:21:16,761 - INFO - Skipping already-processed message ID: <EC1E18F1-5E4F-492D-B32C-5D3A942D7832@yahoo.com>
2026-05-02 12:21:16,762 - INFO - ℹ️ No new links found
2026-05-02 12:31:09,152 - INFO - HTTP Request: GET https://api.agentmail.to/v0/inboxes/laumiex@agentmail.to/messages?limit=20 "HTTP/1.1 200 OK"
2026-05-02 12:31:09,184 - INFO - 📧 Processing 20 emails...
2026-05-02 12:31:09,184 - INFO - Loading sent links...
2026-05-02 12:31:09,185 - INFO - Loaded 12 previously sent links, 21 processed message IDs
2026-05-02 12:31:09,185 - INFO - Skipping already-processed message ID: <2BB0CCC4-735B-4A5F-8019-A3B7CCC74D03@yahoo.com>
2026-05-02 12:31:09,185 - INFO - Skipping already-processed message ID: <797218A6-4A17-4B87-B429-61B02C7183AD@yahoo.com>
2026-05-02 12:31:09,185 - INFO - Skipping already-processed message ID: <27873746-1170-475E-9C21-7CE95948A671@yahoo.com>
2026-05-02 12:31:09,185 - INFO - Skipping already-processed message ID: <22764553-180E-42BB-9898-BC855B10E550@yahoo.com>
2026-05-02 12:31:09,185 - INFO - Skipping already-processed message ID: <C3317370-D2F5-409D-8D13-85A2F90FC6DB@yahoo.com>
2026-05-02 12:31:09,185 - INFO - Skipping already-processed message ID: <0100019de822820b-cbbf2f75-c1ed-469c-85df-98c1ab947266-000000@email.amazonses.com>
2026-05-02 12:31:09,185 - INFO - Skipping already-processed message ID: <F5FDBF7F-24C1-41B6-9793-F672681D2827@yahoo.com>
2026-05-02 12:31:09,185 - INFO - Skipping already-processed message ID: <7E3878D1-7A25-4DB5-AB91-558C9CE7A009@yahoo.com>
2026-05-02 12:31:09,185 - INFO - Skipping already-processed message ID: <1DAA720E-E8A6-4C3D-98DA-141AE8AE8BF9@yahoo.com>
2026-05-02 12:31:09,185 - INFO - Skipping already-processed message ID: <660F1C74-5A6B-4C1B-BBCE-05E53BED615E@yahoo.com>
2026-05-02 12:31:09,185 - INFO - Skipping already-processed message ID: <CF815BF6-F0CF-42BC-8956-F9AEA2E7A053@yahoo.com>
2026-05-02 12:31:09,185 - INFO - Skipping already-processed message ID: <E7CA10BA-6536-4481-BA1A-E0DAAFF3E63E@yahoo.com>
2026-05-02 12:31:09,186 - INFO - Skipping already-processed message ID: <06787DDD-1890-48CE-BA09-46B7B4AB7B53@yahoo.com>
2026-05-02 12:31:09,186 - INFO - Skipping already-processed message ID: <56406ED9-2A10-40A7-83ED-8CC1FDAD274D@yahoo.com>
2026-05-02 12:31:09,186 - INFO - Skipping already-processed message ID: <F593F874-3F7A-47E7-8C65-3ED650CF0D68@yahoo.com>
2026-05-02 12:31:09,186 - INFO - Skipping already-processed message ID: <2ADA9175-EFDE-4BC4-A5F2-88C215B9BB8C@yahoo.com>
2026-05-02 12:31:09,186 - INFO - Skipping already-processed message ID: <0100019de2fb8445-a87a4925-92c2-42a5-9325-84d2287482af-000000@email.amazonses.com>
2026-05-02 12:31:09,186 - INFO - Skipping already-processed message ID: <040B1BD2-9311-49F9-99FE-16FC0CB7DC0A@yahoo.com>
2026-05-02 12:31:09,186 - INFO - Skipping already-processed message ID: <F72E2F6A-BF9C-4CB6-8952-CE27911B44D9@yahoo.com>
2026-05-02 12:31:09,186 - INFO - Skipping already-processed message ID: <EC1E18F1-5E4F-492D-B32C-5D3A942D7832@yahoo.com>
2026-05-02 12:31:09,186 - INFO - ℹ️ No new links found
2026-05-02 12:41:08,277 - INFO - HTTP Request: GET https://api.agentmail.to/v0/inboxes/laumiex@agentmail.to/messages?limit=20 "HTTP/1.1 200 OK"
2026-05-02 12:41:08,306 - INFO - 📧 Processing 20 emails...
2026-05-02 12:41:08,306 - INFO - Loading sent links...
2026-05-02 12:41:08,307 - INFO - Loaded 12 previously sent links, 21 processed message IDs
2026-05-02 12:41:08,307 - INFO - Skipping already-processed message ID: <2BB0CCC4-735B-4A5F-8019-A3B7CCC74D03@yahoo.com>
2026-05-02 12:41:08,307 - INFO - Skipping already-processed message ID: <797218A6-4A17-4B87-B429-61B02C7183AD@yahoo.com>
2026-05-02 12:41:08,307 - INFO - Skipping already-processed message ID: <27873746-1170-475E-9C21-7CE95948A671@yahoo.com>
2026-05-02 12:41:08,307 - INFO - Skipping already-processed message ID: <22764553-180E-42BB-9898-BC855B10E550@yahoo.com>
2026-05-02 12:41:08,307 - INFO - Skipping already-processed message ID: <C3317370-D2F5-409D-8D13-85A2F90FC6DB@yahoo.com>
2026-05-02 12:41:08,307 - INFO - Skipping already-processed message ID: <0100019de822820b-cbbf2f75-c1ed-469c-85df-98c1ab947266-000000@email.amazonses.com>
2026-05-02 12:41:08,307 - INFO - Skipping already-processed message ID: <F5FDBF7F-24C1-41B6-9793-F672681D2827@yahoo.com>
2026-05-02 12:41:08,307 - INFO - Skipping already-processed message ID: <7E3878D1-7A25-4DB5-AB91-558C9CE7A009@yahoo.com>
2026-05-02 12:41:08,307 - INFO - Skipping already-processed message ID: <1DAA720E-E8A6-4C3D-98DA-141AE8AE8BF9@yahoo.com>
2026-05-02 12:41:08,307 - INFO - Skipping already-processed message ID: <660F1C74-5A6B-4C1B-BBCE-05E53BED615E@yahoo.com>
2026-05-02 12:41:08,307 - INFO - Skipping already-processed message ID: <CF815BF6-F0CF-42BC-8956-F9AEA2E7A053@yahoo.com>
2026-05-02 12:41:08,307 - INFO - Skipping already-processed message ID: <E7CA10BA-6536-4481-BA1A-E0DAAFF3E63E@yahoo.com>
2026-05-02 12:41:08,307 - INFO - Skipping already-processed message ID: <06787DDD-1890-48CE-BA09-46B7B4AB7B53@yahoo.com>
2026-05-02 12:41:08,308 - INFO - Skipping already-processed message ID: <56406ED9-2A10-40A7-83ED-8CC1FDAD274D@yahoo.com>
2026-05-02 12:41:08,308 - INFO - Skipping already-processed message ID: <F593F874-3F7A-47E7-8C65-3ED650CF0D68@yahoo.com>
2026-05-02 12:41:08,308 - INFO - Skipping already-processed message ID: <2ADA9175-EFDE-4BC4-A5F2-88C215B9BB8C@yahoo.com>
2026-05-02 12:41:08,308 - INFO - Skipping already-processed message ID: <0100019de2fb8445-a87a4925-92c2-42a5-9325-84d2287482af-000000@email.amazonses.com>
2026-05-02 12:41:08,308 - INFO - Skipping already-processed message ID: <040B1BD2-9311-49F9-99FE-16FC0CB7DC0A@yahoo.com>
2026-05-02 12:41:08,308 - INFO - Skipping already-processed message ID: <F72E2F6A-BF9C-4CB6-8952-CE27911B44D9@yahoo.com>
2026-05-02 12:41:08,308 - INFO - Skipping already-processed message ID: <EC1E18F1-5E4F-492D-B32C-5D3A942D7832@yahoo.com>
2026-05-02 12:41:08,308 - INFO - ℹ️ No new links found
2026-05-02 12:51:12,133 - INFO - HTTP Request: GET https://api.agentmail.to/v0/inboxes/laumiex@agentmail.to/messages?limit=20 "HTTP/1.1 200 OK"
2026-05-02 12:51:12,161 - INFO - 📧 Processing 20 emails...
2026-05-02 12:51:12,161 - INFO - Loading sent links...
2026-05-02 12:51:12,162 - INFO - Loaded 12 previously sent links, 21 processed message IDs
2026-05-02 12:51:12,162 - INFO - Skipping already-processed message ID: <2BB0CCC4-735B-4A5F-8019-A3B7CCC74D03@yahoo.com>
2026-05-02 12:51:12,162 - INFO - Skipping already-processed message ID: <797218A6-4A17-4B87-B429-61B02C7183AD@yahoo.com>
2026-05-02 12:51:12,162 - INFO - Skipping already-processed message ID: <27873746-1170-475E-9C21-7CE95948A671@yahoo.com>
2026-05-02 12:51:12,162 - INFO - Skipping already-processed message ID: <22764553-180E-42BB-9898-BC855B10E550@yahoo.com>
2026-05-02 12:51:12,162 - INFO - Skipping already-processed message ID: <C3317370-D2F5-409D-8D13-85A2F90FC6DB@yahoo.com>
2026-05-02 12:51:12,162 - INFO - Skipping already-processed message ID: <0100019de822820b-cbbf2f75-c1ed-469c-85df-98c1ab947266-000000@email.amazonses.com>
2026-05-02 12:51:12,162 - INFO - Skipping already-processed message ID: <F5FDBF7F-24C1-41B6-9793-F672681D2827@yahoo.com>
2026-05-02 12:51:12,162 - INFO - Skipping already-processed message ID: <7E3878D1-7A25-4DB5-AB91-558C9CE7A009@yahoo.com>
2026-05-02 12:51:12,162 - INFO - Skipping already-processed message ID: <1DAA720E-E8A6-4C3D-98DA-141AE8AE8BF9@yahoo.com>
2026-05-02 12:51:12,162 - INFO - Skipping already-processed message ID: <660F1C74-5A6B-4C1B-BBCE-05E53BED615E@yahoo.com>
2026-05-02 12:51:12,162 - INFO - Skipping already-processed message ID: <CF815BF6-F0CF-42BC-8956-F9AEA2E7A053@yahoo.com>
2026-05-02 12:51:12,162 - INFO - Skipping already-processed message ID: <E7CA10BA-6536-4481-BA1A-E0DAAFF3E63E@yahoo.com>
2026-05-02 12:51:12,162 - INFO - Skipping already-processed message ID: <06787DDD-1890-48CE-BA09-46B7B4AB7B53@yahoo.com>
2026-05-02 12:51:12,162 - INFO - Skipping already-processed message ID: <56406ED9-2A10-40A7-83ED-8CC1FDAD274D@yahoo.com>
2026-05-02 12:51:12,162 - INFO - Skipping already-processed message ID: <F593F874-3F7A-47E7-8C65-3ED650CF0D68@yahoo.com>
2026-05-02 12:51:12,162 - INFO - Skipping already-processed message ID: <2ADA9175-EFDE-4BC4-A5F2-88C215B9BB8C@yahoo.com>
2026-05-02 12:51:12,163 - INFO - Skipping already-processed message ID: <0100019de2fb8445-a87a4925-92c2-42a5-9325-84d2287482af-000000@email.amazonses.com>
2026-05-02 12:51:12,163 - INFO - Skipping already-processed message ID: <040B1BD2-9311-49F9-99FE-16FC0CB7DC0A@yahoo.com>
2026-05-02 12:51:12,163 - INFO - Skipping already-processed message ID: <F72E2F6A-BF9C-4CB6-8952-CE27911B44D9@yahoo.com>
2026-05-02 12:51:12,163 - INFO - Skipping already-processed message ID: <EC1E18F1-5E4F-492D-B32C-5D3A942D7832@yahoo.com>
2026-05-02 12:51:12,163 - INFO - ℹ️ No new links found
2026-05-02 13:01:05,980 - INFO - HTTP Request: GET https://api.agentmail.to/v0/inboxes/laumiex@agentmail.to/messages?limit=20 "HTTP/1.1 200 OK"
2026-05-02 13:01:06,006 - INFO - 📧 Processing 20 emails...
2026-05-02 13:01:06,006 - INFO - Loading sent links...
2026-05-02 13:01:06,007 - INFO - Loaded 12 previously sent links, 21 processed message IDs
2026-05-02 13:01:06,007 - INFO - Processing message ID: <2AE4154D-4DE9-4188-8CD9-BA433528599C@yahoo.com>
2026-05-02 13:01:06,080 - INFO - HTTP Request: GET https://api.agentmail.to/v0/inboxes/laumiex@agentmail.to/messages/%3C2AE4154D-4DE9-4188-8CD9-BA433528599C@yahoo.com%3E "HTTP/1.1 200 OK"
2026-05-02 13:01:06,082 - INFO - Subject: Fwd: 11/16 新澤西州宣恩堂中文主日崇拜連結
2026-05-02 13:01:06,082 - INFO - Message content: Fwd: 11/16 新澤西州宣恩堂中文主日崇拜連結 Sent from my iPhone

Begin forwarded message:

> From: CLGNJ Church of Living Grace <church@clgnj.org>
> Date: November 14, 2025 at 3:30:21 PM EST
> To: CLGNJ Church of Living Grace <church@clgnj.org>
> Subject: 11/16 新澤西州宣恩堂中文主日崇拜連結
> 
> ﻿
> 11/16 中文崇拜連結
> https://youtube.com/live/0DrOj_jHj9w
> 
> 請參閱隨附11/16 崇拜程序表 
Sent from my iPhone

Begin forwarded message:

> From: CLGNJ Church of Living Grace <church@clgnj.org>
> Date: November 14, 2025 at 3:30:21 PM EST
> To: CLGNJ Church of Living Grace <church@clgnj.org
2026-05-02 13:01:06,082 - INFO - Found YouTube link ID: 0DrOj_jHj9w
2026-05-02 13:01:06,082 - INFO - ➡️ 🕊️ Live Stream: https://youtube.com/live/0DrOj_jHj9w
2026-05-02 13:01:06,082 - INFO - Skipping already-processed message ID: <2BB0CCC4-735B-4A5F-8019-A3B7CCC74D03@yahoo.com>
2026-05-02 13:01:06,083 - INFO - Skipping already-processed message ID: <797218A6-4A17-4B87-B429-61B02C7183AD@yahoo.com>
2026-05-02 13:01:06,083 - INFO - Skipping already-processed message ID: <27873746-1170-475E-9C21-7CE95948A671@yahoo.com>
2026-05-02 13:01:06,083 - INFO - Skipping already-processed message ID: <22764553-180E-42BB-9898-BC855B10E550@yahoo.com>
2026-05-02 13:01:06,083 - INFO - Skipping already-processed message ID: <C3317370-D2F5-409D-8D13-85A2F90FC6DB@yahoo.com>
2026-05-02 13:01:06,083 - INFO - Skipping already-processed message ID: <0100019de822820b-cbbf2f75-c1ed-469c-85df-98c1ab947266-000000@email.amazonses.com>
2026-05-02 13:01:06,083 - INFO - Skipping already-processed message ID: <F5FDBF7F-24C1-41B6-9793-F672681D2827@yahoo.com>
2026-05-02 13:01:06,083 - INFO - Skipping already-processed message ID: <7E3878D1-7A25-4DB5-AB91-558C9CE7A009@yahoo.com>
2026-05-02 13:01:06,083 - INFO - Skipping already-processed message ID: <1DAA720E-E8A6-4C3D-98DA-141AE8AE8BF9@yahoo.com>
2026-05-02 13:01:06,083 - INFO - Skipping already-processed message ID: <660F1C74-5A6B-4C1B-BBCE-05E53BED615E@yahoo.com>
2026-05-02 13:01:06,083 - INFO - Skipping already-processed message ID: <CF815BF6-F0CF-42BC-8956-F9AEA2E7A053@yahoo.com>
2026-05-02 13:01:06,083 - INFO - Skipping already-processed message ID: <E7CA10BA-6536-4481-BA1A-E0DAAFF3E63E@yahoo.com>
2026-05-02 13:01:06,083 - INFO - Skipping already-processed message ID: <06787DDD-1890-48CE-BA09-46B7B4AB7B53@yahoo.com>
2026-05-02 13:01:06,083 - INFO - Skipping already-processed message ID: <56406ED9-2A10-40A7-83ED-8CC1FDAD274D@yahoo.com>
2026-05-02 13:01:06,083 - INFO - Skipping already-processed message ID: <F593F874-3F7A-47E7-8C65-3ED650CF0D68@yahoo.com>
2026-05-02 13:01:06,083 - INFO - Skipping already-processed message ID: <2ADA9175-EFDE-4BC4-A5F2-88C215B9BB8C@yahoo.com>
2026-05-02 13:01:06,084 - INFO - Skipping already-processed message ID: <0100019de2fb8445-a87a4925-92c2-42a5-9325-84d2287482af-000000@email.amazonses.com>
2026-05-02 13:01:06,084 - INFO - Skipping already-processed message ID: <040B1BD2-9311-49F9-99FE-16FC0CB7DC0A@yahoo.com>
2026-05-02 13:01:06,084 - INFO - Skipping already-processed message ID: <F72E2F6A-BF9C-4CB6-8952-CE27911B44D9@yahoo.com>
2026-05-02 13:01:06,084 - INFO - Saving 13 sent links...
2026-05-02 13:01:06,084 - INFO - ✅ Sent 1 link(s)
2026-05-02 13:11:09,046 - INFO - HTTP Request: GET https://api.agentmail.to/v0/inboxes/laumiex@agentmail.to/messages?limit=20 "HTTP/1.1 200 OK"
2026-05-02 13:11:09,076 - INFO - 📧 Processing 20 emails...
2026-05-02 13:11:09,076 - INFO - Loading sent links...
2026-05-02 13:11:09,077 - INFO - Loaded 13 previously sent links, 22 processed message IDs
2026-05-02 13:11:09,077 - INFO - Skipping already-processed message ID: <2AE4154D-4DE9-4188-8CD9-BA433528599C@yahoo.com>
2026-05-02 13:11:09,077 - INFO - Skipping already-processed message ID: <2BB0CCC4-735B-4A5F-8019-A3B7CCC74D03@yahoo.com>
2026-05-02 13:11:09,077 - INFO - Skipping already-processed message ID: <797218A6-4A17-4B87-B429-61B02C7183AD@yahoo.com>
2026-05-02 13:11:09,077 - INFO - Skipping already-processed message ID: <27873746-1170-475E-9C21-7CE95948A671@yahoo.com>
2026-05-02 13:11:09,077 - INFO - Skipping already-processed message ID: <22764553-180E-42BB-9898-BC855B10E550@yahoo.com>
2026-05-02 13:11:09,077 - INFO - Skipping already-processed message ID: <C3317370-D2F5-409D-8D13-85A2F90FC6DB@yahoo.com>
2026-05-02 13:11:09,077 - INFO - Skipping already-processed message ID: <0100019de822820b-cbbf2f75-c1ed-469c-85df-98c1ab947266-000000@email.amazonses.com>
2026-05-02 13:11:09,077 - INFO - Skipping already-processed message ID: <F5FDBF7F-24C1-41B6-9793-F672681D2827@yahoo.com>
2026-05-02 13:11:09,077 - INFO - Skipping already-processed message ID: <7E3878D1-7A25-4DB5-AB91-558C9CE7A009@yahoo.com>
2026-05-02 13:11:09,077 - INFO - Skipping already-processed message ID: <1DAA720E-E8A6-4C3D-98DA-141AE8AE8BF9@yahoo.com>
2026-05-02 13:11:09,077 - INFO - Skipping already-processed message ID: <660F1C74-5A6B-4C1B-BBCE-05E53BED615E@yahoo.com>
2026-05-02 13:11:09,077 - INFO - Skipping already-processed message ID: <CF815BF6-F0CF-42BC-8956-F9AEA2E7A053@yahoo.com>
2026-05-02 13:11:09,077 - INFO - Skipping already-processed message ID: <E7CA10BA-6536-4481-BA1A-E0DAAFF3E63E@yahoo.com>
2026-05-02 13:11:09,077 - INFO - Skipping already-processed message ID: <06787DDD-1890-48CE-BA09-46B7B4AB7B53@yahoo.com>
2026-05-02 13:11:09,077 - INFO - Skipping already-processed message ID: <56406ED9-2A10-40A7-83ED-8CC1FDAD274D@yahoo.com>
2026-05-02 13:11:09,078 - INFO - Skipping already-processed message ID: <F593F874-3F7A-47E7-8C65-3ED650CF0D68@yahoo.com>
2026-05-02 13:11:09,078 - INFO - Skipping already-processed message ID: <2ADA9175-EFDE-4BC4-A5F2-88C215B9BB8C@yahoo.com>
2026-05-02 13:11:09,078 - INFO - Skipping already-processed message ID: <0100019de2fb8445-a87a4925-92c2-42a5-9325-84d2287482af-000000@email.amazonses.com>
2026-05-02 13:11:09,078 - INFO - Skipping already-processed message ID: <040B1BD2-9311-49F9-99FE-16FC0CB7DC0A@yahoo.com>
2026-05-02 13:11:09,078 - INFO - Skipping already-processed message ID: <F72E2F6A-BF9C-4CB6-8952-CE27911B44D9@yahoo.com>
2026-05-02 13:11:09,078 - INFO - ℹ️ No new links found
2026-05-02 13:21:06,845 - INFO - HTTP Request: GET https://api.agentmail.to/v0/inboxes/laumiex@agentmail.to/messages?limit=20 "HTTP/1.1 200 OK"
2026-05-02 13:21:06,875 - INFO - 📧 Processing 20 emails...
2026-05-02 13:21:06,875 - INFO - Loading sent links...
2026-05-02 13:21:06,876 - INFO - Loaded 13 previously sent links, 22 processed message IDs
2026-05-02 13:21:06,876 - INFO - Skipping already-processed message ID: <2AE4154D-4DE9-4188-8CD9-BA433528599C@yahoo.com>
2026-05-02 13:21:06,876 - INFO - Skipping already-processed message ID: <2BB0CCC4-735B-4A5F-8019-A3B7CCC74D03@yahoo.com>
2026-05-02 13:21:06,876 - INFO - Skipping already-processed message ID: <797218A6-4A17-4B87-B429-61B02C7183AD@yahoo.com>
2026-05-02 13:21:06,876 - INFO - Skipping already-processed message ID: <27873746-1170-475E-9C21-7CE95948A671@yahoo.com>
2026-05-02 13:21:06,876 - INFO - Skipping already-processed message ID: <22764553-180E-42BB-9898-BC855B10E550@yahoo.com>
2026-05-02 13:21:06,876 - INFO - Skipping already-processed message ID: <C3317370-D2F5-409D-8D13-85A2F90FC6DB@yahoo.com>
2026-05-02 13:21:06,876 - INFO - Skipping already-processed message ID: <0100019de822820b-cbbf2f75-c1ed-469c-85df-98c1ab947266-000000@email.amazonses.com>
2026-05-02 13:21:06,876 - INFO - Skipping already-processed message ID: <F5FDBF7F-24C1-41B6-9793-F672681D2827@yahoo.com>
2026-05-02 13:21:06,876 - INFO - Skipping already-processed message ID: <7E3878D1-7A25-4DB5-AB91-558C9CE7A009@yahoo.com>
2026-05-02 13:21:06,876 - INFO - Skipping already-processed message ID: <1DAA720E-E8A6-4C3D-98DA-141AE8AE8BF9@yahoo.com>
2026-05-02 13:21:06,876 - INFO - Skipping already-processed message ID: <660F1C74-5A6B-4C1B-BBCE-05E53BED615E@yahoo.com>
2026-05-02 13:21:06,876 - INFO - Skipping already-processed message ID: <CF815BF6-F0CF-42BC-8956-F9AEA2E7A053@yahoo.com>
2026-05-02 13:21:06,876 - INFO - Skipping already-processed message ID: <E7CA10BA-6536-4481-BA1A-E0DAAFF3E63E@yahoo.com>
2026-05-02 13:21:06,877 - INFO - Skipping already-processed message ID: <06787DDD-1890-48CE-BA09-46B7B4AB7B53@yahoo.com>
2026-05-02 13:21:06,877 - INFO - Skipping already-processed message ID: <56406ED9-2A10-40A7-83ED-8CC1FDAD274D@yahoo.com>
2026-05-02 13:21:06,877 - INFO - Skipping already-processed message ID: <F593F874-3F7A-47E7-8C65-3ED650CF0D68@yahoo.com>
2026-05-02 13:21:06,877 - INFO - Skipping already-processed message ID: <2ADA9175-EFDE-4BC4-A5F2-88C215B9BB8C@yahoo.com>
2026-05-02 13:21:06,877 - INFO - Skipping already-processed message ID: <0100019de2fb8445-a87a4925-92c2-42a5-9325-84d2287482af-000000@email.amazonses.com>
2026-05-02 13:21:06,877 - INFO - Skipping already-processed message ID: <040B1BD2-9311-49F9-99FE-16FC0CB7DC0A@yahoo.com>
2026-05-02 13:21:06,877 - INFO - Skipping already-processed message ID: <F72E2F6A-BF9C-4CB6-8952-CE27911B44D9@yahoo.com>
2026-05-02 13:21:06,877 - INFO - ℹ️ No new links found
2026-05-02 13:31:10,762 - INFO - HTTP Request: GET https://api.agentmail.to/v0/inboxes/laumiex@agentmail.to/messages?limit=20 "HTTP/1.1 200 OK"
2026-05-02 13:31:10,789 - INFO - 📧 Processing 20 emails...
2026-05-02 13:31:10,789 - INFO - Loading sent links...
2026-05-02 13:31:10,789 - INFO - Loaded 13 previously sent links, 22 processed message IDs
2026-05-02 13:31:10,790 - INFO - Skipping already-processed message ID: <2AE4154D-4DE9-4188-8CD9-BA433528599C@yahoo.com>
2026-05-02 13:31:10,790 - INFO - Skipping already-processed message ID: <2BB0CCC4-735B-4A5F-8019-A3B7CCC74D03@yahoo.com>
2026-05-02 13:31:10,790 - INFO - Skipping already-processed message ID: <797218A6-4A17-4B87-B429-61B02C7183AD@yahoo.com>
2026-05-02 13:31:10,790 - INFO - Skipping already-processed message ID: <27873746-1170-475E-9C21-7CE95948A671@yahoo.com>
2026-05-02 13:31:10,790 - INFO - Skipping already-processed message ID: <22764553-180E-42BB-9898-BC855B10E550@yahoo.com>
2026-05-02 13:31:10,790 - INFO - Skipping already-processed message ID: <C3317370-D2F5-409D-8D13-85A2F90FC6DB@yahoo.com>
2026-05-02 13:31:10,790 - INFO - Skipping already-processed message ID: <0100019de822820b-cbbf2f75-c1ed-469c-85df-98c1ab947266-000000@email.amazonses.com>
2026-05-02 13:31:10,790 - INFO - Skipping already-processed message ID: <F5FDBF7F-24C1-41B6-9793-F672681D2827@yahoo.com>
2026-05-02 13:31:10,790 - INFO - Skipping already-processed message ID: <7E3878D1-7A25-4DB5-AB91-558C9CE7A009@yahoo.com>
2026-05-02 13:31:10,790 - INFO - Skipping already-processed message ID: <1DAA720E-E8A6-4C3D-98DA-141AE8AE8BF9@yahoo.com>
2026-05-02 13:31:10,790 - INFO - Skipping already-processed message ID: <660F1C74-5A6B-4C1B-BBCE-05E53BED615E@yahoo.com>
2026-05-02 13:31:10,790 - INFO - Skipping already-processed message ID: <CF815BF6-F0CF-42BC-8956-F9AEA2E7A053@yahoo.com>
2026-05-02 13:31:10,790 - INFO - Skipping already-processed message ID: <E7CA10BA-6536-4481-BA1A-E0DAAFF3E63E@yahoo.com>
2026-05-02 13:31:10,790 - INFO - Skipping already-processed message ID: <06787DDD-1890-48CE-BA09-46B7B4AB7B53@yahoo.com>
2026-05-02 13:31:10,790 - INFO - Skipping already-processed message ID: <56406ED9-2A10-40A7-83ED-8CC1FDAD274D@yahoo.com>
2026-05-02 13:31:10,790 - INFO - Skipping already-processed message ID: <F593F874-3F7A-47E7-8C65-3ED650CF0D68@yahoo.com>
2026-05-02 13:31:10,790 - INFO - Skipping already-processed message ID: <2ADA9175-EFDE-4BC4-A5F2-88C215B9BB8C@yahoo.com>
2026-05-02 13:31:10,790 - INFO - Skipping already-processed message ID: <0100019de2fb8445-a87a4925-92c2-42a5-9325-84d2287482af-000000@email.amazonses.com>
2026-05-02 13:31:10,790 - INFO - Skipping already-processed message ID: <040B1BD2-9311-49F9-99FE-16FC0CB7DC0A@yahoo.com>
2026-05-02 13:31:10,791 - INFO - Skipping already-processed message ID: <F72E2F6A-BF9C-4CB6-8952-CE27911B44D9@yahoo.com>
2026-05-02 13:31:10,791 - INFO - ℹ️ No new links found
2026-05-02 13:41:04,706 - INFO - HTTP Request: GET https://api.agentmail.to/v0/inboxes/laumiex@agentmail.to/messages?limit=20 "HTTP/1.1 200 OK"
2026-05-02 13:41:04,734 - INFO - 📧 Processing 20 emails...
2026-05-02 13:41:04,734 - INFO - Loading sent links...
2026-05-02 13:41:04,734 - INFO - Loaded 13 previously sent links, 22 processed message IDs
2026-05-02 13:41:04,734 - INFO - Skipping already-processed message ID: <2AE4154D-4DE9-4188-8CD9-BA433528599C@yahoo.com>
2026-05-02 13:41:04,734 - INFO - Skipping already-processed message ID: <2BB0CCC4-735B-4A5F-8019-A3B7CCC74D03@yahoo.com>
2026-05-02 13:41:04,734 - INFO - Skipping already-processed message ID: <797218A6-4A17-4B87-B429-61B02C7183AD@yahoo.com>
2026-05-02 13:41:04,734 - INFO - Skipping already-processed message ID: <27873746-1170-475E-9C21-7CE95948A671@yahoo.com>
2026-05-02 13:41:04,734 - INFO - Skipping already-processed message ID: <22764553-180E-42BB-9898-BC855B10E550@yahoo.com>
2026-05-02 13:41:04,734 - INFO - Skipping already-processed message ID: <C3317370-D2F5-409D-8D13-85A2F90FC6DB@yahoo.com>
2026-05-02 13:41:04,734 - INFO - Skipping already-processed message ID: <0100019de822820b-cbbf2f75-c1ed-469c-85df-98c1ab947266-000000@email.amazonses.com>
2026-05-02 13:41:04,734 - INFO - Skipping already-processed message ID: <F5FDBF7F-24C1-41B6-9793-F672681D2827@yahoo.com>
2026-05-02 13:41:04,734 - INFO - Skipping already-processed message ID: <7E3878D1-7A25-4DB5-AB91-558C9CE7A009@yahoo.com>
2026-05-02 13:41:04,735 - INFO - Skipping already-processed message ID: <1DAA720E-E8A6-4C3D-98DA-141AE8AE8BF9@yahoo.com>
2026-05-02 13:41:04,735 - INFO - Skipping already-processed message ID: <660F1C74-5A6B-4C1B-BBCE-05E53BED615E@yahoo.com>
2026-05-02 13:41:04,735 - INFO - Skipping already-processed message ID: <CF815BF6-F0CF-42BC-8956-F9AEA2E7A053@yahoo.com>
2026-05-02 13:41:04,735 - INFO - Skipping already-processed message ID: <E7CA10BA-6536-4481-BA1A-E0DAAFF3E63E@yahoo.com>
2026-05-02 13:41:04,735 - INFO - Skipping already-processed message ID: <06787DDD-1890-48CE-BA09-46B7B4AB7B53@yahoo.com>
2026-05-02 13:41:04,735 - INFO - Skipping already-processed message ID: <56406ED9-2A10-40A7-83ED-8CC1FDAD274D@yahoo.com>
2026-05-02 13:41:04,735 - INFO - Skipping already-processed message ID: <F593F874-3F7A-47E7-8C65-3ED650CF0D68@yahoo.com>
2026-05-02 13:41:04,735 - INFO - Skipping already-processed message ID: <2ADA9175-EFDE-4BC4-A5F2-88C215B9BB8C@yahoo.com>
2026-05-02 13:41:04,735 - INFO - Skipping already-processed message ID: <0100019de2fb8445-a87a4925-92c2-42a5-9325-84d2287482af-000000@email.amazonses.com>
2026-05-02 13:41:04,735 - INFO - Skipping already-processed message ID: <040B1BD2-9311-49F9-99FE-16FC0CB7DC0A@yahoo.com>
2026-05-02 13:41:04,735 - INFO - Skipping already-processed message ID: <F72E2F6A-BF9C-4CB6-8952-CE27911B44D9@yahoo.com>
2026-05-02 13:41:04,735 - INFO - ℹ️ No new links found
2026-05-02 13:51:02,864 - INFO - HTTP Request: GET https://api.agentmail.to/v0/inboxes/laumiex@agentmail.to/messages?limit=20 "HTTP/1.1 200 OK"
2026-05-02 13:51:02,899 - INFO - 📧 Processing 20 emails...
2026-05-02 13:51:02,899 - INFO - Loading sent links...
2026-05-02 13:51:02,899 - INFO - Loaded 13 previously sent links, 22 processed message IDs
2026-05-02 13:51:02,899 - INFO - Skipping already-processed message ID: <2AE4154D-4DE9-4188-8CD9-BA433528599C@yahoo.com>
2026-05-02 13:51:02,899 - INFO - Skipping already-processed message ID: <2BB0CCC4-735B-4A5F-8019-A3B7CCC74D03@yahoo.com>
2026-05-02 13:51:02,899 - INFO - Skipping already-processed message ID: <797218A6-4A17-4B87-B429-61B02C7183AD@yahoo.com>
2026-05-02 13:51:02,899 - INFO - Skipping already-processed message ID: <27873746-1170-475E-9C21-7CE95948A671@yahoo.com>
2026-05-02 13:51:02,899 - INFO - Skipping already-processed message ID: <22764553-180E-42BB-9898-BC855B10E550@yahoo.com>
2026-05-02 13:51:02,899 - INFO - Skipping already-processed message ID: <C3317370-D2F5-409D-8D13-85A2F90FC6DB@yahoo.com>
2026-05-02 13:51:02,900 - INFO - Skipping already-processed message ID: <0100019de822820b-cbbf2f75-c1ed-469c-85df-98c1ab947266-000000@email.amazonses.com>
2026-05-02 13:51:02,900 - INFO - Skipping already-processed message ID: <F5FDBF7F-24C1-41B6-9793-F672681D2827@yahoo.com>
2026-05-02 13:51:02,900 - INFO - Skipping already-processed message ID: <7E3878D1-7A25-4DB5-AB91-558C9CE7A009@yahoo.com>
2026-05-02 13:51:02,900 - INFO - Skipping already-processed message ID: <1DAA720E-E8A6-4C3D-98DA-141AE8AE8BF9@yahoo.com>
2026-05-02 13:51:02,900 - INFO - Skipping already-processed message ID: <660F1C74-5A6B-4C1B-BBCE-05E53BED615E@yahoo.com>
2026-05-02 13:51:02,900 - INFO - Skipping already-processed message ID: <CF815BF6-F0CF-42BC-8956-F9AEA2E7A053@yahoo.com>
2026-05-02 13:51:02,900 - INFO - Skipping already-processed message ID: <E7CA10BA-6536-4481-BA1A-E0DAAFF3E63E@yahoo.com>
2026-05-02 13:51:02,900 - INFO - Skipping already-processed message ID: <06787DDD-1890-48CE-BA09-46B7B4AB7B53@yahoo.com>
2026-05-02 13:51:02,900 - INFO - Skipping already-processed message ID: <56406ED9-2A10-40A7-83ED-8CC1FDAD274D@yahoo.com>
2026-05-02 13:51:02,900 - INFO - Skipping already-processed message ID: <F593F874-3F7A-47E7-8C65-3ED650CF0D68@yahoo.com>
2026-05-02 13:51:02,900 - INFO - Skipping already-processed message ID: <2ADA9175-EFDE-4BC4-A5F2-88C215B9BB8C@yahoo.com>
2026-05-02 13:51:02,900 - INFO - Skipping already-processed message ID: <0100019de2fb8445-a87a4925-92c2-42a5-9325-84d2287482af-000000@email.amazonses.com>
2026-05-02 13:51:02,900 - INFO - Skipping already-processed message ID: <040B1BD2-9311-49F9-99FE-16FC0CB7DC0A@yahoo.com>
2026-05-02 13:51:02,900 - INFO - Skipping already-processed message ID: <F72E2F6A-BF9C-4CB6-8952-CE27911B44D9@yahoo.com>
2026-05-02 13:51:02,900 - INFO - ℹ️ No new links found
2026-05-02 14:01:08,100 - INFO - HTTP Request: GET https://api.agentmail.to/v0/inboxes/laumiex@agentmail.to/messages?limit=20 "HTTP/1.1 200 OK"
2026-05-02 14:01:08,133 - INFO - 📧 Processing 20 emails...
2026-05-02 14:01:08,133 - INFO - Loading sent links...
2026-05-02 14:01:08,133 - INFO - Loaded 13 previously sent links, 22 processed message IDs
2026-05-02 14:01:08,133 - INFO - Skipping already-processed message ID: <2AE4154D-4DE9-4188-8CD9-BA433528599C@yahoo.com>
2026-05-02 14:01:08,133 - INFO - Skipping already-processed message ID: <2BB0CCC4-735B-4A5F-8019-A3B7CCC74D03@yahoo.com>
2026-05-02 14:01:08,133 - INFO - Skipping already-processed message ID: <797218A6-4A17-4B87-B429-61B02C7183AD@yahoo.com>
2026-05-02 14:01:08,133 - INFO - Skipping already-processed message ID: <27873746-1170-475E-9C21-7CE95948A671@yahoo.com>
2026-05-02 14:01:08,134 - INFO - Skipping already-processed message ID: <22764553-180E-42BB-9898-BC855B10E550@yahoo.com>
2026-05-02 14:01:08,134 - INFO - Skipping already-processed message ID: <C3317370-D2F5-409D-8D13-85A2F90FC6DB@yahoo.com>
2026-05-02 14:01:08,134 - INFO - Skipping already-processed message ID: <0100019de822820b-cbbf2f75-c1ed-469c-85df-98c1ab947266-000000@email.amazonses.com>
2026-05-02 14:01:08,134 - INFO - Skipping already-processed message ID: <F5FDBF7F-24C1-41B6-9793-F672681D2827@yahoo.com>
2026-05-02 14:01:08,134 - INFO - Skipping already-processed message ID: <7E3878D1-7A25-4DB5-AB91-558C9CE7A009@yahoo.com>
2026-05-02 14:01:08,134 - INFO - Skipping already-processed message ID: <1DAA720E-E8A6-4C3D-98DA-141AE8AE8BF9@yahoo.com>
2026-05-02 14:01:08,134 - INFO - Skipping already-processed message ID: <660F1C74-5A6B-4C1B-BBCE-05E53BED615E@yahoo.com>
2026-05-02 14:01:08,134 - INFO - Skipping already-processed message ID: <CF815BF6-F0CF-42BC-8956-F9AEA2E7A053@yahoo.com>
2026-05-02 14:01:08,134 - INFO - Skipping already-processed message ID: <E7CA10BA-6536-4481-BA1A-E0DAAFF3E63E@yahoo.com>
2026-05-02 14:01:08,134 - INFO - Skipping already-processed message ID: <06787DDD-1890-48CE-BA09-46B7B4AB7B53@yahoo.com>
2026-05-02 14:01:08,134 - INFO - Skipping already-processed message ID: <56406ED9-2A10-40A7-83ED-8CC1FDAD274D@yahoo.com>
2026-05-02 14:01:08,134 - INFO - Skipping already-processed message ID: <F593F874-3F7A-47E7-8C65-3ED650CF0D68@yahoo.com>
2026-05-02 14:01:08,134 - INFO - Skipping already-processed message ID: <2ADA9175-EFDE-4BC4-A5F2-88C215B9BB8C@yahoo.com>
2026-05-02 14:01:08,134 - INFO - Skipping already-processed message ID: <0100019de2fb8445-a87a4925-92c2-42a5-9325-84d2287482af-000000@email.amazonses.com>
2026-05-02 14:01:08,134 - INFO - Skipping already-processed message ID: <040B1BD2-9311-49F9-99FE-16FC0CB7DC0A@yahoo.com>
2026-05-02 14:01:08,134 - INFO - Skipping already-processed message ID: <F72E2F6A-BF9C-4CB6-8952-CE27911B44D9@yahoo.com>
2026-05-02 14:01:08,135 - INFO - ℹ️ No new links found
2026-05-02 14:11:36,864 - INFO - HTTP Request: GET https://api.agentmail.to/v0/inboxes/laumiex@agentmail.to/messages?limit=20 "HTTP/1.1 200 OK"
2026-05-02 14:11:36,897 - INFO - 📧 Processing 20 emails...
2026-05-02 14:11:36,897 - INFO - Loading sent links...
2026-05-02 14:11:36,897 - INFO - Loaded 13 previously sent links, 22 processed message IDs
2026-05-02 14:11:36,897 - INFO - Skipping already-processed message ID: <2AE4154D-4DE9-4188-8CD9-BA433528599C@yahoo.com>
2026-05-02 14:11:36,897 - INFO - Skipping already-processed message ID: <2BB0CCC4-735B-4A5F-8019-A3B7CCC74D03@yahoo.com>
2026-05-02 14:11:36,898 - INFO - Skipping already-processed message ID: <797218A6-4A17-4B87-B429-61B02C7183AD@yahoo.com>
2026-05-02 14:11:36,898 - INFO - Skipping already-processed message ID: <27873746-1170-475E-9C21-7CE95948A671@yahoo.com>
2026-05-02 14:11:36,898 - INFO - Skipping already-processed message ID: <22764553-180E-42BB-9898-BC855B10E550@yahoo.com>
2026-05-02 14:11:36,898 - INFO - Skipping already-processed message ID: <C3317370-D2F5-409D-8D13-85A2F90FC6DB@yahoo.com>
2026-05-02 14:11:36,898 - INFO - Skipping already-processed message ID: <0100019de822820b-cbbf2f75-c1ed-469c-85df-98c1ab947266-000000@email.amazonses.com>
2026-05-02 14:11:36,898 - INFO - Skipping already-processed message ID: <F5FDBF7F-24C1-41B6-9793-F672681D2827@yahoo.com>
2026-05-02 14:11:36,898 - INFO - Skipping already-processed message ID: <7E3878D1-7A25-4DB5-AB91-558C9CE7A009@yahoo.com>
2026-05-02 14:11:36,898 - INFO - Skipping already-processed message ID: <1DAA720E-E8A6-4C3D-98DA-141AE8AE8BF9@yahoo.com>
2026-05-02 14:11:36,898 - INFO - Skipping already-processed message ID: <660F1C74-5A6B-4C1B-BBCE-05E53BED615E@yahoo.com>
2026-05-02 14:11:36,898 - INFO - Skipping already-processed message ID: <CF815BF6-F0CF-42BC-8956-F9AEA2E7A053@yahoo.com>
2026-05-02 14:11:36,898 - INFO - Skipping already-processed message ID: <E7CA10BA-6536-4481-BA1A-E0DAAFF3E63E@yahoo.com>
2026-05-02 14:11:36,898 - INFO - Skipping already-processed message ID: <06787DDD-1890-48CE-BA09-46B7B4AB7B53@yahoo.com>
2026-05-02 14:11:36,898 - INFO - Skipping already-processed message ID: <56406ED9-2A10-40A7-83ED-8CC1FDAD274D@yahoo.com>
2026-05-02 14:11:36,898 - INFO - Skipping already-processed message ID: <F593F874-3F7A-47E7-8C65-3ED650CF0D68@yahoo.com>
2026-05-02 14:11:36,898 - INFO - Skipping already-processed message ID: <2ADA9175-EFDE-4BC4-A5F2-88C215B9BB8C@yahoo.com>
2026-05-02 14:11:36,898 - INFO - Skipping already-processed message ID: <0100019de2fb8445-a87a4925-92c2-42a5-9325-84d2287482af-000000@email.amazonses.com>
2026-05-02 14:11:36,899 - INFO - Skipping already-processed message ID: <040B1BD2-9311-49F9-99FE-16FC0CB7DC0A@yahoo.com>
2026-05-02 14:11:36,899 - INFO - Skipping already-processed message ID: <F72E2F6A-BF9C-4CB6-8952-CE27911B44D9@yahoo.com>
2026-05-02 14:11:36,899 - INFO - ℹ️ No new links found
2026-05-02 14:21:10,103 - INFO - HTTP Request: GET https://api.agentmail.to/v0/inboxes/laumiex@agentmail.to/messages?limit=20 "HTTP/1.1 200 OK"
2026-05-02 14:21:10,140 - INFO - 📧 Processing 20 emails...
2026-05-02 14:21:10,140 - INFO - Loading sent links...
2026-05-02 14:21:10,141 - INFO - Loaded 13 previously sent links, 22 processed message IDs
2026-05-02 14:21:10,141 - INFO - Skipping already-processed message ID: <2AE4154D-4DE9-4188-8CD9-BA433528599C@yahoo.com>
2026-05-02 14:21:10,141 - INFO - Skipping already-processed message ID: <2BB0CCC4-735B-4A5F-8019-A3B7CCC74D03@yahoo.com>
2026-05-02 14:21:10,141 - INFO - Skipping already-processed message ID: <797218A6-4A17-4B87-B429-61B02C7183AD@yahoo.com>
2026-05-02 14:21:10,141 - INFO - Skipping already-processed message ID: <27873746-1170-475E-9C21-7CE95948A671@yahoo.com>
2026-05-02 14:21:10,141 - INFO - Skipping already-processed message ID: <22764553-180E-42BB-9898-BC855B10E550@yahoo.com>
2026-05-02 14:21:10,141 - INFO - Skipping already-processed message ID: <C3317370-D2F5-409D-8D13-85A2F90FC6DB@yahoo.com>
2026-05-02 14:21:10,141 - INFO - Skipping already-processed message ID: <0100019de822820b-cbbf2f75-c1ed-469c-85df-98c1ab947266-000000@email.amazonses.com>
2026-05-02 14:21:10,141 - INFO - Skipping already-processed message ID: <F5FDBF7F-24C1-41B6-9793-F672681D2827@yahoo.com>
2026-05-02 14:21:10,142 - INFO - Skipping already-processed message ID: <7E3878D1-7A25-4DB5-AB91-558C9CE7A009@yahoo.com>
2026-05-02 14:21:10,142 - INFO - Skipping already-processed message ID: <1DAA720E-E8A6-4C3D-98DA-141AE8AE8BF9@yahoo.com>
2026-05-02 14:21:10,142 - INFO - Skipping already-processed message ID: <660F1C74-5A6B-4C1B-BBCE-05E53BED615E@yahoo.com>
2026-05-02 14:21:10,142 - INFO - Skipping already-processed message ID: <CF815BF6-F0CF-42BC-8956-F9AEA2E7A053@yahoo.com>
2026-05-02 14:21:10,142 - INFO - Skipping already-processed message ID: <E7CA10BA-6536-4481-BA1A-E0DAAFF3E63E@yahoo.com>
2026-05-02 14:21:10,142 - INFO - Skipping already-processed message ID: <06787DDD-1890-48CE-BA09-46B7B4AB7B53@yahoo.com>
2026-05-02 14:21:10,142 - INFO - Skipping already-processed message ID: <56406ED9-2A10-40A7-83ED-8CC1FDAD274D@yahoo.com>
2026-05-02 14:21:10,142 - INFO - Skipping already-processed message ID: <F593F874-3F7A-47E7-8C65-3ED650CF0D68@yahoo.com>
2026-05-02 14:21:10,142 - INFO - Skipping already-processed message ID: <2ADA9175-EFDE-4BC4-A5F2-88C215B9BB8C@yahoo.com>
2026-05-02 14:21:10,142 - INFO - Skipping already-processed message ID: <0100019de2fb8445-a87a4925-92c2-42a5-9325-84d2287482af-000000@email.amazonses.com>
2026-05-02 14:21:10,142 - INFO - Skipping already-processed message ID: <040B1BD2-9311-49F9-99FE-16FC0CB7DC0A@yahoo.com>
2026-05-02 14:21:10,142 - INFO - Skipping already-processed message ID: <F72E2F6A-BF9C-4CB6-8952-CE27911B44D9@yahoo.com>
2026-05-02 14:21:10,142 - INFO - ℹ️ No new links found
2026-05-02 14:31:13,569 - INFO - HTTP Request: GET https://api.agentmail.to/v0/inboxes/laumiex@agentmail.to/messages?limit=20 "HTTP/1.1 200 OK"
2026-05-02 14:31:13,609 - INFO - 📧 Processing 20 emails...
2026-05-02 14:31:13,610 - INFO - Loading sent links...
2026-05-02 14:31:13,610 - INFO - Loaded 13 previously sent links, 22 processed message IDs
2026-05-02 14:31:13,610 - INFO - Skipping already-processed message ID: <2AE4154D-4DE9-4188-8CD9-BA433528599C@yahoo.com>
2026-05-02 14:31:13,610 - INFO - Skipping already-processed message ID: <2BB0CCC4-735B-4A5F-8019-A3B7CCC74D03@yahoo.com>
2026-05-02 14:31:13,610 - INFO - Skipping already-processed message ID: <797218A6-4A17-4B87-B429-61B02C7183AD@yahoo.com>
2026-05-02 14:31:13,610 - INFO - Skipping already-processed message ID: <27873746-1170-475E-9C21-7CE95948A671@yahoo.com>
2026-05-02 14:31:13,610 - INFO - Skipping already-processed message ID: <22764553-180E-42BB-9898-BC855B10E550@yahoo.com>
2026-05-02 14:31:13,610 - INFO - Skipping already-processed message ID: <C3317370-D2F5-409D-8D13-85A2F90FC6DB@yahoo.com>
2026-05-02 14:31:13,611 - INFO - Skipping already-processed message ID: <0100019de822820b-cbbf2f75-c1ed-469c-85df-98c1ab947266-000000@email.amazonses.com>
2026-05-02 14:31:13,611 - INFO - Skipping already-processed message ID: <F5FDBF7F-24C1-41B6-9793-F672681D2827@yahoo.com>
2026-05-02 14:31:13,611 - INFO - Skipping already-processed message ID: <7E3878D1-7A25-4DB5-AB91-558C9CE7A009@yahoo.com>
2026-05-02 14:31:13,611 - INFO - Skipping already-processed message ID: <1DAA720E-E8A6-4C3D-98DA-141AE8AE8BF9@yahoo.com>
2026-05-02 14:31:13,611 - INFO - Skipping already-processed message ID: <660F1C74-5A6B-4C1B-BBCE-05E53BED615E@yahoo.com>
2026-05-02 14:31:13,611 - INFO - Skipping already-processed message ID: <CF815BF6-F0CF-42BC-8956-F9AEA2E7A053@yahoo.com>
2026-05-02 14:31:13,611 - INFO - Skipping already-processed message ID: <E7CA10BA-6536-4481-BA1A-E0DAAFF3E63E@yahoo.com>
2026-05-02 14:31:13,611 - INFO - Skipping already-processed message ID: <06787DDD-1890-48CE-BA09-46B7B4AB7B53@yahoo.com>
2026-05-02 14:31:13,611 - INFO - Skipping already-processed message ID: <56406ED9-2A10-40A7-83ED-8CC1FDAD274D@yahoo.com>
2026-05-02 14:31:13,611 - INFO - Skipping already-processed message ID: <F593F874-3F7A-47E7-8C65-3ED650CF0D68@yahoo.com>
2026-05-02 14:31:13,611 - INFO - Skipping already-processed message ID: <2ADA9175-EFDE-4BC4-A5F2-88C215B9BB8C@yahoo.com>
2026-05-02 14:31:13,611 - INFO - Skipping already-processed message ID: <0100019de2fb8445-a87a4925-92c2-42a5-9325-84d2287482af-000000@email.amazonses.com>
2026-05-02 14:31:13,611 - INFO - Skipping already-processed message ID: <040B1BD2-9311-49F9-99FE-16FC0CB7DC0A@yahoo.com>
2026-05-02 14:31:13,611 - INFO - Skipping already-processed message ID: <F72E2F6A-BF9C-4CB6-8952-CE27911B44D9@yahoo.com>
2026-05-02 14:31:13,612 - INFO - ℹ️ No new links found
2026-05-02 14:41:06,533 - INFO - HTTP Request: GET https://api.agentmail.to/v0/inboxes/laumiex@agentmail.to/messages?limit=20 "HTTP/1.1 200 OK"
2026-05-02 14:41:06,563 - INFO - 📧 Processing 20 emails...
2026-05-02 14:41:06,564 - INFO - Loading sent links...
2026-05-02 14:41:06,564 - INFO - Loaded 13 previously sent links, 22 processed message IDs
2026-05-02 14:41:06,564 - INFO - Skipping already-processed message ID: <2AE4154D-4DE9-4188-8CD9-BA433528599C@yahoo.com>
2026-05-02 14:41:06,564 - INFO - Skipping already-processed message ID: <2BB0CCC4-735B-4A5F-8019-A3B7CCC74D03@yahoo.com>
2026-05-02 14:41:06,564 - INFO - Skipping already-processed message ID: <797218A6-4A17-4B87-B429-61B02C7183AD@yahoo.com>
2026-05-02 14:41:06,564 - INFO - Skipping already-processed message ID: <27873746-1170-475E-9C21-7CE95948A671@yahoo.com>
2026-05-02 14:41:06,564 - INFO - Skipping already-processed message ID: <22764553-180E-42BB-9898-BC855B10E550@yahoo.com>
2026-05-02 14:41:06,564 - INFO - Skipping already-processed message ID: <C3317370-D2F5-409D-8D13-85A2F90FC6DB@yahoo.com>
2026-05-02 14:41:06,564 - INFO - Skipping already-processed message ID: <0100019de822820b-cbbf2f75-c1ed-469c-85df-98c1ab947266-000000@email.amazonses.com>
2026-05-02 14:41:06,565 - INFO - Skipping already-processed message ID: <F5FDBF7F-24C1-41B6-9793-F672681D2827@yahoo.com>
2026-05-02 14:41:06,565 - INFO - Skipping already-processed message ID: <7E3878D1-7A25-4DB5-AB91-558C9CE7A009@yahoo.com>
2026-05-02 14:41:06,565 - INFO - Skipping already-processed message ID: <1DAA720E-E8A6-4C3D-98DA-141AE8AE8BF9@yahoo.com>
2026-05-02 14:41:06,565 - INFO - Skipping already-processed message ID: <660F1C74-5A6B-4C1B-BBCE-05E53BED615E@yahoo.com>
2026-05-02 14:41:06,565 - INFO - Skipping already-processed message ID: <CF815BF6-F0CF-42BC-8956-F9AEA2E7A053@yahoo.com>
2026-05-02 14:41:06,565 - INFO - Skipping already-processed message ID: <E7CA10BA-6536-4481-BA1A-E0DAAFF3E63E@yahoo.com>
2026-05-02 14:41:06,565 - INFO - Skipping already-processed message ID: <06787DDD-1890-48CE-BA09-46B7B4AB7B53@yahoo.com>
2026-05-02 14:41:06,565 - INFO - Skipping already-processed message ID: <56406ED9-2A10-40A7-83ED-8CC1FDAD274D@yahoo.com>
2026-05-02 14:41:06,565 - INFO - Skipping already-processed message ID: <F593F874-3F7A-47E7-8C65-3ED650CF0D68@yahoo.com>
2026-05-02 14:41:06,565 - INFO - Skipping already-processed message ID: <2ADA9175-EFDE-4BC4-A5F2-88C215B9BB8C@yahoo.com>
2026-05-02 14:41:06,565 - INFO - Skipping already-processed message ID: <0100019de2fb8445-a87a4925-92c2-42a5-9325-84d2287482af-000000@email.amazonses.com>
2026-05-02 14:41:06,565 - INFO - Skipping already-processed message ID: <040B1BD2-9311-49F9-99FE-16FC0CB7DC0A@yahoo.com>
2026-05-02 14:41:06,565 - INFO - Skipping already-processed message ID: <F72E2F6A-BF9C-4CB6-8952-CE27911B44D9@yahoo.com>
2026-05-02 14:41:06,565 - INFO - ℹ️ No new links found
2026-05-02 14:51:12,718 - INFO - HTTP Request: GET https://api.agentmail.to/v0/inboxes/laumiex@agentmail.to/messages?limit=20 "HTTP/1.1 200 OK"
2026-05-02 14:51:12,750 - INFO - 📧 Processing 20 emails...
2026-05-02 14:51:12,750 - INFO - Loading sent links...
2026-05-02 14:51:12,751 - INFO - Loaded 13 previously sent links, 22 processed message IDs
2026-05-02 14:51:12,751 - INFO - Skipping already-processed message ID: <2AE4154D-4DE9-4188-8CD9-BA433528599C@yahoo.com>
2026-05-02 14:51:12,751 - INFO - Skipping already-processed message ID: <2BB0CCC4-735B-4A5F-8019-A3B7CCC74D03@yahoo.com>
2026-05-02 14:51:12,751 - INFO - Skipping already-processed message ID: <797218A6-4A17-4B87-B429-61B02C7183AD@yahoo.com>
2026-05-02 14:51:12,751 - INFO - Skipping already-processed message ID: <27873746-1170-475E-9C21-7CE95948A671@yahoo.com>
2026-05-02 14:51:12,751 - INFO - Skipping already-processed message ID: <22764553-180E-42BB-9898-BC855B10E550@yahoo.com>
2026-05-02 14:51:12,751 - INFO - Skipping already-processed message ID: <C3317370-D2F5-409D-8D13-85A2F90FC6DB@yahoo.com>
2026-05-02 14:51:12,751 - INFO - Skipping already-processed message ID: <0100019de822820b-cbbf2f75-c1ed-469c-85df-98c1ab947266-000000@email.amazonses.com>
2026-05-02 14:51:12,751 - INFO - Skipping already-processed message ID: <F5FDBF7F-24C1-41B6-9793-F672681D2827@yahoo.com>
2026-05-02 14:51:12,751 - INFO - Skipping already-processed message ID: <7E3878D1-7A25-4DB5-AB91-558C9CE7A009@yahoo.com>
2026-05-02 14:51:12,751 - INFO - Skipping already-processed message ID: <1DAA720E-E8A6-4C3D-98DA-141AE8AE8BF9@yahoo.com>
2026-05-02 14:51:12,751 - INFO - Skipping already-processed message ID: <660F1C74-5A6B-4C1B-BBCE-05E53BED615E@yahoo.com>
2026-05-02 14:51:12,751 - INFO - Skipping already-processed message ID: <CF815BF6-F0CF-42BC-8956-F9AEA2E7A053@yahoo.com>
2026-05-02 14:51:12,751 - INFO - Skipping already-processed message ID: <E7CA10BA-6536-4481-BA1A-E0DAAFF3E63E@yahoo.com>
2026-05-02 14:51:12,751 - INFO - Skipping already-processed message ID: <06787DDD-1890-48CE-BA09-46B7B4AB7B53@yahoo.com>
2026-05-02 14:51:12,752 - INFO - Skipping already-processed message ID: <56406ED9-2A10-40A7-83ED-8CC1FDAD274D@yahoo.com>
2026-05-02 14:51:12,752 - INFO - Skipping already-processed message ID: <F593F874-3F7A-47E7-8C65-3ED650CF0D68@yahoo.com>
2026-05-02 14:51:12,752 - INFO - Skipping already-processed message ID: <2ADA9175-EFDE-4BC4-A5F2-88C215B9BB8C@yahoo.com>
2026-05-02 14:51:12,752 - INFO - Skipping already-processed message ID: <0100019de2fb8445-a87a4925-92c2-42a5-9325-84d2287482af-000000@email.amazonses.com>
2026-05-02 14:51:12,752 - INFO - Skipping already-processed message ID: <040B1BD2-9311-49F9-99FE-16FC0CB7DC0A@yahoo.com>
2026-05-02 14:51:12,752 - INFO - Skipping already-processed message ID: <F72E2F6A-BF9C-4CB6-8952-CE27911B44D9@yahoo.com>
2026-05-02 15:01:33,444 - INFO - HTTP Request: GET https://api.agentmail.to/v0/inboxes/laumiex@agentmail.to/messages?limit=20 "HTTP/1.1 200 OK"
2026-05-02 15:01:33,482 - INFO - 📧 Processing 20 emails...
2026-05-02 15:01:33,482 - INFO - Loading sent links...
2026-05-02 15:01:33,483 - INFO - Loaded 13 previously sent links, 22 processed message IDs
2026-05-02 15:01:33,483 - INFO - Skipping already-processed message ID: <2AE4154D-4DE9-4188-8CD9-BA433528599C@yahoo.com>
2026-05-02 15:01:33,483 - INFO - Skipping already-processed message ID: <2BB0CCC4-735B-4A5F-8019-A3B7CCC74D03@yahoo.com>
2026-05-02 15:01:33,483 - INFO - Skipping already-processed message ID: <797218A6-4A17-4B87-B429-61B02C7183AD@yahoo.com>
2026-05-02 15:01:33,483 - INFO - Skipping already-processed message ID: <27873746-1170-475E-9C21-7CE95948A671@yahoo.com>
2026-05-02 15:01:33,483 - INFO - Skipping already-processed message ID: <22764553-180E-42BB-9898-BC855B10E550@yahoo.com>
2026-05-02 15:01:33,483 - INFO - Skipping already-processed message ID: <C3317370-D2F5-409D-8D13-85A2F90FC6DB@yahoo.com>
2026-05-02 15:01:33,483 - INFO - Skipping already-processed message ID: <0100019de822820b-cbbf2f75-c1ed-469c-85df-98c1ab947266-000000@email.amazonses.com>
2026-05-02 15:01:33,483 - INFO - Skipping already-processed message ID: <F5FDBF7F-24C1-41B6-9793-F672681D2827@yahoo.com>
2026-05-02 15:01:33,483 - INFO - Skipping already-processed message ID: <7E3878D1-7A25-4DB5-AB91-558C9CE7A009@yahoo.com>
2026-05-02 15:01:33,483 - INFO - Skipping already-processed message ID: <1DAA720E-E8A6-4C3D-98DA-141AE8AE8BF9@yahoo.com>
2026-05-02 15:01:33,483 - INFO - Skipping already-processed message ID: <660F1C74-5A6B-4C1B-BBCE-05E53BED615E@yahoo.com>
2026-05-02 15:01:33,483 - INFO - Skipping already-processed message ID: <CF815BF6-F0CF-42BC-8956-F9AEA2E7A053@yahoo.com>
2026-05-02 15:01:33,483 - INFO - Skipping already-processed message ID: <E7CA10BA-6536-4481-BA1A-E0DAAFF3E63E@yahoo.com>
2026-05-02 15:01:33,483 - INFO - Skipping already-processed message ID: <06787DDD-1890-48CE-BA09-46B7B4AB7B53@yahoo.com>
2026-05-02 15:01:33,483 - INFO - Skipping already-processed message ID: <56406ED9-2A10-40A7-83ED-8CC1FDAD274D@yahoo.com>
2026-05-02 15:01:33,483 - INFO - Skipping already-processed message ID: <F593F874-3F7A-47E7-8C65-3ED650CF0D68@yahoo.com>
2026-05-02 15:01:33,483 - INFO - Skipping already-processed message ID: <2ADA9175-EFDE-4BC4-A5F2-88C215B9BB8C@yahoo.com>
2026-05-02 15:01:33,484 - INFO - Skipping already-processed message ID: <0100019de2fb8445-a87a4925-92c2-42a5-9325-84d2287482af-000000@email.amazonses.com>
2026-05-02 15:01:33,484 - INFO - Skipping already-processed message ID: <040B1BD2-9311-49F9-99FE-16FC0CB7DC0A@yahoo.com>
2026-05-02 15:01:33,484 - INFO - Skipping already-processed message ID: <F72E2F6A-BF9C-4CB6-8952-CE27911B44D9@yahoo.com>
2026-05-02 15:11:08,900 - INFO - HTTP Request: GET https://api.agentmail.to/v0/inboxes/laumiex@agentmail.to/messages?limit=20 "HTTP/1.1 200 OK"
2026-05-02 15:11:08,941 - INFO - 📧 Processing 20 emails...
2026-05-02 15:11:08,941 - INFO - Loading sent links...
2026-05-02 15:11:08,941 - INFO - Loaded 13 previously sent links, 22 processed message IDs
2026-05-02 15:11:08,941 - INFO - Skipping already-processed message ID: <2AE4154D-4DE9-4188-8CD9-BA433528599C@yahoo.com>
2026-05-02 15:11:08,941 - INFO - Skipping already-processed message ID: <2BB0CCC4-735B-4A5F-8019-A3B7CCC74D03@yahoo.com>
2026-05-02 15:11:08,941 - INFO - Skipping already-processed message ID: <797218A6-4A17-4B87-B429-61B02C7183AD@yahoo.com>
2026-05-02 15:11:08,941 - INFO - Skipping already-processed message ID: <27873746-1170-475E-9C21-7CE95948A671@yahoo.com>
2026-05-02 15:11:08,941 - INFO - Skipping already-processed message ID: <22764553-180E-42BB-9898-BC855B10E550@yahoo.com>
2026-05-02 15:11:08,941 - INFO - Skipping already-processed message ID: <C3317370-D2F5-409D-8D13-85A2F90FC6DB@yahoo.com>
2026-05-02 15:11:08,942 - INFO - Skipping already-processed message ID: <0100019de822820b-cbbf2f75-c1ed-469c-85df-98c1ab947266-000000@email.amazonses.com>
2026-05-02 15:11:08,942 - INFO - Skipping already-processed message ID: <F5FDBF7F-24C1-41B6-9793-F672681D2827@yahoo.com>
2026-05-02 15:11:08,942 - INFO - Skipping already-processed message ID: <7E3878D1-7A25-4DB5-AB91-558C9CE7A009@yahoo.com>
2026-05-02 15:11:08,942 - INFO - Skipping already-processed message ID: <1DAA720E-E8A6-4C3D-98DA-141AE8AE8BF9@yahoo.com>
2026-05-02 15:11:08,942 - INFO - Skipping already-processed message ID: <660F1C74-5A6B-4C1B-BBCE-05E53BED615E@yahoo.com>
2026-05-02 15:11:08,942 - INFO - Skipping already-processed message ID: <CF815BF6-F0CF-42BC-8956-F9AEA2E7A053@yahoo.com>
2026-05-02 15:11:08,942 - INFO - Skipping already-processed message ID: <E7CA10BA-6536-4481-BA1A-E0DAAFF3E63E@yahoo.com>
2026-05-02 15:11:08,942 - INFO - Skipping already-processed message ID: <06787DDD-1890-48CE-BA09-46B7B4AB7B53@yahoo.com>
2026-05-02 15:11:08,942 - INFO - Skipping already-processed message ID: <56406ED9-2A10-40A7-83ED-8CC1FDAD274D@yahoo.com>
2026-05-02 15:11:08,942 - INFO - Skipping already-processed message ID: <F593F874-3F7A-47E7-8C65-3ED650CF0D68@yahoo.com>
2026-05-02 15:11:08,942 - INFO - Skipping already-processed message ID: <2ADA9175-EFDE-4BC4-A5F2-88C215B9BB8C@yahoo.com>
2026-05-02 15:11:08,942 - INFO - Skipping already-processed message ID: <0100019de2fb8445-a87a4925-92c2-42a5-9325-84d2287482af-000000@email.amazonses.com>
2026-05-02 15:11:08,942 - INFO - Skipping already-processed message ID: <040B1BD2-9311-49F9-99FE-16FC0CB7DC0A@yahoo.com>
2026-05-02 15:11:08,942 - INFO - Skipping already-processed message ID: <F72E2F6A-BF9C-4CB6-8952-CE27911B44D9@yahoo.com>
2026-05-02 15:21:13,259 - INFO - HTTP Request: GET https://api.agentmail.to/v0/inboxes/laumiex@agentmail.to/messages?limit=20 "HTTP/1.1 200 OK"
2026-05-02 15:21:13,285 - INFO - 📧 Processing 20 emails...
2026-05-02 15:21:13,285 - INFO - Loading sent links...
2026-05-02 15:21:13,285 - INFO - Loaded 13 previously sent links, 22 processed message IDs
2026-05-02 15:21:13,285 - INFO - Skipping already-processed message ID: <2AE4154D-4DE9-4188-8CD9-BA433528599C@yahoo.com>
2026-05-02 15:21:13,285 - INFO - Skipping already-processed message ID: <2BB0CCC4-735B-4A5F-8019-A3B7CCC74D03@yahoo.com>
2026-05-02 15:21:13,285 - INFO - Skipping already-processed message ID: <797218A6-4A17-4B87-B429-61B02C7183AD@yahoo.com>
2026-05-02 15:21:13,285 - INFO - Skipping already-processed message ID: <27873746-1170-475E-9C21-7CE95948A671@yahoo.com>
2026-05-02 15:21:13,285 - INFO - Skipping already-processed message ID: <22764553-180E-42BB-9898-BC855B10E550@yahoo.com>
2026-05-02 15:21:13,285 - INFO - Skipping already-processed message ID: <C3317370-D2F5-409D-8D13-85A2F90FC6DB@yahoo.com>
2026-05-02 15:21:13,285 - INFO - Skipping already-processed message ID: <0100019de822820b-cbbf2f75-c1ed-469c-85df-98c1ab947266-000000@email.amazonses.com>
2026-05-02 15:21:13,285 - INFO - Skipping already-processed message ID: <F5FDBF7F-24C1-41B6-9793-F672681D2827@yahoo.com>
2026-05-02 15:21:13,285 - INFO - Skipping already-processed message ID: <7E3878D1-7A25-4DB5-AB91-558C9CE7A009@yahoo.com>
2026-05-02 15:21:13,286 - INFO - Skipping already-processed message ID: <1DAA720E-E8A6-4C3D-98DA-141AE8AE8BF9@yahoo.com>
2026-05-02 15:21:13,286 - INFO - Skipping already-processed message ID: <660F1C74-5A6B-4C1B-BBCE-05E53BED615E@yahoo.com>
2026-05-02 15:21:13,286 - INFO - Skipping already-processed message ID: <CF815BF6-F0CF-42BC-8956-F9AEA2E7A053@yahoo.com>
2026-05-02 15:21:13,286 - INFO - Skipping already-processed message ID: <E7CA10BA-6536-4481-BA1A-E0DAAFF3E63E@yahoo.com>
2026-05-02 15:21:13,286 - INFO - Skipping already-processed message ID: <06787DDD-1890-48CE-BA09-46B7B4AB7B53@yahoo.com>
2026-05-02 15:21:13,286 - INFO - Skipping already-processed message ID: <56406ED9-2A10-40A7-83ED-8CC1FDAD274D@yahoo.com>
2026-05-02 15:21:13,286 - INFO - Skipping already-processed message ID: <F593F874-3F7A-47E7-8C65-3ED650CF0D68@yahoo.com>
2026-05-02 15:21:13,286 - INFO - Skipping already-processed message ID: <2ADA9175-EFDE-4BC4-A5F2-88C215B9BB8C@yahoo.com>
2026-05-02 15:21:13,286 - INFO - Skipping already-processed message ID: <0100019de2fb8445-a87a4925-92c2-42a5-9325-84d2287482af-000000@email.amazonses.com>
2026-05-02 15:21:13,286 - INFO - Skipping already-processed message ID: <040B1BD2-9311-49F9-99FE-16FC0CB7DC0A@yahoo.com>
2026-05-02 15:21:13,286 - INFO - Skipping already-processed message ID: <F72E2F6A-BF9C-4CB6-8952-CE27911B44D9@yahoo.com>
2026-05-02 15:31:06,878 - INFO - HTTP Request: GET https://api.agentmail.to/v0/inboxes/laumiex@agentmail.to/messages?limit=20 "HTTP/1.1 200 OK"
2026-05-02 15:31:06,911 - INFO - 📧 Processing 20 emails...
2026-05-02 15:31:06,911 - INFO - Loading sent links...
2026-05-02 15:31:06,912 - INFO - Loaded 13 previously sent links, 22 processed message IDs
2026-05-02 15:31:06,912 - INFO - Skipping already-processed message ID: <2AE4154D-4DE9-4188-8CD9-BA433528599C@yahoo.com>
2026-05-02 15:31:06,912 - INFO - Skipping already-processed message ID: <2BB0CCC4-735B-4A5F-8019-A3B7CCC74D03@yahoo.com>
2026-05-02 15:31:06,912 - INFO - Skipping already-processed message ID: <797218A6-4A17-4B87-B429-61B02C7183AD@yahoo.com>
2026-05-02 15:31:06,912 - INFO - Skipping already-processed message ID: <27873746-1170-475E-9C21-7CE95948A671@yahoo.com>
2026-05-02 15:31:06,912 - INFO - Skipping already-processed message ID: <22764553-180E-42BB-9898-BC855B10E550@yahoo.com>
2026-05-02 15:31:06,912 - INFO - Skipping already-processed message ID: <C3317370-D2F5-409D-8D13-85A2F90FC6DB@yahoo.com>
2026-05-02 15:31:06,912 - INFO - Skipping already-processed message ID: <0100019de822820b-cbbf2f75-c1ed-469c-85df-98c1ab947266-000000@email.amazonses.com>
2026-05-02 15:31:06,912 - INFO - Skipping already-processed message ID: <F5FDBF7F-24C1-41B6-9793-F672681D2827@yahoo.com>
2026-05-02 15:31:06,912 - INFO - Skipping already-processed message ID: <7E3878D1-7A25-4DB5-AB91-558C9CE7A009@yahoo.com>
2026-05-02 15:31:06,912 - INFO - Skipping already-processed message ID: <1DAA720E-E8A6-4C3D-98DA-141AE8AE8BF9@yahoo.com>
2026-05-02 15:31:06,912 - INFO - Skipping already-processed message ID: <660F1C74-5A6B-4C1B-BBCE-05E53BED615E@yahoo.com>
2026-05-02 15:31:06,913 - INFO - Skipping already-processed message ID: <CF815BF6-F0CF-42BC-8956-F9AEA2E7A053@yahoo.com>
2026-05-02 15:31:06,913 - INFO - Skipping already-processed message ID: <E7CA10BA-6536-4481-BA1A-E0DAAFF3E63E@yahoo.com>
2026-05-02 15:31:06,913 - INFO - Skipping already-processed message ID: <06787DDD-1890-48CE-BA09-46B7B4AB7B53@yahoo.com>
2026-05-02 15:31:06,913 - INFO - Skipping already-processed message ID: <56406ED9-2A10-40A7-83ED-8CC1FDAD274D@yahoo.com>
2026-05-02 15:31:06,913 - INFO - Skipping already-processed message ID: <F593F874-3F7A-47E7-8C65-3ED650CF0D68@yahoo.com>
2026-05-02 15:31:06,913 - INFO - Skipping already-processed message ID: <2ADA9175-EFDE-4BC4-A5F2-88C215B9BB8C@yahoo.com>
2026-05-02 15:31:06,913 - INFO - Skipping already-processed message ID: <0100019de2fb8445-a87a4925-92c2-42a5-9325-84d2287482af-000000@email.amazonses.com>
2026-05-02 15:31:06,913 - INFO - Skipping already-processed message ID: <040B1BD2-9311-49F9-99FE-16FC0CB7DC0A@yahoo.com>
2026-05-02 15:31:06,913 - INFO - Skipping already-processed message ID: <F72E2F6A-BF9C-4CB6-8952-CE27911B44D9@yahoo.com>
2026-05-02 15:41:09,374 - INFO - HTTP Request: GET https://api.agentmail.to/v0/inboxes/laumiex@agentmail.to/messages?limit=20 "HTTP/1.1 200 OK"
2026-05-02 15:41:09,399 - INFO - 📧 Processing 20 emails...
2026-05-02 15:41:09,399 - INFO - Loading sent links...
2026-05-02 15:41:09,400 - INFO - Loaded 13 previously sent links, 22 processed message IDs
2026-05-02 15:41:09,400 - INFO - Skipping already-processed message ID: <2AE4154D-4DE9-4188-8CD9-BA433528599C@yahoo.com>
2026-05-02 15:41:09,400 - INFO - Skipping already-processed message ID: <2BB0CCC4-735B-4A5F-8019-A3B7CCC74D03@yahoo.com>
2026-05-02 15:41:09,400 - INFO - Skipping already-processed message ID: <797218A6-4A17-4B87-B429-61B02C7183AD@yahoo.com>
2026-05-02 15:41:09,400 - INFO - Skipping already-processed message ID: <27873746-1170-475E-9C21-7CE95948A671@yahoo.com>
2026-05-02 15:41:09,400 - INFO - Skipping already-processed message ID: <22764553-180E-42BB-9898-BC855B10E550@yahoo.com>
2026-05-02 15:41:09,400 - INFO - Skipping already-processed message ID: <C3317370-D2F5-409D-8D13-85A2F90FC6DB@yahoo.com>
2026-05-02 15:41:09,400 - INFO - Skipping already-processed message ID: <0100019de822820b-cbbf2f75-c1ed-469c-85df-98c1ab947266-000000@email.amazonses.com>
2026-05-02 15:41:09,400 - INFO - Skipping already-processed message ID: <F5FDBF7F-24C1-41B6-9793-F672681D2827@yahoo.com>
2026-05-02 15:41:09,400 - INFO - Skipping already-processed message ID: <7E3878D1-7A25-4DB5-AB91-558C9CE7A009@yahoo.com>
2026-05-02 15:41:09,400 - INFO - Skipping already-processed message ID: <1DAA720E-E8A6-4C3D-98DA-141AE8AE8BF9@yahoo.com>
2026-05-02 15:41:09,401 - INFO - Skipping already-processed message ID: <660F1C74-5A6B-4C1B-BBCE-05E53BED615E@yahoo.com>
2026-05-02 15:41:09,401 - INFO - Skipping already-processed message ID: <CF815BF6-F0CF-42BC-8956-F9AEA2E7A053@yahoo.com>
2026-05-02 15:41:09,401 - INFO - Skipping already-processed message ID: <E7CA10BA-6536-4481-BA1A-E0DAAFF3E63E@yahoo.com>
2026-05-02 15:41:09,401 - INFO - Skipping already-processed message ID: <06787DDD-1890-48CE-BA09-46B7B4AB7B53@yahoo.com>
2026-05-02 15:41:09,401 - INFO - Skipping already-processed message ID: <56406ED9-2A10-40A7-83ED-8CC1FDAD274D@yahoo.com>
2026-05-02 15:41:09,401 - INFO - Skipping already-processed message ID: <F593F874-3F7A-47E7-8C65-3ED650CF0D68@yahoo.com>
2026-05-02 15:41:09,401 - INFO - Skipping already-processed message ID: <2ADA9175-EFDE-4BC4-A5F2-88C215B9BB8C@yahoo.com>
2026-05-02 15:41:09,401 - INFO - Skipping already-processed message ID: <0100019de2fb8445-a87a4925-92c2-42a5-9325-84d2287482af-000000@email.amazonses.com>
2026-05-02 15:41:09,401 - INFO - Skipping already-processed message ID: <040B1BD2-9311-49F9-99FE-16FC0CB7DC0A@yahoo.com>
2026-05-02 15:41:09,401 - INFO - Skipping already-processed message ID: <F72E2F6A-BF9C-4CB6-8952-CE27911B44D9@yahoo.com>
2026-05-02 15:41:15,825 - INFO - HTTP Request: GET https://api.agentmail.to/v0/inboxes/laumiex@agentmail.to/messages?limit=20 "HTTP/1.1 200 OK"
2026-05-02 15:41:15,860 - INFO - 📧 Processing 20 emails...
2026-05-02 15:41:15,860 - INFO - Loading sent links...
2026-05-02 15:41:15,861 - INFO - Loaded 13 previously sent links, 22 processed message IDs
2026-05-02 15:41:15,861 - INFO - Skipping already-processed message ID: <2AE4154D-4DE9-4188-8CD9-BA433528599C@yahoo.com>
2026-05-02 15:41:15,861 - INFO - Skipping already-processed message ID: <2BB0CCC4-735B-4A5F-8019-A3B7CCC74D03@yahoo.com>
2026-05-02 15:41:15,861 - INFO - Skipping already-processed message ID: <797218A6-4A17-4B87-B429-61B02C7183AD@yahoo.com>
2026-05-02 15:41:15,861 - INFO - Skipping already-processed message ID: <27873746-1170-475E-9C21-7CE95948A671@yahoo.com>
2026-05-02 15:41:15,861 - INFO - Skipping already-processed message ID: <22764553-180E-42BB-9898-BC855B10E550@yahoo.com>
2026-05-02 15:41:15,861 - INFO - Skipping already-processed message ID: <C3317370-D2F5-409D-8D13-85A2F90FC6DB@yahoo.com>
2026-05-02 15:41:15,861 - INFO - Skipping already-processed message ID: <0100019de822820b-cbbf2f75-c1ed-469c-85df-98c1ab947266-000000@email.amazonses.com>
2026-05-02 15:41:15,861 - INFO - Skipping already-processed message ID: <F5FDBF7F-24C1-41B6-9793-F672681D2827@yahoo.com>
2026-05-02 15:41:15,861 - INFO - Skipping already-processed message ID: <7E3878D1-7A25-4DB5-AB91-558C9CE7A009@yahoo.com>
2026-05-02 15:41:15,861 - INFO - Skipping already-processed message ID: <1DAA720E-E8A6-4C3D-98DA-141AE8AE8BF9@yahoo.com>
2026-05-02 15:41:15,861 - INFO - Skipping already-processed message ID: <660F1C74-5A6B-4C1B-BBCE-05E53BED615E@yahoo.com>
2026-05-02 15:41:15,861 - INFO - Skipping already-processed message ID: <CF815BF6-F0CF-42BC-8956-F9AEA2E7A053@yahoo.com>
2026-05-02 15:41:15,861 - INFO - Skipping already-processed message ID: <E7CA10BA-6536-4481-BA1A-E0DAAFF3E63E@yahoo.com>
2026-05-02 15:41:15,861 - INFO - Skipping already-processed message ID: <06787DDD-1890-48CE-BA09-46B7B4AB7B53@yahoo.com>
2026-05-02 15:41:15,861 - INFO - Skipping already-processed message ID: <56406ED9-2A10-40A7-83ED-8CC1FDAD274D@yahoo.com>
2026-05-02 15:41:15,861 - INFO - Skipping already-processed message ID: <F593F874-3F7A-47E7-8C65-3ED650CF0D68@yahoo.com>
2026-05-02 15:41:15,861 - INFO - Skipping already-processed message ID: <2ADA9175-EFDE-4BC4-A5F2-88C215B9BB8C@yahoo.com>
2026-05-02 15:41:15,862 - INFO - Skipping already-processed message ID: <0100019de2fb8445-a87a4925-92c2-42a5-9325-84d2287482af-000000@email.amazonses.com>
2026-05-02 15:41:15,862 - INFO - Skipping already-processed message ID: <040B1BD2-9311-49F9-99FE-16FC0CB7DC0A@yahoo.com>
2026-05-02 15:41:15,862 - INFO - Skipping already-processed message ID: <F72E2F6A-BF9C-4CB6-8952-CE27911B44D9@yahoo.com>
2026-05-02 15:51:14,051 - INFO - HTTP Request: GET https://api.agentmail.to/v0/inboxes/laumiex@agentmail.to/messages?limit=20 "HTTP/1.1 200 OK"
2026-05-02 15:51:14,078 - INFO - 📧 Processing 20 emails...
2026-05-02 15:51:14,078 - INFO - Loading sent links...
2026-05-02 15:51:14,078 - INFO - Loaded 13 previously sent links, 22 processed message IDs
2026-05-02 15:51:14,078 - INFO - Skipping already-processed message ID: <2AE4154D-4DE9-4188-8CD9-BA433528599C@yahoo.com>
2026-05-02 15:51:14,079 - INFO - Skipping already-processed message ID: <2BB0CCC4-735B-4A5F-8019-A3B7CCC74D03@yahoo.com>
2026-05-02 15:51:14,079 - INFO - Skipping already-processed message ID: <797218A6-4A17-4B87-B429-61B02C7183AD@yahoo.com>
2026-05-02 15:51:14,079 - INFO - Skipping already-processed message ID: <27873746-1170-475E-9C21-7CE95948A671@yahoo.com>
2026-05-02 15:51:14,079 - INFO - Skipping already-processed message ID: <22764553-180E-42BB-9898-BC855B10E550@yahoo.com>
2026-05-02 15:51:14,079 - INFO - Skipping already-processed message ID: <C3317370-D2F5-409D-8D13-85A2F90FC6DB@yahoo.com>
2026-05-02 15:51:14,079 - INFO - Skipping already-processed message ID: <0100019de822820b-cbbf2f75-c1ed-469c-85df-98c1ab947266-000000@email.amazonses.com>
2026-05-02 15:51:14,079 - INFO - Skipping already-processed message ID: <F5FDBF7F-24C1-41B6-9793-F672681D2827@yahoo.com>
2026-05-02 15:51:14,079 - INFO - Skipping already-processed message ID: <7E3878D1-7A25-4DB5-AB91-558C9CE7A009@yahoo.com>
2026-05-02 15:51:14,079 - INFO - Skipping already-processed message ID: <1DAA720E-E8A6-4C3D-98DA-141AE8AE8BF9@yahoo.com>
2026-05-02 15:51:14,079 - INFO - Skipping already-processed message ID: <660F1C74-5A6B-4C1B-BBCE-05E53BED615E@yahoo.com>
2026-05-02 15:51:14,079 - INFO - Skipping already-processed message ID: <CF815BF6-F0CF-42BC-8956-F9AEA2E7A053@yahoo.com>
2026-05-02 15:51:14,079 - INFO - Skipping already-processed message ID: <E7CA10BA-6536-4481-BA1A-E0DAAFF3E63E@yahoo.com>
2026-05-02 15:51:14,079 - INFO - Skipping already-processed message ID: <06787DDD-1890-48CE-BA09-46B7B4AB7B53@yahoo.com>
2026-05-02 15:51:14,079 - INFO - Skipping already-processed message ID: <56406ED9-2A10-40A7-83ED-8CC1FDAD274D@yahoo.com>
2026-05-02 15:51:14,079 - INFO - Skipping already-processed message ID: <F593F874-3F7A-47E7-8C65-3ED650CF0D68@yahoo.com>
2026-05-02 15:51:14,080 - INFO - Skipping already-processed message ID: <2ADA9175-EFDE-4BC4-A5F2-88C215B9BB8C@yahoo.com>
2026-05-02 15:51:14,080 - INFO - Skipping already-processed message ID: <0100019de2fb8445-a87a4925-92c2-42a5-9325-84d2287482af-000000@email.amazonses.com>
2026-05-02 15:51:14,080 - INFO - Skipping already-processed message ID: <040B1BD2-9311-49F9-99FE-16FC0CB7DC0A@yahoo.com>
2026-05-02 15:51:14,080 - INFO - Skipping already-processed message ID: <F72E2F6A-BF9C-4CB6-8952-CE27911B44D9@yahoo.com>
2026-05-02 15:51:39,768 - INFO - HTTP Request: GET https://api.agentmail.to/v0/inboxes/laumiex@agentmail.to/messages?limit=20 "HTTP/1.1 200 OK"
2026-05-02 15:51:39,800 - INFO - 📧 Processing 20 emails...
2026-05-02 15:51:39,800 - INFO - Loading sent links...
2026-05-02 15:51:39,801 - INFO - Loaded 13 previously sent links, 22 processed message IDs
2026-05-02 15:51:39,801 - INFO - Skipping already-processed message ID: <2AE4154D-4DE9-4188-8CD9-BA433528599C@yahoo.com>
2026-05-02 15:51:39,801 - INFO - Skipping already-processed message ID: <2BB0CCC4-735B-4A5F-8019-A3B7CCC74D03@yahoo.com>
2026-05-02 15:51:39,801 - INFO - Skipping already-processed message ID: <797218A6-4A17-4B87-B429-61B02C7183AD@yahoo.com>
2026-05-02 15:51:39,801 - INFO - Skipping already-processed message ID: <27873746-1170-475E-9C21-7CE95948A671@yahoo.com>
2026-05-02 15:51:39,801 - INFO - Skipping already-processed message ID: <22764553-180E-42BB-9898-BC855B10E550@yahoo.com>
2026-05-02 15:51:39,801 - INFO - Skipping already-processed message ID: <C3317370-D2F5-409D-8D13-85A2F90FC6DB@yahoo.com>
2026-05-02 15:51:39,801 - INFO - Skipping already-processed message ID: <0100019de822820b-cbbf2f75-c1ed-469c-85df-98c1ab947266-000000@email.amazonses.com>
2026-05-02 15:51:39,801 - INFO - Skipping already-processed message ID: <F5FDBF7F-24C1-41B6-9793-F672681D2827@yahoo.com>
2026-05-02 15:51:39,801 - INFO - Skipping already-processed message ID: <7E3878D1-7A25-4DB5-AB91-558C9CE7A009@yahoo.com>
2026-05-02 15:51:39,801 - INFO - Skipping already-processed message ID: <1DAA720E-E8A6-4C3D-98DA-141AE8AE8BF9@yahoo.com>
2026-05-02 15:51:39,801 - INFO - Skipping already-processed message ID: <660F1C74-5A6B-4C1B-BBCE-05E53BED615E@yahoo.com>
2026-05-02 15:51:39,801 - INFO - Skipping already-processed message ID: <CF815BF6-F0CF-42BC-8956-F9AEA2E7A053@yahoo.com>
2026-05-02 15:51:39,802 - INFO - Skipping already-processed message ID: <E7CA10BA-6536-4481-BA1A-E0DAAFF3E63E@yahoo.com>
2026-05-02 15:51:39,802 - INFO - Skipping already-processed message ID: <06787DDD-1890-48CE-BA09-46B7B4AB7B53@yahoo.com>
2026-05-02 15:51:39,802 - INFO - Skipping already-processed message ID: <56406ED9-2A10-40A7-83ED-8CC1FDAD274D@yahoo.com>
2026-05-02 15:51:39,802 - INFO - Skipping already-processed message ID: <F593F874-3F7A-47E7-8C65-3ED650CF0D68@yahoo.com>
2026-05-02 15:51:39,802 - INFO - Skipping already-processed message ID: <2ADA9175-EFDE-4BC4-A5F2-88C215B9BB8C@yahoo.com>
2026-05-02 15:51:39,802 - INFO - Skipping already-processed message ID: <0100019de2fb8445-a87a4925-92c2-42a5-9325-84d2287482af-000000@email.amazonses.com>
2026-05-02 15:51:39,802 - INFO - Skipping already-processed message ID: <040B1BD2-9311-49F9-99FE-16FC0CB7DC0A@yahoo.com>
2026-05-02 15:51:39,802 - INFO - Skipping already-processed message ID: <F72E2F6A-BF9C-4CB6-8952-CE27911B44D9@yahoo.com>
2026-05-02 16:01:09,248 - INFO - HTTP Request: GET https://api.agentmail.to/v0/inboxes/laumiex@agentmail.to/messages?limit=20 "HTTP/1.1 200 OK"
2026-05-02 16:01:09,276 - INFO - 📧 Processing 20 emails...
2026-05-02 16:01:09,276 - INFO - Loading sent links...
2026-05-02 16:01:09,277 - INFO - Loaded 13 previously sent links, 22 processed message IDs
2026-05-02 16:01:09,277 - INFO - Skipping already-processed message ID: <2AE4154D-4DE9-4188-8CD9-BA433528599C@yahoo.com>
2026-05-02 16:01:09,277 - INFO - Skipping already-processed message ID: <2BB0CCC4-735B-4A5F-8019-A3B7CCC74D03@yahoo.com>
2026-05-02 16:01:09,277 - INFO - Skipping already-processed message ID: <797218A6-4A17-4B87-B429-61B02C7183AD@yahoo.com>
2026-05-02 16:01:09,277 - INFO - Skipping already-processed message ID: <27873746-1170-475E-9C21-7CE95948A671@yahoo.com>
2026-05-02 16:01:09,277 - INFO - Skipping already-processed message ID: <22764553-180E-42BB-9898-BC855B10E550@yahoo.com>
2026-05-02 16:01:09,277 - INFO - Skipping already-processed message ID: <C3317370-D2F5-409D-8D13-85A2F90FC6DB@yahoo.com>
2026-05-02 16:01:09,277 - INFO - Skipping already-processed message ID: <0100019de822820b-cbbf2f75-c1ed-469c-85df-98c1ab947266-000000@email.amazonses.com>
2026-05-02 16:01:09,277 - INFO - Skipping already-processed message ID: <F5FDBF7F-24C1-41B6-9793-F672681D2827@yahoo.com>
2026-05-02 16:01:09,277 - INFO - Skipping already-processed message ID: <7E3878D1-7A25-4DB5-AB91-558C9CE7A009@yahoo.com>
2026-05-02 16:01:09,277 - INFO - Skipping already-processed message ID: <1DAA720E-E8A6-4C3D-98DA-141AE8AE8BF9@yahoo.com>
2026-05-02 16:01:09,277 - INFO - Skipping already-processed message ID: <660F1C74-5A6B-4C1B-BBCE-05E53BED615E@yahoo.com>
2026-05-02 16:01:09,277 - INFO - Skipping already-processed message ID: <CF815BF6-F0CF-42BC-8956-F9AEA2E7A053@yahoo.com>
2026-05-02 16:01:09,277 - INFO - Skipping already-processed message ID: <E7CA10BA-6536-4481-BA1A-E0DAAFF3E63E@yahoo.com>
2026-05-02 16:01:09,277 - INFO - Skipping already-processed message ID: <06787DDD-1890-48CE-BA09-46B7B4AB7B53@yahoo.com>
2026-05-02 16:01:09,277 - INFO - Skipping already-processed message ID: <56406ED9-2A10-40A7-83ED-8CC1FDAD274D@yahoo.com>
2026-05-02 16:01:09,278 - INFO - Skipping already-processed message ID: <F593F874-3F7A-47E7-8C65-3ED650CF0D68@yahoo.com>
2026-05-02 16:01:09,278 - INFO - Skipping already-processed message ID: <2ADA9175-EFDE-4BC4-A5F2-88C215B9BB8C@yahoo.com>
2026-05-02 16:01:09,278 - INFO - Skipping already-processed message ID: <0100019de2fb8445-a87a4925-92c2-42a5-9325-84d2287482af-000000@email.amazonses.com>
2026-05-02 16:01:09,278 - INFO - Skipping already-processed message ID: <040B1BD2-9311-49F9-99FE-16FC0CB7DC0A@yahoo.com>
2026-05-02 16:01:09,278 - INFO - Skipping already-processed message ID: <F72E2F6A-BF9C-4CB6-8952-CE27911B44D9@yahoo.com>
2026-05-02 16:11:07,920 - INFO - HTTP Request: GET https://api.agentmail.to/v0/inboxes/laumiex@agentmail.to/messages?limit=20 "HTTP/1.1 200 OK"
2026-05-02 16:11:07,951 - INFO - 📧 Processing 20 emails...
2026-05-02 16:11:07,951 - INFO - Loading sent links...
2026-05-02 16:11:07,952 - INFO - Loaded 13 previously sent links, 22 processed message IDs
2026-05-02 16:11:07,952 - INFO - Skipping already-processed message ID: <2AE4154D-4DE9-4188-8CD9-BA433528599C@yahoo.com>
2026-05-02 16:11:07,952 - INFO - Skipping already-processed message ID: <2BB0CCC4-735B-4A5F-8019-A3B7CCC74D03@yahoo.com>
2026-05-02 16:11:07,952 - INFO - Skipping already-processed message ID: <797218A6-4A17-4B87-B429-61B02C7183AD@yahoo.com>
2026-05-02 16:11:07,952 - INFO - Skipping already-processed message ID: <27873746-1170-475E-9C21-7CE95948A671@yahoo.com>
2026-05-02 16:11:07,952 - INFO - Skipping already-processed message ID: <22764553-180E-42BB-9898-BC855B10E550@yahoo.com>
2026-05-02 16:11:07,952 - INFO - Skipping already-processed message ID: <C3317370-D2F5-409D-8D13-85A2F90FC6DB@yahoo.com>
2026-05-02 16:11:07,952 - INFO - Skipping already-processed message ID: <0100019de822820b-cbbf2f75-c1ed-469c-85df-98c1ab947266-000000@email.amazonses.com>
2026-05-02 16:11:07,952 - INFO - Skipping already-processed message ID: <F5FDBF7F-24C1-41B6-9793-F672681D2827@yahoo.com>
2026-05-02 16:11:07,952 - INFO - Skipping already-processed message ID: <7E3878D1-7A25-4DB5-AB91-558C9CE7A009@yahoo.com>
2026-05-02 16:11:07,952 - INFO - Skipping already-processed message ID: <1DAA720E-E8A6-4C3D-98DA-141AE8AE8BF9@yahoo.com>
2026-05-02 16:11:07,952 - INFO - Skipping already-processed message ID: <660F1C74-5A6B-4C1B-BBCE-05E53BED615E@yahoo.com>
2026-05-02 16:11:07,952 - INFO - Skipping already-processed message ID: <CF815BF6-F0CF-42BC-8956-F9AEA2E7A053@yahoo.com>
2026-05-02 16:11:07,952 - INFO - Skipping already-processed message ID: <E7CA10BA-6536-4481-BA1A-E0DAAFF3E63E@yahoo.com>
2026-05-02 16:11:07,952 - INFO - Skipping already-processed message ID: <06787DDD-1890-48CE-BA09-46B7B4AB7B53@yahoo.com>
2026-05-02 16:11:07,952 - INFO - Skipping already-processed message ID: <56406ED9-2A10-40A7-83ED-8CC1FDAD274D@yahoo.com>
2026-05-02 16:11:07,953 - INFO - Skipping already-processed message ID: <F593F874-3F7A-47E7-8C65-3ED650CF0D68@yahoo.com>
2026-05-02 16:11:07,953 - INFO - Skipping already-processed message ID: <2ADA9175-EFDE-4BC4-A5F2-88C215B9BB8C@yahoo.com>
2026-05-02 16:11:07,953 - INFO - Skipping already-processed message ID: <0100019de2fb8445-a87a4925-92c2-42a5-9325-84d2287482af-000000@email.amazonses.com>
2026-05-02 16:11:07,953 - INFO - Skipping already-processed message ID: <040B1BD2-9311-49F9-99FE-16FC0CB7DC0A@yahoo.com>
2026-05-02 16:11:07,953 - INFO - Skipping already-processed message ID: <F72E2F6A-BF9C-4CB6-8952-CE27911B44D9@yahoo.com>
2026-05-02 16:21:16,600 - INFO - HTTP Request: GET https://api.agentmail.to/v0/inboxes/laumiex@agentmail.to/messages?limit=20 "HTTP/1.1 200 OK"
2026-05-02 16:21:16,628 - INFO - 📧 Processing 20 emails...
2026-05-02 16:21:16,629 - INFO - Loading sent links...
2026-05-02 16:21:16,629 - INFO - Loaded 13 previously sent links, 22 processed message IDs
2026-05-02 16:21:16,629 - INFO - Skipping already-processed message ID: <2AE4154D-4DE9-4188-8CD9-BA433528599C@yahoo.com>
2026-05-02 16:21:16,629 - INFO - Skipping already-processed message ID: <2BB0CCC4-735B-4A5F-8019-A3B7CCC74D03@yahoo.com>
2026-05-02 16:21:16,629 - INFO - Skipping already-processed message ID: <797218A6-4A17-4B87-B429-61B02C7183AD@yahoo.com>
2026-05-02 16:21:16,629 - INFO - Skipping already-processed message ID: <27873746-1170-475E-9C21-7CE95948A671@yahoo.com>
2026-05-02 16:21:16,629 - INFO - Skipping already-processed message ID: <22764553-180E-42BB-9898-BC855B10E550@yahoo.com>
2026-05-02 16:21:16,629 - INFO - Skipping already-processed message ID: <C3317370-D2F5-409D-8D13-85A2F90FC6DB@yahoo.com>
2026-05-02 16:21:16,629 - INFO - Skipping already-processed message ID: <0100019de822820b-cbbf2f75-c1ed-469c-85df-98c1ab947266-000000@email.amazonses.com>
2026-05-02 16:21:16,629 - INFO - Skipping already-processed message ID: <F5FDBF7F-24C1-41B6-9793-F672681D2827@yahoo.com>
2026-05-02 16:21:16,630 - INFO - Skipping already-processed message ID: <7E3878D1-7A25-4DB5-AB91-558C9CE7A009@yahoo.com>
2026-05-02 16:21:16,630 - INFO - Skipping already-processed message ID: <1DAA720E-E8A6-4C3D-98DA-141AE8AE8BF9@yahoo.com>
2026-05-02 16:21:16,630 - INFO - Skipping already-processed message ID: <660F1C74-5A6B-4C1B-BBCE-05E53BED615E@yahoo.com>
2026-05-02 16:21:16,630 - INFO - Skipping already-processed message ID: <CF815BF6-F0CF-42BC-8956-F9AEA2E7A053@yahoo.com>
2026-05-02 16:21:16,630 - INFO - Skipping already-processed message ID: <E7CA10BA-6536-4481-BA1A-E0DAAFF3E63E@yahoo.com>
2026-05-02 16:21:16,630 - INFO - Skipping already-processed message ID: <06787DDD-1890-48CE-BA09-46B7B4AB7B53@yahoo.com>
2026-05-02 16:21:16,630 - INFO - Skipping already-processed message ID: <56406ED9-2A10-40A7-83ED-8CC1FDAD274D@yahoo.com>
2026-05-02 16:21:16,630 - INFO - Skipping already-processed message ID: <F593F874-3F7A-47E7-8C65-3ED650CF0D68@yahoo.com>
2026-05-02 16:21:16,630 - INFO - Skipping already-processed message ID: <2ADA9175-EFDE-4BC4-A5F2-88C215B9BB8C@yahoo.com>
2026-05-02 16:21:16,630 - INFO - Skipping already-processed message ID: <0100019de2fb8445-a87a4925-92c2-42a5-9325-84d2287482af-000000@email.amazonses.com>
2026-05-02 16:21:16,630 - INFO - Skipping already-processed message ID: <040B1BD2-9311-49F9-99FE-16FC0CB7DC0A@yahoo.com>
2026-05-02 16:21:16,630 - INFO - Skipping already-processed message ID: <F72E2F6A-BF9C-4CB6-8952-CE27911B44D9@yahoo.com>
2026-05-02 16:26:01,827 - INFO - 📧 Processing 20 emails...
2026-05-02 16:26:01,827 - INFO - Loading sent links...
2026-05-02 16:26:01,828 - INFO - Loaded 13 previously sent links, 22 processed message IDs
2026-05-02 16:26:01,828 - INFO - Skipping already-processed message ID: <2AE4154D-4DE9-4188-8CD9-BA433528599C@yahoo.com>
2026-05-02 16:26:01,828 - INFO - Skipping already-processed message ID: <2BB0CCC4-735B-4A5F-8019-A3B7CCC74D03@yahoo.com>
2026-05-02 16:26:01,828 - INFO - Skipping already-processed message ID: <797218A6-4A17-4B87-B429-61B02C7183AD@yahoo.com>
2026-05-02 16:26:01,828 - INFO - Skipping already-processed message ID: <27873746-1170-475E-9C21-7CE95948A671@yahoo.com>
2026-05-02 16:26:01,828 - INFO - Skipping already-processed message ID: <22764553-180E-42BB-9898-BC855B10E550@yahoo.com>
2026-05-02 16:26:01,829 - INFO - Skipping already-processed message ID: <C3317370-D2F5-409D-8D13-85A2F90FC6DB@yahoo.com>
2026-05-02 16:26:01,829 - INFO - Skipping already-processed message ID: <0100019de822820b-cbbf2f75-c1ed-469c-85df-98c1ab947266-000000@email.amazonses.com>
2026-05-02 16:26:01,829 - INFO - Skipping already-processed message ID: <F5FDBF7F-24C1-41B6-9793-F672681D2827@yahoo.com>
2026-05-02 16:26:01,829 - INFO - Skipping already-processed message ID: <7E3878D1-7A25-4DB5-AB91-558C9CE7A009@yahoo.com>
2026-05-02 16:26:01,829 - INFO - Skipping already-processed message ID: <1DAA720E-E8A6-4C3D-98DA-141AE8AE8BF9@yahoo.com>
2026-05-02 16:26:01,829 - INFO - Skipping already-processed message ID: <660F1C74-5A6B-4C1B-BBCE-05E53BED615E@yahoo.com>
2026-05-02 16:26:01,829 - INFO - Skipping already-processed message ID: <CF815BF6-F0CF-42BC-8956-F9AEA2E7A053@yahoo.com>
2026-05-02 16:26:01,829 - INFO - Skipping already-processed message ID: <E7CA10BA-6536-4481-BA1A-E0DAAFF3E63E@yahoo.com>
2026-05-02 16:26:01,829 - INFO - Skipping already-processed message ID: <06787DDD-1890-48CE-BA09-46B7B4AB7B53@yahoo.com>
2026-05-02 16:26:01,829 - INFO - Skipping already-processed message ID: <56406ED9-2A10-40A7-83ED-8CC1FDAD274D@yahoo.com>
2026-05-02 16:26:01,829 - INFO - Skipping already-processed message ID: <F593F874-3F7A-47E7-8C65-3ED650CF0D68@yahoo.com>
2026-05-02 16:26:01,829 - INFO - Skipping already-processed message ID: <2ADA9175-EFDE-4BC4-A5F2-88C215B9BB8C@yahoo.com>
2026-05-02 16:26:01,830 - INFO - Skipping already-processed message ID: <0100019de2fb8445-a87a4925-92c2-42a5-9325-84d2287482af-000000@email.amazonses.com>
2026-05-02 16:26:01,830 - INFO - Skipping already-processed message ID: <040B1BD2-9311-49F9-99FE-16FC0CB7DC0A@yahoo.com>
2026-05-02 16:26:01,830 - INFO - Skipping already-processed message ID: <F72E2F6A-BF9C-4CB6-8952-CE27911B44D9@yahoo.com>
2026-05-02 16:26:01,830 - INFO - ℹ️ No new links found
2026-05-02 16:31:10,804 - INFO - 📧 Processing 20 emails...
2026-05-02 16:31:10,804 - INFO - Loading sent links...
2026-05-02 16:31:10,804 - INFO - Loaded 13 previously sent links, 22 processed message IDs
2026-05-02 16:31:10,804 - INFO - Skipping already-processed message ID: <2AE4154D-4DE9-4188-8CD9-BA433528599C@yahoo.com>
2026-05-02 16:31:10,804 - INFO - Skipping already-processed message ID: <2BB0CCC4-735B-4A5F-8019-A3B7CCC74D03@yahoo.com>
2026-05-02 16:31:10,804 - INFO - Skipping already-processed message ID: <797218A6-4A17-4B87-B429-61B02C7183AD@yahoo.com>
2026-05-02 16:31:10,804 - INFO - Skipping already-processed message ID: <27873746-1170-475E-9C21-7CE95948A671@yahoo.com>
2026-05-02 16:31:10,804 - INFO - Skipping already-processed message ID: <22764553-180E-42BB-9898-BC855B10E550@yahoo.com>
2026-05-02 16:31:10,805 - INFO - Skipping already-processed message ID: <C3317370-D2F5-409D-8D13-85A2F90FC6DB@yahoo.com>
2026-05-02 16:31:10,805 - INFO - Skipping already-processed message ID: <0100019de822820b-cbbf2f75-c1ed-469c-85df-98c1ab947266-000000@email.amazonses.com>
2026-05-02 16:31:10,805 - INFO - Skipping already-processed message ID: <F5FDBF7F-24C1-41B6-9793-F672681D2827@yahoo.com>
2026-05-02 16:31:10,805 - INFO - Skipping already-processed message ID: <7E3878D1-7A25-4DB5-AB91-558C9CE7A009@yahoo.com>
2026-05-02 16:31:10,805 - INFO - Skipping already-processed message ID: <1DAA720E-E8A6-4C3D-98DA-141AE8AE8BF9@yahoo.com>
2026-05-02 16:31:10,805 - INFO - Skipping already-processed message ID: <660F1C74-5A6B-4C1B-BBCE-05E53BED615E@yahoo.com>
2026-05-02 16:31:10,805 - INFO - Skipping already-processed message ID: <CF815BF6-F0CF-42BC-8956-F9AEA2E7A053@yahoo.com>
2026-05-02 16:31:10,805 - INFO - Skipping already-processed message ID: <E7CA10BA-6536-4481-BA1A-E0DAAFF3E63E@yahoo.com>
2026-05-02 16:31:10,805 - INFO - Skipping already-processed message ID: <06787DDD-1890-48CE-BA09-46B7B4AB7B53@yahoo.com>
2026-05-02 16:31:10,805 - INFO - Skipping already-processed message ID: <56406ED9-2A10-40A7-83ED-8CC1FDAD274D@yahoo.com>
2026-05-02 16:31:10,805 - INFO - Skipping already-processed message ID: <F593F874-3F7A-47E7-8C65-3ED650CF0D68@yahoo.com>
2026-05-02 16:31:10,805 - INFO - Skipping already-processed message ID: <2ADA9175-EFDE-4BC4-A5F2-88C215B9BB8C@yahoo.com>
2026-05-02 16:31:10,805 - INFO - Skipping already-processed message ID: <0100019de2fb8445-a87a4925-92c2-42a5-9325-84d2287482af-000000@email.amazonses.com>
2026-05-02 16:31:10,805 - INFO - Skipping already-processed message ID: <040B1BD2-9311-49F9-99FE-16FC0CB7DC0A@yahoo.com>
2026-05-02 16:31:10,805 - INFO - Skipping already-processed message ID: <F72E2F6A-BF9C-4CB6-8952-CE27911B44D9@yahoo.com>
2026-05-02 16:31:10,805 - INFO - ℹ️ No new links found
2026-05-02 16:41:05,681 - INFO - 📧 Processing 20 emails...
2026-05-02 16:41:05,681 - INFO - Loading sent links...
2026-05-02 16:41:05,681 - INFO - Loaded 13 previously sent links, 22 processed message IDs
2026-05-02 16:41:05,681 - INFO - Processing message ID: <F0E3D771-4716-472B-B375-8FCD1704055A@yahoo.com>
2026-05-02 16:41:05,766 - INFO - Subject: Heartbeat
2026-05-02 16:41:05,766 - INFO - Skipping already-processed message ID: <2AE4154D-4DE9-4188-8CD9-BA433528599C@yahoo.com>
2026-05-02 16:41:05,766 - INFO - Skipping already-processed message ID: <2BB0CCC4-735B-4A5F-8019-A3B7CCC74D03@yahoo.com>
2026-05-02 16:41:05,766 - INFO - Skipping already-processed message ID: <797218A6-4A17-4B87-B429-61B02C7183AD@yahoo.com>
2026-05-02 16:41:05,767 - INFO - Skipping already-processed message ID: <27873746-1170-475E-9C21-7CE95948A671@yahoo.com>
2026-05-02 16:41:05,767 - INFO - Skipping already-processed message ID: <22764553-180E-42BB-9898-BC855B10E550@yahoo.com>
2026-05-02 16:41:05,767 - INFO - Skipping already-processed message ID: <C3317370-D2F5-409D-8D13-85A2F90FC6DB@yahoo.com>
2026-05-02 16:41:05,767 - INFO - Skipping already-processed message ID: <0100019de822820b-cbbf2f75-c1ed-469c-85df-98c1ab947266-000000@email.amazonses.com>
2026-05-02 16:41:05,767 - INFO - Skipping already-processed message ID: <F5FDBF7F-24C1-41B6-9793-F672681D2827@yahoo.com>
2026-05-02 16:41:05,767 - INFO - Skipping already-processed message ID: <7E3878D1-7A25-4DB5-AB91-558C9CE7A009@yahoo.com>
2026-05-02 16:41:05,767 - INFO - Skipping already-processed message ID: <1DAA720E-E8A6-4C3D-98DA-141AE8AE8BF9@yahoo.com>
2026-05-02 16:41:05,767 - INFO - Skipping already-processed message ID: <660F1C74-5A6B-4C1B-BBCE-05E53BED615E@yahoo.com>
2026-05-02 16:41:05,767 - INFO - Skipping already-processed message ID: <CF815BF6-F0CF-42BC-8956-F9AEA2E7A053@yahoo.com>
2026-05-02 16:41:05,767 - INFO - Skipping already-processed message ID: <E7CA10BA-6536-4481-BA1A-E0DAAFF3E63E@yahoo.com>
2026-05-02 16:41:05,767 - INFO - Skipping already-processed message ID: <06787DDD-1890-48CE-BA09-46B7B4AB7B53@yahoo.com>
2026-05-02 16:41:05,767 - INFO - Skipping already-processed message ID: <56406ED9-2A10-40A7-83ED-8CC1FDAD274D@yahoo.com>
2026-05-02 16:41:05,767 - INFO - Skipping already-processed message ID: <F593F874-3F7A-47E7-8C65-3ED650CF0D68@yahoo.com>
2026-05-02 16:41:05,767 - INFO - Skipping already-processed message ID: <2ADA9175-EFDE-4BC4-A5F2-88C215B9BB8C@yahoo.com>
2026-05-02 16:41:05,767 - INFO - Skipping already-processed message ID: <0100019de2fb8445-a87a4925-92c2-42a5-9325-84d2287482af-000000@email.amazonses.com>
2026-05-02 16:41:05,767 - INFO - Skipping already-processed message ID: <040B1BD2-9311-49F9-99FE-16FC0CB7DC0A@yahoo.com>
2026-05-02 16:41:05,767 - INFO - ℹ️ No new links found
2026-05-02 16:49:58,077 - INFO - 📧 Processing 20 emails...
2026-05-02 16:49:58,077 - INFO - Loading sent links...
2026-05-02 16:49:58,078 - INFO - Loaded 13 previously sent links, 23 processed message IDs
2026-05-02 16:49:58,078 - INFO - Skipping already-processed message ID: <F0E3D771-4716-472B-B375-8FCD1704055A@yahoo.com>
2026-05-02 16:49:58,078 - INFO - Skipping already-processed message ID: <2AE4154D-4DE9-4188-8CD9-BA433528599C@yahoo.com>
2026-05-02 16:49:58,078 - INFO - Skipping already-processed message ID: <2BB0CCC4-735B-4A5F-8019-A3B7CCC74D03@yahoo.com>
2026-05-02 16:49:58,079 - INFO - Skipping already-processed message ID: <797218A6-4A17-4B87-B429-61B02C7183AD@yahoo.com>
2026-05-02 16:49:58,079 - INFO - Skipping already-processed message ID: <27873746-1170-475E-9C21-7CE95948A671@yahoo.com>
2026-05-02 16:49:58,079 - INFO - Skipping already-processed message ID: <22764553-180E-42BB-9898-BC855B10E550@yahoo.com>
2026-05-02 16:49:58,079 - INFO - Skipping already-processed message ID: <C3317370-D2F5-409D-8D13-85A2F90FC6DB@yahoo.com>
2026-05-02 16:49:58,079 - INFO - Skipping already-processed message ID: <0100019de822820b-cbbf2f75-c1ed-469c-85df-98c1ab947266-000000@email.amazonses.com>
2026-05-02 16:49:58,079 - INFO - Skipping already-processed message ID: <F5FDBF7F-24C1-41B6-9793-F672681D2827@yahoo.com>
2026-05-02 16:49:58,079 - INFO - Skipping already-processed message ID: <7E3878D1-7A25-4DB5-AB91-558C9CE7A009@yahoo.com>
2026-05-02 16:49:58,079 - INFO - Skipping already-processed message ID: <1DAA720E-E8A6-4C3D-98DA-141AE8AE8BF9@yahoo.com>
2026-05-02 16:49:58,080 - INFO - Skipping already-processed message ID: <660F1C74-5A6B-4C1B-BBCE-05E53BED615E@yahoo.com>
2026-05-02 16:49:58,080 - INFO - Skipping already-processed message ID: <CF815BF6-F0CF-42BC-8956-F9AEA2E7A053@yahoo.com>
2026-05-02 16:49:58,080 - INFO - Skipping already-processed message ID: <E7CA10BA-6536-4481-BA1A-E0DAAFF3E63E@yahoo.com>
2026-05-02 16:49:58,080 - INFO - Skipping already-processed message ID: <06787DDD-1890-48CE-BA09-46B7B4AB7B53@yahoo.com>
2026-05-02 16:49:58,080 - INFO - Skipping already-processed message ID: <56406ED9-2A10-40A7-83ED-8CC1FDAD274D@yahoo.com>
2026-05-02 16:49:58,080 - INFO - Skipping already-processed message ID: <F593F874-3F7A-47E7-8C65-3ED650CF0D68@yahoo.com>
2026-05-02 16:49:58,080 - INFO - Skipping already-processed message ID: <2ADA9175-EFDE-4BC4-A5F2-88C215B9BB8C@yahoo.com>
2026-05-02 16:49:58,080 - INFO - Skipping already-processed message ID: <0100019de2fb8445-a87a4925-92c2-42a5-9325-84d2287482af-000000@email.amazonses.com>
2026-05-02 16:49:58,081 - INFO - Skipping already-processed message ID: <040B1BD2-9311-49F9-99FE-16FC0CB7DC0A@yahoo.com>
2026-05-02 16:49:58,081 - INFO - ℹ️ No new links found
2026-05-02 16:51:12,874 - INFO - 📧 Processing 20 emails...
2026-05-02 16:51:12,874 - INFO - Loading sent links...
2026-05-02 16:51:12,874 - INFO - Loaded 13 previously sent links, 23 processed message IDs
2026-05-02 16:51:12,875 - INFO - Skipping already-processed message ID: <F0E3D771-4716-472B-B375-8FCD1704055A@yahoo.com>
2026-05-02 16:51:12,875 - INFO - Skipping already-processed message ID: <2AE4154D-4DE9-4188-8CD9-BA433528599C@yahoo.com>
2026-05-02 16:51:12,875 - INFO - Skipping already-processed message ID: <2BB0CCC4-735B-4A5F-8019-A3B7CCC74D03@yahoo.com>
2026-05-02 16:51:12,875 - INFO - Skipping already-processed message ID: <797218A6-4A17-4B87-B429-61B02C7183AD@yahoo.com>
2026-05-02 16:51:12,875 - INFO - Skipping already-processed message ID: <27873746-1170-475E-9C21-7CE95948A671@yahoo.com>
2026-05-02 16:51:12,875 - INFO - Skipping already-processed message ID: <22764553-180E-42BB-9898-BC855B10E550@yahoo.com>
2026-05-02 16:51:12,875 - INFO - Skipping already-processed message ID: <C3317370-D2F5-409D-8D13-85A2F90FC6DB@yahoo.com>
2026-05-02 16:51:12,875 - INFO - Skipping already-processed message ID: <0100019de822820b-cbbf2f75-c1ed-469c-85df-98c1ab947266-000000@email.amazonses.com>
2026-05-02 16:51:12,875 - INFO - Skipping already-processed message ID: <F5FDBF7F-24C1-41B6-9793-F672681D2827@yahoo.com>
2026-05-02 16:51:12,875 - INFO - Skipping already-processed message ID: <7E3878D1-7A25-4DB5-AB91-558C9CE7A009@yahoo.com>
2026-05-02 16:51:12,875 - INFO - Skipping already-processed message ID: <1DAA720E-E8A6-4C3D-98DA-141AE8AE8BF9@yahoo.com>
2026-05-02 16:51:12,875 - INFO - Skipping already-processed message ID: <660F1C74-5A6B-4C1B-BBCE-05E53BED615E@yahoo.com>
2026-05-02 16:51:12,875 - INFO - Skipping already-processed message ID: <CF815BF6-F0CF-42BC-8956-F9AEA2E7A053@yahoo.com>
2026-05-02 16:51:12,875 - INFO - Skipping already-processed message ID: <E7CA10BA-6536-4481-BA1A-E0DAAFF3E63E@yahoo.com>
2026-05-02 16:51:12,875 - INFO - Skipping already-processed message ID: <06787DDD-1890-48CE-BA09-46B7B4AB7B53@yahoo.com>
2026-05-02 16:51:12,875 - INFO - Skipping already-processed message ID: <56406ED9-2A10-40A7-83ED-8CC1FDAD274D@yahoo.com>
2026-05-02 16:51:12,875 - INFO - Skipping already-processed message ID: <F593F874-3F7A-47E7-8C65-3ED650CF0D68@yahoo.com>
2026-05-02 16:51:12,875 - INFO - Skipping already-processed message ID: <2ADA9175-EFDE-4BC4-A5F2-88C215B9BB8C@yahoo.com>
2026-05-02 16:51:12,875 - INFO - Skipping already-processed message ID: <0100019de2fb8445-a87a4925-92c2-42a5-9325-84d2287482af-000000@email.amazonses.com>
2026-05-02 16:51:12,875 - INFO - Skipping already-processed message ID: <040B1BD2-9311-49F9-99FE-16FC0CB7DC0A@yahoo.com>
2026-05-02 16:51:12,876 - INFO - ℹ️ No new links found
2026-05-02 17:01:12,498 - INFO - 📧 Processing 20 emails...
2026-05-02 17:01:12,499 - INFO - Loading sent links...
2026-05-02 17:01:12,499 - INFO - Loaded 13 previously sent links, 23 processed message IDs
2026-05-02 17:01:12,499 - INFO - Skipping already-processed message ID: <F0E3D771-4716-472B-B375-8FCD1704055A@yahoo.com>
2026-05-02 17:01:12,499 - INFO - Skipping already-processed message ID: <2AE4154D-4DE9-4188-8CD9-BA433528599C@yahoo.com>
2026-05-02 17:01:12,499 - INFO - Skipping already-processed message ID: <2BB0CCC4-735B-4A5F-8019-A3B7CCC74D03@yahoo.com>
2026-05-02 17:01:12,499 - INFO - Skipping already-processed message ID: <797218A6-4A17-4B87-B429-61B02C7183AD@yahoo.com>
2026-05-02 17:01:12,499 - INFO - Skipping already-processed message ID: <27873746-1170-475E-9C21-7CE95948A671@yahoo.com>
2026-05-02 17:01:12,499 - INFO - Skipping already-processed message ID: <22764553-180E-42BB-9898-BC855B10E550@yahoo.com>
2026-05-02 17:01:12,499 - INFO - Skipping already-processed message ID: <C3317370-D2F5-409D-8D13-85A2F90FC6DB@yahoo.com>
2026-05-02 17:01:12,499 - INFO - Skipping already-processed message ID: <0100019de822820b-cbbf2f75-c1ed-469c-85df-98c1ab947266-000000@email.amazonses.com>
2026-05-02 17:01:12,499 - INFO - Skipping already-processed message ID: <F5FDBF7F-24C1-41B6-9793-F672681D2827@yahoo.com>
2026-05-02 17:01:12,499 - INFO - Skipping already-processed message ID: <7E3878D1-7A25-4DB5-AB91-558C9CE7A009@yahoo.com>
2026-05-02 17:01:12,499 - INFO - Skipping already-processed message ID: <1DAA720E-E8A6-4C3D-98DA-141AE8AE8BF9@yahoo.com>
2026-05-02 17:01:12,499 - INFO - Skipping already-processed message ID: <660F1C74-5A6B-4C1B-BBCE-05E53BED615E@yahoo.com>
2026-05-02 17:01:12,499 - INFO - Skipping already-processed message ID: <CF815BF6-F0CF-42BC-8956-F9AEA2E7A053@yahoo.com>
2026-05-02 17:01:12,500 - INFO - Skipping already-processed message ID: <E7CA10BA-6536-4481-BA1A-E0DAAFF3E63E@yahoo.com>
2026-05-02 17:01:12,500 - INFO - Skipping already-processed message ID: <06787DDD-1890-48CE-BA09-46B7B4AB7B53@yahoo.com>
2026-05-02 17:01:12,500 - INFO - Skipping already-processed message ID: <56406ED9-2A10-40A7-83ED-8CC1FDAD274D@yahoo.com>
2026-05-02 17:01:12,500 - INFO - Skipping already-processed message ID: <F593F874-3F7A-47E7-8C65-3ED650CF0D68@yahoo.com>
2026-05-02 17:01:12,500 - INFO - Skipping already-processed message ID: <2ADA9175-EFDE-4BC4-A5F2-88C215B9BB8C@yahoo.com>
2026-05-02 17:01:12,500 - INFO - Skipping already-processed message ID: <0100019de2fb8445-a87a4925-92c2-42a5-9325-84d2287482af-000000@email.amazonses.com>
2026-05-02 17:01:12,500 - INFO - Skipping already-processed message ID: <040B1BD2-9311-49F9-99FE-16FC0CB7DC0A@yahoo.com>
2026-05-02 17:01:12,500 - INFO - ℹ️ No new links found
2026-05-02 17:11:07,449 - INFO - 📧 Processing 20 emails...
2026-05-02 17:11:07,449 - INFO - Loading sent links...
2026-05-02 17:11:07,449 - INFO - Loaded 13 previously sent links, 23 processed message IDs
2026-05-02 17:11:07,449 - INFO - Skipping already-processed message ID: <F0E3D771-4716-472B-B375-8FCD1704055A@yahoo.com>
2026-05-02 17:11:07,449 - INFO - Skipping already-processed message ID: <2AE4154D-4DE9-4188-8CD9-BA433528599C@yahoo.com>
2026-05-02 17:11:07,450 - INFO - Skipping already-processed message ID: <2BB0CCC4-735B-4A5F-8019-A3B7CCC74D03@yahoo.com>
2026-05-02 17:11:07,450 - INFO - Skipping already-processed message ID: <797218A6-4A17-4B87-B429-61B02C7183AD@yahoo.com>
2026-05-02 17:11:07,450 - INFO - Skipping already-processed message ID: <27873746-1170-475E-9C21-7CE95948A671@yahoo.com>
2026-05-02 17:11:07,450 - INFO - Skipping already-processed message ID: <22764553-180E-42BB-9898-BC855B10E550@yahoo.com>
2026-05-02 17:11:07,450 - INFO - Skipping already-processed message ID: <C3317370-D2F5-409D-8D13-85A2F90FC6DB@yahoo.com>
2026-05-02 17:11:07,450 - INFO - Skipping already-processed message ID: <0100019de822820b-cbbf2f75-c1ed-469c-85df-98c1ab947266-000000@email.amazonses.com>
2026-05-02 17:11:07,450 - INFO - Skipping already-processed message ID: <F5FDBF7F-24C1-41B6-9793-F672681D2827@yahoo.com>
2026-05-02 17:11:07,450 - INFO - Skipping already-processed message ID: <7E3878D1-7A25-4DB5-AB91-558C9CE7A009@yahoo.com>
2026-05-02 17:11:07,450 - INFO - Skipping already-processed message ID: <1DAA720E-E8A6-4C3D-98DA-141AE8AE8BF9@yahoo.com>
2026-05-02 17:11:07,450 - INFO - Skipping already-processed message ID: <660F1C74-5A6B-4C1B-BBCE-05E53BED615E@yahoo.com>
2026-05-02 17:11:07,450 - INFO - Skipping already-processed message ID: <CF815BF6-F0CF-42BC-8956-F9AEA2E7A053@yahoo.com>
2026-05-02 17:11:07,450 - INFO - Skipping already-processed message ID: <E7CA10BA-6536-4481-BA1A-E0DAAFF3E63E@yahoo.com>
2026-05-02 17:11:07,450 - INFO - Skipping already-processed message ID: <06787DDD-1890-48CE-BA09-46B7B4AB7B53@yahoo.com>
2026-05-02 17:11:07,450 - INFO - Skipping already-processed message ID: <56406ED9-2A10-40A7-83ED-8CC1FDAD274D@yahoo.com>
2026-05-02 17:11:07,450 - INFO - Skipping already-processed message ID: <F593F874-3F7A-47E7-8C65-3ED650CF0D68@yahoo.com>
2026-05-02 17:11:07,450 - INFO - Skipping already-processed message ID: <2ADA9175-EFDE-4BC4-A5F2-88C215B9BB8C@yahoo.com>
2026-05-02 17:11:07,450 - INFO - Skipping already-processed message ID: <0100019de2fb8445-a87a4925-92c2-42a5-9325-84d2287482af-000000@email.amazonses.com>
2026-05-02 17:11:07,450 - INFO - Skipping already-processed message ID: <040B1BD2-9311-49F9-99FE-16FC0CB7DC0A@yahoo.com>
2026-05-02 17:11:07,450 - INFO - ℹ️ No new links found
2026-05-02 17:21:10,608 - INFO - 📧 Processing 20 emails...
2026-05-02 17:21:10,609 - INFO - Loading sent links...
2026-05-02 17:21:10,609 - INFO - Loaded 13 previously sent links, 23 processed message IDs
2026-05-02 17:21:10,609 - INFO - Skipping already-processed message ID: <F0E3D771-4716-472B-B375-8FCD1704055A@yahoo.com>
2026-05-02 17:21:10,609 - INFO - Skipping already-processed message ID: <2AE4154D-4DE9-4188-8CD9-BA433528599C@yahoo.com>
2026-05-02 17:21:10,609 - INFO - Skipping already-processed message ID: <2BB0CCC4-735B-4A5F-8019-A3B7CCC74D03@yahoo.com>
2026-05-02 17:21:10,609 - INFO - Skipping already-processed message ID: <797218A6-4A17-4B87-B429-61B02C7183AD@yahoo.com>
2026-05-02 17:21:10,609 - INFO - Skipping already-processed message ID: <27873746-1170-475E-9C21-7CE95948A671@yahoo.com>
2026-05-02 17:21:10,609 - INFO - Skipping already-processed message ID: <22764553-180E-42BB-9898-BC855B10E550@yahoo.com>
2026-05-02 17:21:10,610 - INFO - Skipping already-processed message ID: <C3317370-D2F5-409D-8D13-85A2F90FC6DB@yahoo.com>
2026-05-02 17:21:10,610 - INFO - Skipping already-processed message ID: <0100019de822820b-cbbf2f75-c1ed-469c-85df-98c1ab947266-000000@email.amazonses.com>
2026-05-02 17:21:10,610 - INFO - Skipping already-processed message ID: <F5FDBF7F-24C1-41B6-9793-F672681D2827@yahoo.com>
2026-05-02 17:21:10,610 - INFO - Skipping already-processed message ID: <7E3878D1-7A25-4DB5-AB91-558C9CE7A009@yahoo.com>
2026-05-02 17:21:10,610 - INFO - Skipping already-processed message ID: <1DAA720E-E8A6-4C3D-98DA-141AE8AE8BF9@yahoo.com>
2026-05-02 17:21:10,610 - INFO - Skipping already-processed message ID: <660F1C74-5A6B-4C1B-BBCE-05E53BED615E@yahoo.com>
2026-05-02 17:21:10,610 - INFO - Skipping already-processed message ID: <CF815BF6-F0CF-42BC-8956-F9AEA2E7A053@yahoo.com>
2026-05-02 17:21:10,610 - INFO - Skipping already-processed message ID: <E7CA10BA-6536-4481-BA1A-E0DAAFF3E63E@yahoo.com>
2026-05-02 17:21:10,610 - INFO - Skipping already-processed message ID: <06787DDD-1890-48CE-BA09-46B7B4AB7B53@yahoo.com>
2026-05-02 17:21:10,610 - INFO - Skipping already-processed message ID: <56406ED9-2A10-40A7-83ED-8CC1FDAD274D@yahoo.com>
2026-05-02 17:21:10,610 - INFO - Skipping already-processed message ID: <F593F874-3F7A-47E7-8C65-3ED650CF0D68@yahoo.com>
2026-05-02 17:21:10,610 - INFO - Skipping already-processed message ID: <2ADA9175-EFDE-4BC4-A5F2-88C215B9BB8C@yahoo.com>
2026-05-02 17:21:10,610 - INFO - Skipping already-processed message ID: <0100019de2fb8445-a87a4925-92c2-42a5-9325-84d2287482af-000000@email.amazonses.com>
2026-05-02 17:21:10,610 - INFO - Skipping already-processed message ID: <040B1BD2-9311-49F9-99FE-16FC0CB7DC0A@yahoo.com>
2026-05-02 17:21:10,610 - INFO - ℹ️ No new links found
2026-05-02 17:41:09,242 - INFO - 📧 Processing 20 emails...
2026-05-02 17:41:09,243 - INFO - Loading sent links...
2026-05-02 17:41:09,243 - INFO - Loaded 13 previously sent links, 23 processed message IDs
2026-05-02 17:41:09,243 - INFO - Skipping already-processed message ID: <F0E3D771-4716-472B-B375-8FCD1704055A@yahoo.com>
2026-05-02 17:41:09,243 - INFO - Skipping already-processed message ID: <2AE4154D-4DE9-4188-8CD9-BA433528599C@yahoo.com>
2026-05-02 17:41:09,243 - INFO - Skipping already-processed message ID: <2BB0CCC4-735B-4A5F-8019-A3B7CCC74D03@yahoo.com>
2026-05-02 17:41:09,243 - INFO - Skipping already-processed message ID: <797218A6-4A17-4B87-B429-61B02C7183AD@yahoo.com>
2026-05-02 17:41:09,243 - INFO - Skipping already-processed message ID: <27873746-1170-475E-9C21-7CE95948A671@yahoo.com>
2026-05-02 17:41:09,243 - INFO - Skipping already-processed message ID: <22764553-180E-42BB-9898-BC855B10E550@yahoo.com>
2026-05-02 17:41:09,243 - INFO - Skipping already-processed message ID: <C3317370-D2F5-409D-8D13-85A2F90FC6DB@yahoo.com>
2026-05-02 17:41:09,243 - INFO - Skipping already-processed message ID: <0100019de822820b-cbbf2f75-c1ed-469c-85df-98c1ab947266-000000@email.amazonses.com>
2026-05-02 17:41:09,243 - INFO - Skipping already-processed message ID: <F5FDBF7F-24C1-41B6-9793-F672681D2827@yahoo.com>
2026-05-02 17:41:09,243 - INFO - Skipping already-processed message ID: <7E3878D1-7A25-4DB5-AB91-558C9CE7A009@yahoo.com>
2026-05-02 17:41:09,244 - INFO - Skipping already-processed message ID: <1DAA720E-E8A6-4C3D-98DA-141AE8AE8BF9@yahoo.com>
2026-05-02 17:41:09,244 - INFO - Skipping already-processed message ID: <660F1C74-5A6B-4C1B-BBCE-05E53BED615E@yahoo.com>
2026-05-02 17:41:09,244 - INFO - Skipping already-processed message ID: <CF815BF6-F0CF-42BC-8956-F9AEA2E7A053@yahoo.com>
2026-05-02 17:41:09,244 - INFO - Skipping already-processed message ID: <E7CA10BA-6536-4481-BA1A-E0DAAFF3E63E@yahoo.com>
2026-05-02 17:41:09,244 - INFO - Skipping already-processed message ID: <06787DDD-1890-48CE-BA09-46B7B4AB7B53@yahoo.com>
2026-05-02 17:41:09,244 - INFO - Skipping already-processed message ID: <56406ED9-2A10-40A7-83ED-8CC1FDAD274D@yahoo.com>
2026-05-02 17:41:09,244 - INFO - Skipping already-processed message ID: <F593F874-3F7A-47E7-8C65-3ED650CF0D68@yahoo.com>
2026-05-02 17:41:09,244 - INFO - Skipping already-processed message ID: <2ADA9175-EFDE-4BC4-A5F2-88C215B9BB8C@yahoo.com>
2026-05-02 17:41:09,244 - INFO - Skipping already-processed message ID: <0100019de2fb8445-a87a4925-92c2-42a5-9325-84d2287482af-000000@email.amazonses.com>
2026-05-02 17:41:09,244 - INFO - Skipping already-processed message ID: <040B1BD2-9311-49F9-99FE-16FC0CB7DC0A@yahoo.com>
2026-05-02 17:41:09,244 - INFO - ℹ️ No new links found
2026-05-02 17:51:07,371 - INFO - 📧 Processing 20 emails...
2026-05-02 17:51:07,371 - INFO - Loading sent links...
2026-05-02 17:51:07,371 - INFO - Loaded 13 previously sent links, 23 processed message IDs
2026-05-02 17:51:07,371 - INFO - Processing message ID: <957111A2-0F6C-4A9D-9ED6-D3B685869E33@yahoo.com>
2026-05-02 17:51:07,488 - INFO - Subject: Fwd: 11/09 新澤西州宣恩堂中文主日崇拜連結
2026-05-02 17:51:07,489 - INFO - Message content: Fwd: 11/09 新澤西州宣恩堂中文主日崇拜連結 Sent from my iPhone

Begin forwarded message:

> From: CLGNJ Church of Living Grace <church@clgnj.org>
> Date: November 7, 2025 at 2:24:08 PM EST
> To: CLGNJ Church of Living Grace <church@clgnj.org>
> Subject: 11/09 新澤西州宣恩堂中文主日崇拜連結
> 
> ﻿
> 11/09 中文崇拜連結
> https://youtube.com/live/uKd_BnRWuHk
> 
> 請參閱隨附
> 1) 11/09 崇拜程序表
> 2) We Got You Fed - 冬季食品捐贈活動傳單 
Sent from my iPhone

Begin forwarded message:

> From: CLGNJ Church of Living Grace <church@clgnj.org>
> Date: November 7, 2025 at 2:24:08 PM EST
> To: CLGNJ Church of Living Grace <church@clgnj.org>
2026-05-02 17:51:07,489 - INFO - Found YouTube link ID: uKd_BnRWuHk
2026-05-02 17:51:07,489 - INFO - ➡️ 🕊️ Live Stream: https://youtube.com/live/uKd_BnRWuHk
2026-05-02 17:51:07,489 - INFO - Skipping already-processed message ID: <F0E3D771-4716-472B-B375-8FCD1704055A@yahoo.com>
2026-05-02 17:51:07,489 - INFO - Skipping already-processed message ID: <2AE4154D-4DE9-4188-8CD9-BA433528599C@yahoo.com>
2026-05-02 17:51:07,491 - INFO - Skipping already-processed message ID: <2BB0CCC4-735B-4A5F-8019-A3B7CCC74D03@yahoo.com>
2026-05-02 17:51:07,491 - INFO - Skipping already-processed message ID: <797218A6-4A17-4B87-B429-61B02C7183AD@yahoo.com>
2026-05-02 17:51:07,492 - INFO - Skipping already-processed message ID: <27873746-1170-475E-9C21-7CE95948A671@yahoo.com>
2026-05-02 17:51:07,492 - INFO - Skipping already-processed message ID: <22764553-180E-42BB-9898-BC855B10E550@yahoo.com>
2026-05-02 17:51:07,492 - INFO - Skipping already-processed message ID: <C3317370-D2F5-409D-8D13-85A2F90FC6DB@yahoo.com>
2026-05-02 17:51:07,492 - INFO - Skipping already-processed message ID: <0100019de822820b-cbbf2f75-c1ed-469c-85df-98c1ab947266-000000@email.amazonses.com>
2026-05-02 17:51:07,492 - INFO - Skipping already-processed message ID: <F5FDBF7F-24C1-41B6-9793-F672681D2827@yahoo.com>
2026-05-02 17:51:07,492 - INFO - Skipping already-processed message ID: <7E3878D1-7A25-4DB5-AB91-558C9CE7A009@yahoo.com>
2026-05-02 17:51:07,492 - INFO - Skipping already-processed message ID: <1DAA720E-E8A6-4C3D-98DA-141AE8AE8BF9@yahoo.com>
2026-05-02 17:51:07,492 - INFO - Skipping already-processed message ID: <660F1C74-5A6B-4C1B-BBCE-05E53BED615E@yahoo.com>
2026-05-02 17:51:07,492 - INFO - Skipping already-processed message ID: <CF815BF6-F0CF-42BC-8956-F9AEA2E7A053@yahoo.com>
2026-05-02 17:51:07,492 - INFO - Skipping already-processed message ID: <E7CA10BA-6536-4481-BA1A-E0DAAFF3E63E@yahoo.com>
2026-05-02 17:51:07,492 - INFO - Skipping already-processed message ID: <06787DDD-1890-48CE-BA09-46B7B4AB7B53@yahoo.com>
2026-05-02 17:51:07,492 - INFO - Skipping already-processed message ID: <56406ED9-2A10-40A7-83ED-8CC1FDAD274D@yahoo.com>
2026-05-02 17:51:07,492 - INFO - Skipping already-processed message ID: <F593F874-3F7A-47E7-8C65-3ED650CF0D68@yahoo.com>
2026-05-02 17:51:07,492 - INFO - Skipping already-processed message ID: <2ADA9175-EFDE-4BC4-A5F2-88C215B9BB8C@yahoo.com>
2026-05-02 17:51:07,492 - INFO - Skipping already-processed message ID: <0100019de2fb8445-a87a4925-92c2-42a5-9325-84d2287482af-000000@email.amazonses.com>
2026-05-02 17:51:07,492 - INFO - Saving 14 sent links...
2026-05-02 17:51:07,493 - INFO - ✅ Sent 1 link(s)
2026-05-02 18:01:14,344 - INFO - 📧 Processing 20 emails...
2026-05-02 18:01:14,344 - INFO - Loading sent links...
2026-05-02 18:01:14,345 - INFO - Loaded 14 previously sent links, 24 processed message IDs
2026-05-02 18:01:14,345 - INFO - Processing message ID: <06D43F41-BB9A-4D85-9127-6E51FC50D7FD@yahoo.com>
2026-05-02 18:01:14,452 - INFO - Subject: Fwd: 11/02 新澤西州宣恩堂中文主日崇拜連結
2026-05-02 18:01:14,452 - INFO - Message content: Fwd: 11/02 新澤西州宣恩堂中文主日崇拜連結 Sent from my iPhone

Begin forwarded message:

> From: CLGNJ Church of Living Grace <church@clgnj.org>
> Date: October 31, 2025 at 2:44:14 PM EDT
> To: CLGNJ Church of Living Grace <church@clgnj.org>
> Subject: 11/02 新澤西州宣恩堂中文主日崇拜連結
> 
> ﻿
> 11/02 中文崇拜連結
> https://youtube.com/live/sFkdRvv5kMI
> 
> 請參閱隨附
> 1) 11/02 崇拜程序表
> 2) We Got You Fed - 冬季食品捐贈活動傳單
> 3) 團契動向 (2025年11月) 
Sent from my iPhone

Begin forwarded message:

> From: CLGNJ Church of Living Grace <church@clgnj.org>
> Date: October 31, 2025 at 2:44:14 PM EDT
> To: CLGNJ Church of Living Grace <church@clgnj.org>
2026-05-02 18:01:14,452 - INFO - Found YouTube link ID: sFkdRvv5kMI
2026-05-02 18:01:14,452 - INFO - ➡️ 🕊️ Live Stream: https://youtube.com/live/sFkdRvv5kMI
2026-05-02 18:01:14,453 - INFO - Skipping already-processed message ID: <957111A2-0F6C-4A9D-9ED6-D3B685869E33@yahoo.com>
2026-05-02 18:01:14,453 - INFO - Skipping already-processed message ID: <F0E3D771-4716-472B-B375-8FCD1704055A@yahoo.com>
2026-05-02 18:01:14,453 - INFO - Skipping already-processed message ID: <2AE4154D-4DE9-4188-8CD9-BA433528599C@yahoo.com>
2026-05-02 18:01:14,453 - INFO - Skipping already-processed message ID: <2BB0CCC4-735B-4A5F-8019-A3B7CCC74D03@yahoo.com>
2026-05-02 18:01:14,453 - INFO - Skipping already-processed message ID: <797218A6-4A17-4B87-B429-61B02C7183AD@yahoo.com>
2026-05-02 18:01:14,453 - INFO - Skipping already-processed message ID: <27873746-1170-475E-9C21-7CE95948A671@yahoo.com>
2026-05-02 18:01:14,453 - INFO - Skipping already-processed message ID: <22764553-180E-42BB-9898-BC855B10E550@yahoo.com>
2026-05-02 18:01:14,453 - INFO - Skipping already-processed message ID: <C3317370-D2F5-409D-8D13-85A2F90FC6DB@yahoo.com>
2026-05-02 18:01:14,453 - INFO - Skipping already-processed message ID: <0100019de822820b-cbbf2f75-c1ed-469c-85df-98c1ab947266-000000@email.amazonses.com>
2026-05-02 18:01:14,455 - INFO - Skipping already-processed message ID: <F5FDBF7F-24C1-41B6-9793-F672681D2827@yahoo.com>
2026-05-02 18:01:14,455 - INFO - Skipping already-processed message ID: <7E3878D1-7A25-4DB5-AB91-558C9CE7A009@yahoo.com>
2026-05-02 18:01:14,455 - INFO - Skipping already-processed message ID: <1DAA720E-E8A6-4C3D-98DA-141AE8AE8BF9@yahoo.com>
2026-05-02 18:01:14,455 - INFO - Skipping already-processed message ID: <660F1C74-5A6B-4C1B-BBCE-05E53BED615E@yahoo.com>
2026-05-02 18:01:14,455 - INFO - Skipping already-processed message ID: <CF815BF6-F0CF-42BC-8956-F9AEA2E7A053@yahoo.com>
2026-05-02 18:01:14,455 - INFO - Skipping already-processed message ID: <E7CA10BA-6536-4481-BA1A-E0DAAFF3E63E@yahoo.com>
2026-05-02 18:01:14,455 - INFO - Skipping already-processed message ID: <06787DDD-1890-48CE-BA09-46B7B4AB7B53@yahoo.com>
2026-05-02 18:01:14,455 - INFO - Skipping already-processed message ID: <56406ED9-2A10-40A7-83ED-8CC1FDAD274D@yahoo.com>
2026-05-02 18:01:14,455 - INFO - Skipping already-processed message ID: <F593F874-3F7A-47E7-8C65-3ED650CF0D68@yahoo.com>
2026-05-02 18:01:14,455 - INFO - Skipping already-processed message ID: <2ADA9175-EFDE-4BC4-A5F2-88C215B9BB8C@yahoo.com>
2026-05-02 18:01:14,456 - INFO - Saving 15 sent links...
2026-05-02 18:01:14,456 - INFO - ✅ Sent 1 link(s)
2026-05-02 18:11:27,620 - INFO - 📧 Processing 20 emails...
2026-05-02 18:11:27,620 - INFO - Loading sent links...
2026-05-02 18:11:27,621 - INFO - Loaded 15 previously sent links, 25 processed message IDs
2026-05-02 18:11:27,621 - INFO - Skipping already-processed message ID: <06D43F41-BB9A-4D85-9127-6E51FC50D7FD@yahoo.com>
2026-05-02 18:11:27,621 - INFO - Skipping already-processed message ID: <957111A2-0F6C-4A9D-9ED6-D3B685869E33@yahoo.com>
2026-05-02 18:11:27,621 - INFO - Skipping already-processed message ID: <F0E3D771-4716-472B-B375-8FCD1704055A@yahoo.com>
2026-05-02 18:11:27,621 - INFO - Skipping already-processed message ID: <2AE4154D-4DE9-4188-8CD9-BA433528599C@yahoo.com>
2026-05-02 18:11:27,621 - INFO - Skipping already-processed message ID: <2BB0CCC4-735B-4A5F-8019-A3B7CCC74D03@yahoo.com>
2026-05-02 18:11:27,621 - INFO - Skipping already-processed message ID: <797218A6-4A17-4B87-B429-61B02C7183AD@yahoo.com>
2026-05-02 18:11:27,621 - INFO - Skipping already-processed message ID: <27873746-1170-475E-9C21-7CE95948A671@yahoo.com>
2026-05-02 18:11:27,621 - INFO - Skipping already-processed message ID: <22764553-180E-42BB-9898-BC855B10E550@yahoo.com>
2026-05-02 18:11:27,621 - INFO - Skipping already-processed message ID: <C3317370-D2F5-409D-8D13-85A2F90FC6DB@yahoo.com>
2026-05-02 18:11:27,621 - INFO - Skipping already-processed message ID: <0100019de822820b-cbbf2f75-c1ed-469c-85df-98c1ab947266-000000@email.amazonses.com>
2026-05-02 18:11:27,621 - INFO - Skipping already-processed message ID: <F5FDBF7F-24C1-41B6-9793-F672681D2827@yahoo.com>
2026-05-02 18:11:27,621 - INFO - Skipping already-processed message ID: <7E3878D1-7A25-4DB5-AB91-558C9CE7A009@yahoo.com>
2026-05-02 18:11:27,621 - INFO - Skipping already-processed message ID: <1DAA720E-E8A6-4C3D-98DA-141AE8AE8BF9@yahoo.com>
2026-05-02 18:11:27,621 - INFO - Skipping already-processed message ID: <660F1C74-5A6B-4C1B-BBCE-05E53BED615E@yahoo.com>
2026-05-02 18:11:27,622 - INFO - Skipping already-processed message ID: <CF815BF6-F0CF-42BC-8956-F9AEA2E7A053@yahoo.com>
2026-05-02 18:11:27,622 - INFO - Skipping already-processed message ID: <E7CA10BA-6536-4481-BA1A-E0DAAFF3E63E@yahoo.com>
2026-05-02 18:11:27,622 - INFO - Skipping already-processed message ID: <06787DDD-1890-48CE-BA09-46B7B4AB7B53@yahoo.com>
2026-05-02 18:11:27,622 - INFO - Skipping already-processed message ID: <56406ED9-2A10-40A7-83ED-8CC1FDAD274D@yahoo.com>
2026-05-02 18:11:27,622 - INFO - Skipping already-processed message ID: <F593F874-3F7A-47E7-8C65-3ED650CF0D68@yahoo.com>
2026-05-02 18:11:27,622 - INFO - Skipping already-processed message ID: <2ADA9175-EFDE-4BC4-A5F2-88C215B9BB8C@yahoo.com>
2026-05-02 18:11:27,622 - INFO - ℹ️ No new links found
2026-05-02 18:21:04,890 - INFO - 📧 Processing 20 emails...
2026-05-02 18:21:04,890 - INFO - Loading sent links...
2026-05-02 18:21:04,891 - INFO - Loaded 15 previously sent links, 25 processed message IDs
2026-05-02 18:21:04,891 - INFO - Skipping already-processed message ID: <06D43F41-BB9A-4D85-9127-6E51FC50D7FD@yahoo.com>
2026-05-02 18:21:04,891 - INFO - Skipping already-processed message ID: <957111A2-0F6C-4A9D-9ED6-D3B685869E33@yahoo.com>
2026-05-02 18:21:04,891 - INFO - Skipping already-processed message ID: <F0E3D771-4716-472B-B375-8FCD1704055A@yahoo.com>
2026-05-02 18:21:04,891 - INFO - Skipping already-processed message ID: <2AE4154D-4DE9-4188-8CD9-BA433528599C@yahoo.com>
2026-05-02 18:21:04,891 - INFO - Skipping already-processed message ID: <2BB0CCC4-735B-4A5F-8019-A3B7CCC74D03@yahoo.com>
2026-05-02 18:21:04,891 - INFO - Skipping already-processed message ID: <797218A6-4A17-4B87-B429-61B02C7183AD@yahoo.com>
2026-05-02 18:21:04,891 - INFO - Skipping already-processed message ID: <27873746-1170-475E-9C21-7CE95948A671@yahoo.com>
2026-05-02 18:21:04,891 - INFO - Skipping already-processed message ID: <22764553-180E-42BB-9898-BC855B10E550@yahoo.com>
2026-05-02 18:21:04,891 - INFO - Skipping already-processed message ID: <C3317370-D2F5-409D-8D13-85A2F90FC6DB@yahoo.com>
2026-05-02 18:21:04,891 - INFO - Skipping already-processed message ID: <0100019de822820b-cbbf2f75-c1ed-469c-85df-98c1ab947266-000000@email.amazonses.com>
2026-05-02 18:21:04,891 - INFO - Skipping already-processed message ID: <F5FDBF7F-24C1-41B6-9793-F672681D2827@yahoo.com>
2026-05-02 18:21:04,891 - INFO - Skipping already-processed message ID: <7E3878D1-7A25-4DB5-AB91-558C9CE7A009@yahoo.com>
2026-05-02 18:21:04,891 - INFO - Skipping already-processed message ID: <1DAA720E-E8A6-4C3D-98DA-141AE8AE8BF9@yahoo.com>
2026-05-02 18:21:04,891 - INFO - Skipping already-processed message ID: <660F1C74-5A6B-4C1B-BBCE-05E53BED615E@yahoo.com>
2026-05-02 18:21:04,891 - INFO - Skipping already-processed message ID: <CF815BF6-F0CF-42BC-8956-F9AEA2E7A053@yahoo.com>
2026-05-02 18:21:04,891 - INFO - Skipping already-processed message ID: <E7CA10BA-6536-4481-BA1A-E0DAAFF3E63E@yahoo.com>
2026-05-02 18:21:04,892 - INFO - Skipping already-processed message ID: <06787DDD-1890-48CE-BA09-46B7B4AB7B53@yahoo.com>
2026-05-02 18:21:04,892 - INFO - Skipping already-processed message ID: <56406ED9-2A10-40A7-83ED-8CC1FDAD274D@yahoo.com>
2026-05-02 18:21:04,892 - INFO - Skipping already-processed message ID: <F593F874-3F7A-47E7-8C65-3ED650CF0D68@yahoo.com>
2026-05-02 18:21:04,892 - INFO - Skipping already-processed message ID: <2ADA9175-EFDE-4BC4-A5F2-88C215B9BB8C@yahoo.com>
2026-05-02 18:21:04,892 - INFO - ℹ️ No new links found
2026-05-02 18:31:10,491 - INFO - 📧 Processing 20 emails...
2026-05-02 18:31:10,491 - INFO - Loading sent links...
2026-05-02 18:31:10,492 - INFO - Loaded 15 previously sent links, 25 processed message IDs
2026-05-02 18:31:10,492 - INFO - Skipping already-processed message ID: <06D43F41-BB9A-4D85-9127-6E51FC50D7FD@yahoo.com>
2026-05-02 18:31:10,492 - INFO - Skipping already-processed message ID: <957111A2-0F6C-4A9D-9ED6-D3B685869E33@yahoo.com>
2026-05-02 18:31:10,492 - INFO - Skipping already-processed message ID: <F0E3D771-4716-472B-B375-8FCD1704055A@yahoo.com>
2026-05-02 18:31:10,492 - INFO - Skipping already-processed message ID: <2AE4154D-4DE9-4188-8CD9-BA433528599C@yahoo.com>
2026-05-02 18:31:10,492 - INFO - Skipping already-processed message ID: <2BB0CCC4-735B-4A5F-8019-A3B7CCC74D03@yahoo.com>
2026-05-02 18:31:10,492 - INFO - Skipping already-processed message ID: <797218A6-4A17-4B87-B429-61B02C7183AD@yahoo.com>
2026-05-02 18:31:10,492 - INFO - Skipping already-processed message ID: <27873746-1170-475E-9C21-7CE95948A671@yahoo.com>
2026-05-02 18:31:10,492 - INFO - Skipping already-processed message ID: <22764553-180E-42BB-9898-BC855B10E550@yahoo.com>
2026-05-02 18:31:10,492 - INFO - Skipping already-processed message ID: <C3317370-D2F5-409D-8D13-85A2F90FC6DB@yahoo.com>
2026-05-02 18:31:10,492 - INFO - Skipping already-processed message ID: <0100019de822820b-cbbf2f75-c1ed-469c-85df-98c1ab947266-000000@email.amazonses.com>
2026-05-02 18:31:10,492 - INFO - Skipping already-processed message ID: <F5FDBF7F-24C1-41B6-9793-F672681D2827@yahoo.com>
2026-05-02 18:31:10,492 - INFO - Skipping already-processed message ID: <7E3878D1-7A25-4DB5-AB91-558C9CE7A009@yahoo.com>
2026-05-02 18:31:10,492 - INFO - Skipping already-processed message ID: <1DAA720E-E8A6-4C3D-98DA-141AE8AE8BF9@yahoo.com>
2026-05-02 18:31:10,492 - INFO - Skipping already-processed message ID: <660F1C74-5A6B-4C1B-BBCE-05E53BED615E@yahoo.com>
2026-05-02 18:31:10,492 - INFO - Skipping already-processed message ID: <CF815BF6-F0CF-42BC-8956-F9AEA2E7A053@yahoo.com>
2026-05-02 18:31:10,493 - INFO - Skipping already-processed message ID: <E7CA10BA-6536-4481-BA1A-E0DAAFF3E63E@yahoo.com>
2026-05-02 18:31:10,493 - INFO - Skipping already-processed message ID: <06787DDD-1890-48CE-BA09-46B7B4AB7B53@yahoo.com>
2026-05-02 18:31:10,493 - INFO - Skipping already-processed message ID: <56406ED9-2A10-40A7-83ED-8CC1FDAD274D@yahoo.com>
2026-05-02 18:31:10,493 - INFO - Skipping already-processed message ID: <F593F874-3F7A-47E7-8C65-3ED650CF0D68@yahoo.com>
2026-05-02 18:31:10,493 - INFO - Skipping already-processed message ID: <2ADA9175-EFDE-4BC4-A5F2-88C215B9BB8C@yahoo.com>
2026-05-02 18:31:10,493 - INFO - ℹ️ No new links found
2026-05-02 18:41:03,674 - INFO - 📧 Processing 20 emails...
2026-05-02 18:41:03,674 - INFO - Loading sent links...
2026-05-02 18:41:03,674 - INFO - Loaded 15 previously sent links, 25 processed message IDs
2026-05-02 18:41:03,674 - INFO - Skipping already-processed message ID: <06D43F41-BB9A-4D85-9127-6E51FC50D7FD@yahoo.com>
2026-05-02 18:41:03,674 - INFO - Skipping already-processed message ID: <957111A2-0F6C-4A9D-9ED6-D3B685869E33@yahoo.com>
2026-05-02 18:41:03,675 - INFO - Skipping already-processed message ID: <F0E3D771-4716-472B-B375-8FCD1704055A@yahoo.com>
2026-05-02 18:41:03,675 - INFO - Skipping already-processed message ID: <2AE4154D-4DE9-4188-8CD9-BA433528599C@yahoo.com>
2026-05-02 18:41:03,675 - INFO - Skipping already-processed message ID: <2BB0CCC4-735B-4A5F-8019-A3B7CCC74D03@yahoo.com>
2026-05-02 18:41:03,675 - INFO - Skipping already-processed message ID: <797218A6-4A17-4B87-B429-61B02C7183AD@yahoo.com>
2026-05-02 18:41:03,675 - INFO - Skipping already-processed message ID: <27873746-1170-475E-9C21-7CE95948A671@yahoo.com>
2026-05-02 18:41:03,675 - INFO - Skipping already-processed message ID: <22764553-180E-42BB-9898-BC855B10E550@yahoo.com>
2026-05-02 18:41:03,675 - INFO - Skipping already-processed message ID: <C3317370-D2F5-409D-8D13-85A2F90FC6DB@yahoo.com>
2026-05-02 18:41:03,675 - INFO - Skipping already-processed message ID: <0100019de822820b-cbbf2f75-c1ed-469c-85df-98c1ab947266-000000@email.amazonses.com>
2026-05-02 18:41:03,675 - INFO - Skipping already-processed message ID: <F5FDBF7F-24C1-41B6-9793-F672681D2827@yahoo.com>
2026-05-02 18:41:03,675 - INFO - Skipping already-processed message ID: <7E3878D1-7A25-4DB5-AB91-558C9CE7A009@yahoo.com>
2026-05-02 18:41:03,675 - INFO - Skipping already-processed message ID: <1DAA720E-E8A6-4C3D-98DA-141AE8AE8BF9@yahoo.com>
2026-05-02 18:41:03,675 - INFO - Skipping already-processed message ID: <660F1C74-5A6B-4C1B-BBCE-05E53BED615E@yahoo.com>
2026-05-02 18:41:03,675 - INFO - Skipping already-processed message ID: <CF815BF6-F0CF-42BC-8956-F9AEA2E7A053@yahoo.com>
2026-05-02 18:41:03,675 - INFO - Skipping already-processed message ID: <E7CA10BA-6536-4481-BA1A-E0DAAFF3E63E@yahoo.com>
2026-05-02 18:41:03,675 - INFO - Skipping already-processed message ID: <06787DDD-1890-48CE-BA09-46B7B4AB7B53@yahoo.com>
2026-05-02 18:41:03,675 - INFO - Skipping already-processed message ID: <56406ED9-2A10-40A7-83ED-8CC1FDAD274D@yahoo.com>
2026-05-02 18:41:03,675 - INFO - Skipping already-processed message ID: <F593F874-3F7A-47E7-8C65-3ED650CF0D68@yahoo.com>
2026-05-02 18:41:03,675 - INFO - Skipping already-processed message ID: <2ADA9175-EFDE-4BC4-A5F2-88C215B9BB8C@yahoo.com>
2026-05-02 18:41:03,675 - INFO - ℹ️ No new links found
2026-05-02 18:51:08,095 - INFO - 📧 Processing 20 emails...
2026-05-02 18:51:08,095 - INFO - Loading sent links...
2026-05-02 18:51:08,095 - INFO - Loaded 15 previously sent links, 25 processed message IDs
2026-05-02 18:51:08,095 - INFO - Processing message ID: <BB136B87-2299-4B89-9A2E-B446E52DFA50@yahoo.com>
2026-05-02 18:51:08,191 - INFO - Subject: Fwd: 10/26 新澤西州宣恩堂中文主日崇拜連結
2026-05-02 18:51:08,191 - INFO - Message content: Fwd: 10/26 新澤西州宣恩堂中文主日崇拜連結 Sent from my iPhone

Begin forwarded message:

> From: CLGNJ Church of Living Grace <church@clgnj.org>
> Date: October 24, 2025 at 3:14:41 PM EDT
> To: CLGNJ Church of Living Grace <church@clgnj.org>
> Subject: 10/26 新澤西州宣恩堂中文主日崇拜連結
> 
> ﻿
> 10/26 中文崇拜連結
> https://youtube.com/live/kvQQcVFxrBM
> 
> 請參閱隨附
> 1) 10/26 崇拜程序表
> 2) We Got You Fed - 冬季食品捐贈活動傳單 
Sent from my iPhone

Begin forwarded message:

> From: CLGNJ Church of Living Grace <church@clgnj.org>
> Date: October 24, 2025 at 3:14:41 PM EDT
> To: CLGNJ Church of Living Grace <church@clgnj.org>
2026-05-02 18:51:08,192 - INFO - Found YouTube link ID: kvQQcVFxrBM
2026-05-02 18:51:08,192 - INFO - ➡️ 🕊️ Live Stream: https://youtube.com/live/kvQQcVFxrBM
2026-05-02 18:51:08,192 - INFO - Skipping already-processed message ID: <06D43F41-BB9A-4D85-9127-6E51FC50D7FD@yahoo.com>
2026-05-02 18:51:08,192 - INFO - Skipping already-processed message ID: <957111A2-0F6C-4A9D-9ED6-D3B685869E33@yahoo.com>
2026-05-02 18:51:08,192 - INFO - Skipping already-processed message ID: <F0E3D771-4716-472B-B375-8FCD1704055A@yahoo.com>
2026-05-02 18:51:08,192 - INFO - Skipping already-processed message ID: <2AE4154D-4DE9-4188-8CD9-BA433528599C@yahoo.com>
2026-05-02 18:51:08,192 - INFO - Skipping already-processed message ID: <2BB0CCC4-735B-4A5F-8019-A3B7CCC74D03@yahoo.com>
2026-05-02 18:51:08,192 - INFO - Skipping already-processed message ID: <797218A6-4A17-4B87-B429-61B02C7183AD@yahoo.com>
2026-05-02 18:51:08,192 - INFO - Skipping already-processed message ID: <27873746-1170-475E-9C21-7CE95948A671@yahoo.com>
2026-05-02 18:51:08,193 - INFO - Skipping already-processed message ID: <22764553-180E-42BB-9898-BC855B10E550@yahoo.com>
2026-05-02 18:51:08,193 - INFO - Skipping already-processed message ID: <C3317370-D2F5-409D-8D13-85A2F90FC6DB@yahoo.com>
2026-05-02 18:51:08,193 - INFO - Skipping already-processed message ID: <0100019de822820b-cbbf2f75-c1ed-469c-85df-98c1ab947266-000000@email.amazonses.com>
2026-05-02 18:51:08,193 - INFO - Skipping already-processed message ID: <F5FDBF7F-24C1-41B6-9793-F672681D2827@yahoo.com>
2026-05-02 18:51:08,193 - INFO - Skipping already-processed message ID: <7E3878D1-7A25-4DB5-AB91-558C9CE7A009@yahoo.com>
2026-05-02 18:51:08,193 - INFO - Skipping already-processed message ID: <1DAA720E-E8A6-4C3D-98DA-141AE8AE8BF9@yahoo.com>
2026-05-02 18:51:08,193 - INFO - Skipping already-processed message ID: <660F1C74-5A6B-4C1B-BBCE-05E53BED615E@yahoo.com>
2026-05-02 18:51:08,193 - INFO - Skipping already-processed message ID: <CF815BF6-F0CF-42BC-8956-F9AEA2E7A053@yahoo.com>
2026-05-02 18:51:08,193 - INFO - Skipping already-processed message ID: <E7CA10BA-6536-4481-BA1A-E0DAAFF3E63E@yahoo.com>
2026-05-02 18:51:08,193 - INFO - Skipping already-processed message ID: <06787DDD-1890-48CE-BA09-46B7B4AB7B53@yahoo.com>
2026-05-02 18:51:08,193 - INFO - Skipping already-processed message ID: <56406ED9-2A10-40A7-83ED-8CC1FDAD274D@yahoo.com>
2026-05-02 18:51:08,193 - INFO - Skipping already-processed message ID: <F593F874-3F7A-47E7-8C65-3ED650CF0D68@yahoo.com>
2026-05-02 18:51:08,193 - INFO - Saving 16 sent links...
2026-05-02 18:51:08,193 - INFO - ✅ Sent 1 link(s)
2026-05-02 19:01:16,301 - INFO - 📧 Processing 20 emails...
2026-05-02 19:01:16,302 - INFO - Loading sent links...
2026-05-02 19:01:16,302 - INFO - Loaded 16 previously sent links, 26 processed message IDs
2026-05-02 19:01:16,302 - INFO - Skipping already-processed message ID: <BB136B87-2299-4B89-9A2E-B446E52DFA50@yahoo.com>
2026-05-02 19:01:16,302 - INFO - Skipping already-processed message ID: <06D43F41-BB9A-4D85-9127-6E51FC50D7FD@yahoo.com>
2026-05-02 19:01:16,302 - INFO - Skipping already-processed message ID: <957111A2-0F6C-4A9D-9ED6-D3B685869E33@yahoo.com>
2026-05-02 19:01:16,302 - INFO - Skipping already-processed message ID: <F0E3D771-4716-472B-B375-8FCD1704055A@yahoo.com>
2026-05-02 19:01:16,302 - INFO - Skipping already-processed message ID: <2AE4154D-4DE9-4188-8CD9-BA433528599C@yahoo.com>
2026-05-02 19:01:16,302 - INFO - Skipping already-processed message ID: <2BB0CCC4-735B-4A5F-8019-A3B7CCC74D03@yahoo.com>
2026-05-02 19:01:16,302 - INFO - Skipping already-processed message ID: <797218A6-4A17-4B87-B429-61B02C7183AD@yahoo.com>
2026-05-02 19:01:16,302 - INFO - Skipping already-processed message ID: <27873746-1170-475E-9C21-7CE95948A671@yahoo.com>
2026-05-02 19:01:16,302 - INFO - Skipping already-processed message ID: <22764553-180E-42BB-9898-BC855B10E550@yahoo.com>
2026-05-02 19:01:16,302 - INFO - Skipping already-processed message ID: <C3317370-D2F5-409D-8D13-85A2F90FC6DB@yahoo.com>
2026-05-02 19:01:16,302 - INFO - Skipping already-processed message ID: <0100019de822820b-cbbf2f75-c1ed-469c-85df-98c1ab947266-000000@email.amazonses.com>
2026-05-02 19:01:16,303 - INFO - Skipping already-processed message ID: <F5FDBF7F-24C1-41B6-9793-F672681D2827@yahoo.com>
2026-05-02 19:01:16,303 - INFO - Skipping already-processed message ID: <7E3878D1-7A25-4DB5-AB91-558C9CE7A009@yahoo.com>
2026-05-02 19:01:16,303 - INFO - Skipping already-processed message ID: <1DAA720E-E8A6-4C3D-98DA-141AE8AE8BF9@yahoo.com>
2026-05-02 19:01:16,303 - INFO - Skipping already-processed message ID: <660F1C74-5A6B-4C1B-BBCE-05E53BED615E@yahoo.com>
2026-05-02 19:01:16,303 - INFO - Skipping already-processed message ID: <CF815BF6-F0CF-42BC-8956-F9AEA2E7A053@yahoo.com>
2026-05-02 19:01:16,303 - INFO - Skipping already-processed message ID: <E7CA10BA-6536-4481-BA1A-E0DAAFF3E63E@yahoo.com>
2026-05-02 19:01:16,303 - INFO - Skipping already-processed message ID: <06787DDD-1890-48CE-BA09-46B7B4AB7B53@yahoo.com>
2026-05-02 19:01:16,303 - INFO - Skipping already-processed message ID: <56406ED9-2A10-40A7-83ED-8CC1FDAD274D@yahoo.com>
2026-05-02 19:01:16,303 - INFO - Skipping already-processed message ID: <F593F874-3F7A-47E7-8C65-3ED650CF0D68@yahoo.com>
2026-05-02 19:01:16,303 - INFO - ℹ️ No new links found
2026-05-02 19:11:22,987 - INFO - 📧 Processing 20 emails...
2026-05-02 19:11:22,987 - INFO - Loading sent links...
2026-05-02 19:11:22,988 - INFO - Loaded 16 previously sent links, 26 processed message IDs
2026-05-02 19:11:22,988 - INFO - Skipping already-processed message ID: <BB136B87-2299-4B89-9A2E-B446E52DFA50@yahoo.com>
2026-05-02 19:11:22,988 - INFO - Skipping already-processed message ID: <06D43F41-BB9A-4D85-9127-6E51FC50D7FD@yahoo.com>
2026-05-02 19:11:22,988 - INFO - Skipping already-processed message ID: <957111A2-0F6C-4A9D-9ED6-D3B685869E33@yahoo.com>
2026-05-02 19:11:22,988 - INFO - Skipping already-processed message ID: <F0E3D771-4716-472B-B375-8FCD1704055A@yahoo.com>
2026-05-02 19:11:22,988 - INFO - Skipping already-processed message ID: <2AE4154D-4DE9-4188-8CD9-BA433528599C@yahoo.com>
2026-05-02 19:11:22,988 - INFO - Skipping already-processed message ID: <2BB0CCC4-735B-4A5F-8019-A3B7CCC74D03@yahoo.com>
2026-05-02 19:11:22,988 - INFO - Skipping already-processed message ID: <797218A6-4A17-4B87-B429-61B02C7183AD@yahoo.com>
2026-05-02 19:11:22,988 - INFO - Skipping already-processed message ID: <27873746-1170-475E-9C21-7CE95948A671@yahoo.com>
2026-05-02 19:11:22,988 - INFO - Skipping already-processed message ID: <22764553-180E-42BB-9898-BC855B10E550@yahoo.com>
2026-05-02 19:11:22,988 - INFO - Skipping already-processed message ID: <C3317370-D2F5-409D-8D13-85A2F90FC6DB@yahoo.com>
2026-05-02 19:11:22,988 - INFO - Skipping already-processed message ID: <0100019de822820b-cbbf2f75-c1ed-469c-85df-98c1ab947266-000000@email.amazonses.com>
2026-05-02 19:11:22,989 - INFO - Skipping already-processed message ID: <F5FDBF7F-24C1-41B6-9793-F672681D2827@yahoo.com>
2026-05-02 19:11:22,989 - INFO - Skipping already-processed message ID: <7E3878D1-7A25-4DB5-AB91-558C9CE7A009@yahoo.com>
2026-05-02 19:11:22,989 - INFO - Skipping already-processed message ID: <1DAA720E-E8A6-4C3D-98DA-141AE8AE8BF9@yahoo.com>
2026-05-02 19:11:22,989 - INFO - Skipping already-processed message ID: <660F1C74-5A6B-4C1B-BBCE-05E53BED615E@yahoo.com>
2026-05-02 19:11:22,989 - INFO - Skipping already-processed message ID: <CF815BF6-F0CF-42BC-8956-F9AEA2E7A053@yahoo.com>
2026-05-02 19:11:22,989 - INFO - Skipping already-processed message ID: <E7CA10BA-6536-4481-BA1A-E0DAAFF3E63E@yahoo.com>
2026-05-02 19:11:22,989 - INFO - Skipping already-processed message ID: <06787DDD-1890-48CE-BA09-46B7B4AB7B53@yahoo.com>
2026-05-02 19:11:22,989 - INFO - Skipping already-processed message ID: <56406ED9-2A10-40A7-83ED-8CC1FDAD274D@yahoo.com>
2026-05-02 19:11:22,989 - INFO - Skipping already-processed message ID: <F593F874-3F7A-47E7-8C65-3ED650CF0D68@yahoo.com>
2026-05-02 19:11:22,989 - INFO - ℹ️ No new links found
2026-05-02 19:21:05,823 - INFO - 📧 Processing 20 emails...
2026-05-02 19:21:05,823 - INFO - Loading sent links...
2026-05-02 19:21:05,823 - INFO - Loaded 16 previously sent links, 26 processed message IDs
2026-05-02 19:21:05,823 - INFO - Skipping already-processed message ID: <BB136B87-2299-4B89-9A2E-B446E52DFA50@yahoo.com>
2026-05-02 19:21:05,823 - INFO - Skipping already-processed message ID: <06D43F41-BB9A-4D85-9127-6E51FC50D7FD@yahoo.com>
2026-05-02 19:21:05,823 - INFO - Skipping already-processed message ID: <957111A2-0F6C-4A9D-9ED6-D3B685869E33@yahoo.com>
2026-05-02 19:21:05,823 - INFO - Skipping already-processed message ID: <F0E3D771-4716-472B-B375-8FCD1704055A@yahoo.com>
2026-05-02 19:21:05,823 - INFO - Skipping already-processed message ID: <2AE4154D-4DE9-4188-8CD9-BA433528599C@yahoo.com>
2026-05-02 19:21:05,824 - INFO - Skipping already-processed message ID: <2BB0CCC4-735B-4A5F-8019-A3B7CCC74D03@yahoo.com>
2026-05-02 19:21:05,824 - INFO - Skipping already-processed message ID: <797218A6-4A17-4B87-B429-61B02C7183AD@yahoo.com>
2026-05-02 19:21:05,824 - INFO - Skipping already-processed message ID: <27873746-1170-475E-9C21-7CE95948A671@yahoo.com>
2026-05-02 19:21:05,824 - INFO - Skipping already-processed message ID: <22764553-180E-42BB-9898-BC855B10E550@yahoo.com>
2026-05-02 19:21:05,824 - INFO - Skipping already-processed message ID: <C3317370-D2F5-409D-8D13-85A2F90FC6DB@yahoo.com>
2026-05-02 19:21:05,824 - INFO - Skipping already-processed message ID: <0100019de822820b-cbbf2f75-c1ed-469c-85df-98c1ab947266-000000@email.amazonses.com>
2026-05-02 19:21:05,824 - INFO - Skipping already-processed message ID: <F5FDBF7F-24C1-41B6-9793-F672681D2827@yahoo.com>
2026-05-02 19:21:05,824 - INFO - Skipping already-processed message ID: <7E3878D1-7A25-4DB5-AB91-558C9CE7A009@yahoo.com>
2026-05-02 19:21:05,824 - INFO - Skipping already-processed message ID: <1DAA720E-E8A6-4C3D-98DA-141AE8AE8BF9@yahoo.com>
2026-05-02 19:21:05,824 - INFO - Skipping already-processed message ID: <660F1C74-5A6B-4C1B-BBCE-05E53BED615E@yahoo.com>
2026-05-02 19:21:05,824 - INFO - Skipping already-processed message ID: <CF815BF6-F0CF-42BC-8956-F9AEA2E7A053@yahoo.com>
2026-05-02 19:21:05,824 - INFO - Skipping already-processed message ID: <E7CA10BA-6536-4481-BA1A-E0DAAFF3E63E@yahoo.com>
2026-05-02 19:21:05,824 - INFO - Skipping already-processed message ID: <06787DDD-1890-48CE-BA09-46B7B4AB7B53@yahoo.com>
2026-05-02 19:21:05,824 - INFO - Skipping already-processed message ID: <56406ED9-2A10-40A7-83ED-8CC1FDAD274D@yahoo.com>
2026-05-02 19:21:05,824 - INFO - Skipping already-processed message ID: <F593F874-3F7A-47E7-8C65-3ED650CF0D68@yahoo.com>
2026-05-02 19:21:05,824 - INFO - ℹ️ No new links found
2026-05-02 19:31:01,667 - INFO - 📧 Processing 20 emails...
2026-05-02 19:31:01,668 - INFO - Loading sent links...
2026-05-02 19:31:01,668 - INFO - Loaded 16 previously sent links, 26 processed message IDs
2026-05-02 19:31:01,668 - INFO - Skipping already-processed message ID: <BB136B87-2299-4B89-9A2E-B446E52DFA50@yahoo.com>
2026-05-02 19:31:01,668 - INFO - Skipping already-processed message ID: <06D43F41-BB9A-4D85-9127-6E51FC50D7FD@yahoo.com>
2026-05-02 19:31:01,668 - INFO - Skipping already-processed message ID: <957111A2-0F6C-4A9D-9ED6-D3B685869E33@yahoo.com>
2026-05-02 19:31:01,668 - INFO - Skipping already-processed message ID: <F0E3D771-4716-472B-B375-8FCD1704055A@yahoo.com>
2026-05-02 19:31:01,668 - INFO - Skipping already-processed message ID: <2AE4154D-4DE9-4188-8CD9-BA433528599C@yahoo.com>
2026-05-02 19:31:01,668 - INFO - Skipping already-processed message ID: <2BB0CCC4-735B-4A5F-8019-A3B7CCC74D03@yahoo.com>
2026-05-02 19:31:01,668 - INFO - Skipping already-processed message ID: <797218A6-4A17-4B87-B429-61B02C7183AD@yahoo.com>
2026-05-02 19:31:01,668 - INFO - Skipping already-processed message ID: <27873746-1170-475E-9C21-7CE95948A671@yahoo.com>
2026-05-02 19:31:01,668 - INFO - Skipping already-processed message ID: <22764553-180E-42BB-9898-BC855B10E550@yahoo.com>
2026-05-02 19:31:01,669 - INFO - Skipping already-processed message ID: <C3317370-D2F5-409D-8D13-85A2F90FC6DB@yahoo.com>
2026-05-02 19:31:01,669 - INFO - Skipping already-processed message ID: <0100019de822820b-cbbf2f75-c1ed-469c-85df-98c1ab947266-000000@email.amazonses.com>
2026-05-02 19:31:01,669 - INFO - Skipping already-processed message ID: <F5FDBF7F-24C1-41B6-9793-F672681D2827@yahoo.com>
2026-05-02 19:31:01,669 - INFO - Skipping already-processed message ID: <7E3878D1-7A25-4DB5-AB91-558C9CE7A009@yahoo.com>
2026-05-02 19:31:01,669 - INFO - Skipping already-processed message ID: <1DAA720E-E8A6-4C3D-98DA-141AE8AE8BF9@yahoo.com>
2026-05-02 19:31:01,669 - INFO - Skipping already-processed message ID: <660F1C74-5A6B-4C1B-BBCE-05E53BED615E@yahoo.com>
2026-05-02 19:31:01,669 - INFO - Skipping already-processed message ID: <CF815BF6-F0CF-42BC-8956-F9AEA2E7A053@yahoo.com>
2026-05-02 19:31:01,669 - INFO - Skipping already-processed message ID: <E7CA10BA-6536-4481-BA1A-E0DAAFF3E63E@yahoo.com>
2026-05-02 19:31:01,669 - INFO - Skipping already-processed message ID: <06787DDD-1890-48CE-BA09-46B7B4AB7B53@yahoo.com>
2026-05-02 19:31:01,669 - INFO - Skipping already-processed message ID: <56406ED9-2A10-40A7-83ED-8CC1FDAD274D@yahoo.com>
2026-05-02 19:31:01,669 - INFO - Skipping already-processed message ID: <F593F874-3F7A-47E7-8C65-3ED650CF0D68@yahoo.com>
2026-05-02 19:31:01,669 - INFO - ℹ️ No new links found
2026-05-02 19:41:05,718 - INFO - 📧 Processing 20 emails...
2026-05-02 19:41:05,718 - INFO - Loading sent links...
2026-05-02 19:41:05,719 - INFO - Loaded 16 previously sent links, 26 processed message IDs
2026-05-02 19:41:05,719 - INFO - Skipping already-processed message ID: <BB136B87-2299-4B89-9A2E-B446E52DFA50@yahoo.com>
2026-05-02 19:41:05,719 - INFO - Skipping already-processed message ID: <06D43F41-BB9A-4D85-9127-6E51FC50D7FD@yahoo.com>
2026-05-02 19:41:05,719 - INFO - Skipping already-processed message ID: <957111A2-0F6C-4A9D-9ED6-D3B685869E33@yahoo.com>
2026-05-02 19:41:05,719 - INFO - Skipping already-processed message ID: <F0E3D771-4716-472B-B375-8FCD1704055A@yahoo.com>
2026-05-02 19:41:05,719 - INFO - Skipping already-processed message ID: <2AE4154D-4DE9-4188-8CD9-BA433528599C@yahoo.com>
2026-05-02 19:41:05,719 - INFO - Skipping already-processed message ID: <2BB0CCC4-735B-4A5F-8019-A3B7CCC74D03@yahoo.com>
2026-05-02 19:41:05,719 - INFO - Skipping already-processed message ID: <797218A6-4A17-4B87-B429-61B02C7183AD@yahoo.com>
2026-05-02 19:41:05,719 - INFO - Skipping already-processed message ID: <27873746-1170-475E-9C21-7CE95948A671@yahoo.com>
2026-05-02 19:41:05,719 - INFO - Skipping already-processed message ID: <22764553-180E-42BB-9898-BC855B10E550@yahoo.com>
2026-05-02 19:41:05,719 - INFO - Skipping already-processed message ID: <C3317370-D2F5-409D-8D13-85A2F90FC6DB@yahoo.com>
2026-05-02 19:41:05,719 - INFO - Skipping already-processed message ID: <0100019de822820b-cbbf2f75-c1ed-469c-85df-98c1ab947266-000000@email.amazonses.com>
2026-05-02 19:41:05,719 - INFO - Skipping already-processed message ID: <F5FDBF7F-24C1-41B6-9793-F672681D2827@yahoo.com>
2026-05-02 19:41:05,719 - INFO - Skipping already-processed message ID: <7E3878D1-7A25-4DB5-AB91-558C9CE7A009@yahoo.com>
2026-05-02 19:41:05,719 - INFO - Skipping already-processed message ID: <1DAA720E-E8A6-4C3D-98DA-141AE8AE8BF9@yahoo.com>
2026-05-02 19:41:05,719 - INFO - Skipping already-processed message ID: <660F1C74-5A6B-4C1B-BBCE-05E53BED615E@yahoo.com>
2026-05-02 19:41:05,719 - INFO - Skipping already-processed message ID: <CF815BF6-F0CF-42BC-8956-F9AEA2E7A053@yahoo.com>
2026-05-02 19:41:05,719 - INFO - Skipping already-processed message ID: <E7CA10BA-6536-4481-BA1A-E0DAAFF3E63E@yahoo.com>
2026-05-02 19:41:05,719 - INFO - Skipping already-processed message ID: <06787DDD-1890-48CE-BA09-46B7B4AB7B53@yahoo.com>
2026-05-02 19:41:05,719 - INFO - Skipping already-processed message ID: <56406ED9-2A10-40A7-83ED-8CC1FDAD274D@yahoo.com>
2026-05-02 19:41:05,719 - INFO - Skipping already-processed message ID: <F593F874-3F7A-47E7-8C65-3ED650CF0D68@yahoo.com>
2026-05-02 19:41:05,719 - INFO - ℹ️ No new links found
2026-05-02 19:51:05,057 - INFO - 📧 Processing 20 emails...
2026-05-02 19:51:05,057 - INFO - Loading sent links...
2026-05-02 19:51:05,058 - INFO - Loaded 16 previously sent links, 26 processed message IDs
2026-05-02 19:51:05,058 - INFO - Skipping already-processed message ID: <BB136B87-2299-4B89-9A2E-B446E52DFA50@yahoo.com>
2026-05-02 19:51:05,058 - INFO - Skipping already-processed message ID: <06D43F41-BB9A-4D85-9127-6E51FC50D7FD@yahoo.com>
2026-05-02 19:51:05,058 - INFO - Skipping already-processed message ID: <957111A2-0F6C-4A9D-9ED6-D3B685869E33@yahoo.com>
2026-05-02 19:51:05,058 - INFO - Skipping already-processed message ID: <F0E3D771-4716-472B-B375-8FCD1704055A@yahoo.com>
2026-05-02 19:51:05,058 - INFO - Skipping already-processed message ID: <2AE4154D-4DE9-4188-8CD9-BA433528599C@yahoo.com>
2026-05-02 19:51:05,058 - INFO - Skipping already-processed message ID: <2BB0CCC4-735B-4A5F-8019-A3B7CCC74D03@yahoo.com>
2026-05-02 19:51:05,058 - INFO - Skipping already-processed message ID: <797218A6-4A17-4B87-B429-61B02C7183AD@yahoo.com>
2026-05-02 19:51:05,058 - INFO - Skipping already-processed message ID: <27873746-1170-475E-9C21-7CE95948A671@yahoo.com>
2026-05-02 19:51:05,058 - INFO - Skipping already-processed message ID: <22764553-180E-42BB-9898-BC855B10E550@yahoo.com>
2026-05-02 19:51:05,058 - INFO - Skipping already-processed message ID: <C3317370-D2F5-409D-8D13-85A2F90FC6DB@yahoo.com>
2026-05-02 19:51:05,058 - INFO - Skipping already-processed message ID: <0100019de822820b-cbbf2f75-c1ed-469c-85df-98c1ab947266-000000@email.amazonses.com>
2026-05-02 19:51:05,058 - INFO - Skipping already-processed message ID: <F5FDBF7F-24C1-41B6-9793-F672681D2827@yahoo.com>
2026-05-02 19:51:05,058 - INFO - Skipping already-processed message ID: <7E3878D1-7A25-4DB5-AB91-558C9CE7A009@yahoo.com>
2026-05-02 19:51:05,058 - INFO - Skipping already-processed message ID: <1DAA720E-E8A6-4C3D-98DA-141AE8AE8BF9@yahoo.com>
2026-05-02 19:51:05,058 - INFO - Skipping already-processed message ID: <660F1C74-5A6B-4C1B-BBCE-05E53BED615E@yahoo.com>
2026-05-02 19:51:05,058 - INFO - Skipping already-processed message ID: <CF815BF6-F0CF-42BC-8956-F9AEA2E7A053@yahoo.com>
2026-05-02 19:51:05,058 - INFO - Skipping already-processed message ID: <E7CA10BA-6536-4481-BA1A-E0DAAFF3E63E@yahoo.com>
2026-05-02 19:51:05,058 - INFO - Skipping already-processed message ID: <06787DDD-1890-48CE-BA09-46B7B4AB7B53@yahoo.com>
2026-05-02 19:51:05,058 - INFO - Skipping already-processed message ID: <56406ED9-2A10-40A7-83ED-8CC1FDAD274D@yahoo.com>
2026-05-02 19:51:05,058 - INFO - Skipping already-processed message ID: <F593F874-3F7A-47E7-8C65-3ED650CF0D68@yahoo.com>
2026-05-02 19:51:05,058 - INFO - ℹ️ No new links found
2026-05-02 20:01:09,174 - INFO - 📧 Processing 20 emails...
2026-05-02 20:01:09,174 - INFO - Loading sent links...
2026-05-02 20:01:09,174 - INFO - Loaded 16 previously sent links, 26 processed message IDs
2026-05-02 20:01:09,174 - INFO - Skipping already-processed message ID: <BB136B87-2299-4B89-9A2E-B446E52DFA50@yahoo.com>
2026-05-02 20:01:09,174 - INFO - Skipping already-processed message ID: <06D43F41-BB9A-4D85-9127-6E51FC50D7FD@yahoo.com>
2026-05-02 20:01:09,174 - INFO - Skipping already-processed message ID: <957111A2-0F6C-4A9D-9ED6-D3B685869E33@yahoo.com>
2026-05-02 20:01:09,174 - INFO - Skipping already-processed message ID: <F0E3D771-4716-472B-B375-8FCD1704055A@yahoo.com>
2026-05-02 20:01:09,174 - INFO - Skipping already-processed message ID: <2AE4154D-4DE9-4188-8CD9-BA433528599C@yahoo.com>
2026-05-02 20:01:09,174 - INFO - Skipping already-processed message ID: <2BB0CCC4-735B-4A5F-8019-A3B7CCC74D03@yahoo.com>
2026-05-02 20:01:09,175 - INFO - Skipping already-processed message ID: <797218A6-4A17-4B87-B429-61B02C7183AD@yahoo.com>
2026-05-02 20:01:09,175 - INFO - Skipping already-processed message ID: <27873746-1170-475E-9C21-7CE95948A671@yahoo.com>
2026-05-02 20:01:09,175 - INFO - Skipping already-processed message ID: <22764553-180E-42BB-9898-BC855B10E550@yahoo.com>
2026-05-02 20:01:09,175 - INFO - Skipping already-processed message ID: <C3317370-D2F5-409D-8D13-85A2F90FC6DB@yahoo.com>
2026-05-02 20:01:09,175 - INFO - Skipping already-processed message ID: <0100019de822820b-cbbf2f75-c1ed-469c-85df-98c1ab947266-000000@email.amazonses.com>
2026-05-02 20:01:09,175 - INFO - Skipping already-processed message ID: <F5FDBF7F-24C1-41B6-9793-F672681D2827@yahoo.com>
2026-05-02 20:01:09,175 - INFO - Skipping already-processed message ID: <7E3878D1-7A25-4DB5-AB91-558C9CE7A009@yahoo.com>
2026-05-02 20:01:09,175 - INFO - Skipping already-processed message ID: <1DAA720E-E8A6-4C3D-98DA-141AE8AE8BF9@yahoo.com>
2026-05-02 20:01:09,175 - INFO - Skipping already-processed message ID: <660F1C74-5A6B-4C1B-BBCE-05E53BED615E@yahoo.com>
2026-05-02 20:01:09,175 - INFO - Skipping already-processed message ID: <CF815BF6-F0CF-42BC-8956-F9AEA2E7A053@yahoo.com>
2026-05-02 20:01:09,175 - INFO - Skipping already-processed message ID: <E7CA10BA-6536-4481-BA1A-E0DAAFF3E63E@yahoo.com>
2026-05-02 20:01:09,175 - INFO - Skipping already-processed message ID: <06787DDD-1890-48CE-BA09-46B7B4AB7B53@yahoo.com>
2026-05-02 20:01:09,175 - INFO - Skipping already-processed message ID: <56406ED9-2A10-40A7-83ED-8CC1FDAD274D@yahoo.com>
2026-05-02 20:01:09,175 - INFO - Skipping already-processed message ID: <F593F874-3F7A-47E7-8C65-3ED650CF0D68@yahoo.com>
2026-05-02 20:01:09,175 - INFO - ℹ️ No new links found
2026-05-02 20:11:03,504 - INFO - 📧 Processing 20 emails...
2026-05-02 20:11:03,504 - INFO - Loading sent links...
2026-05-02 20:11:03,505 - INFO - Loaded 16 previously sent links, 26 processed message IDs
2026-05-02 20:11:03,505 - INFO - Skipping already-processed message ID: <BB136B87-2299-4B89-9A2E-B446E52DFA50@yahoo.com>
2026-05-02 20:11:03,505 - INFO - Skipping already-processed message ID: <06D43F41-BB9A-4D85-9127-6E51FC50D7FD@yahoo.com>
2026-05-02 20:11:03,505 - INFO - Skipping already-processed message ID: <957111A2-0F6C-4A9D-9ED6-D3B685869E33@yahoo.com>
2026-05-02 20:11:03,505 - INFO - Skipping already-processed message ID: <F0E3D771-4716-472B-B375-8FCD1704055A@yahoo.com>
2026-05-02 20:11:03,505 - INFO - Skipping already-processed message ID: <2AE4154D-4DE9-4188-8CD9-BA433528599C@yahoo.com>
2026-05-02 20:11:03,505 - INFO - Skipping already-processed message ID: <2BB0CCC4-735B-4A5F-8019-A3B7CCC74D03@yahoo.com>
2026-05-02 20:11:03,505 - INFO - Skipping already-processed message ID: <797218A6-4A17-4B87-B429-61B02C7183AD@yahoo.com>
2026-05-02 20:11:03,505 - INFO - Skipping already-processed message ID: <27873746-1170-475E-9C21-7CE95948A671@yahoo.com>
2026-05-02 20:11:03,505 - INFO - Skipping already-processed message ID: <22764553-180E-42BB-9898-BC855B10E550@yahoo.com>
2026-05-02 20:11:03,505 - INFO - Skipping already-processed message ID: <C3317370-D2F5-409D-8D13-85A2F90FC6DB@yahoo.com>
2026-05-02 20:11:03,505 - INFO - Skipping already-processed message ID: <0100019de822820b-cbbf2f75-c1ed-469c-85df-98c1ab947266-000000@email.amazonses.com>
2026-05-02 20:11:03,505 - INFO - Skipping already-processed message ID: <F5FDBF7F-24C1-41B6-9793-F672681D2827@yahoo.com>
2026-05-02 20:11:03,505 - INFO - Skipping already-processed message ID: <7E3878D1-7A25-4DB5-AB91-558C9CE7A009@yahoo.com>
2026-05-02 20:11:03,505 - INFO - Skipping already-processed message ID: <1DAA720E-E8A6-4C3D-98DA-141AE8AE8BF9@yahoo.com>
2026-05-02 20:11:03,506 - INFO - Skipping already-processed message ID: <660F1C74-5A6B-4C1B-BBCE-05E53BED615E@yahoo.com>
2026-05-02 20:11:03,506 - INFO - Skipping already-processed message ID: <CF815BF6-F0CF-42BC-8956-F9AEA2E7A053@yahoo.com>
2026-05-02 20:11:03,506 - INFO - Skipping already-processed message ID: <E7CA10BA-6536-4481-BA1A-E0DAAFF3E63E@yahoo.com>
2026-05-02 20:11:03,506 - INFO - Skipping already-processed message ID: <06787DDD-1890-48CE-BA09-46B7B4AB7B53@yahoo.com>
2026-05-02 20:11:03,506 - INFO - Skipping already-processed message ID: <56406ED9-2A10-40A7-83ED-8CC1FDAD274D@yahoo.com>
2026-05-02 20:11:03,506 - INFO - Skipping already-processed message ID: <F593F874-3F7A-47E7-8C65-3ED650CF0D68@yahoo.com>
2026-05-02 20:11:03,506 - INFO - ℹ️ No new links found
2026-05-02 20:21:06,804 - INFO - 📧 Processing 20 emails...
2026-05-02 20:21:06,804 - INFO - Loading sent links...
2026-05-02 20:21:06,804 - INFO - Loaded 16 previously sent links, 26 processed message IDs
2026-05-02 20:21:06,804 - INFO - Skipping already-processed message ID: <BB136B87-2299-4B89-9A2E-B446E52DFA50@yahoo.com>
2026-05-02 20:21:06,805 - INFO - Skipping already-processed message ID: <06D43F41-BB9A-4D85-9127-6E51FC50D7FD@yahoo.com>
2026-05-02 20:21:06,805 - INFO - Skipping already-processed message ID: <957111A2-0F6C-4A9D-9ED6-D3B685869E33@yahoo.com>
2026-05-02 20:21:06,805 - INFO - Skipping already-processed message ID: <F0E3D771-4716-472B-B375-8FCD1704055A@yahoo.com>
2026-05-02 20:21:06,805 - INFO - Skipping already-processed message ID: <2AE4154D-4DE9-4188-8CD9-BA433528599C@yahoo.com>
2026-05-02 20:21:06,805 - INFO - Skipping already-processed message ID: <2BB0CCC4-735B-4A5F-8019-A3B7CCC74D03@yahoo.com>
2026-05-02 20:21:06,805 - INFO - Skipping already-processed message ID: <797218A6-4A17-4B87-B429-61B02C7183AD@yahoo.com>
2026-05-02 20:21:06,805 - INFO - Skipping already-processed message ID: <27873746-1170-475E-9C21-7CE95948A671@yahoo.com>
2026-05-02 20:21:06,805 - INFO - Skipping already-processed message ID: <22764553-180E-42BB-9898-BC855B10E550@yahoo.com>
2026-05-02 20:21:06,805 - INFO - Skipping already-processed message ID: <C3317370-D2F5-409D-8D13-85A2F90FC6DB@yahoo.com>
2026-05-02 20:21:06,805 - INFO - Skipping already-processed message ID: <0100019de822820b-cbbf2f75-c1ed-469c-85df-98c1ab947266-000000@email.amazonses.com>
2026-05-02 20:21:06,805 - INFO - Skipping already-processed message ID: <F5FDBF7F-24C1-41B6-9793-F672681D2827@yahoo.com>
2026-05-02 20:21:06,805 - INFO - Skipping already-processed message ID: <7E3878D1-7A25-4DB5-AB91-558C9CE7A009@yahoo.com>
2026-05-02 20:21:06,805 - INFO - Skipping already-processed message ID: <1DAA720E-E8A6-4C3D-98DA-141AE8AE8BF9@yahoo.com>
2026-05-02 20:21:06,805 - INFO - Skipping already-processed message ID: <660F1C74-5A6B-4C1B-BBCE-05E53BED615E@yahoo.com>
2026-05-02 20:21:06,805 - INFO - Skipping already-processed message ID: <CF815BF6-F0CF-42BC-8956-F9AEA2E7A053@yahoo.com>
2026-05-02 20:21:06,805 - INFO - Skipping already-processed message ID: <E7CA10BA-6536-4481-BA1A-E0DAAFF3E63E@yahoo.com>
2026-05-02 20:21:06,805 - INFO - Skipping already-processed message ID: <06787DDD-1890-48CE-BA09-46B7B4AB7B53@yahoo.com>
2026-05-02 20:21:06,805 - INFO - Skipping already-processed message ID: <56406ED9-2A10-40A7-83ED-8CC1FDAD274D@yahoo.com>
2026-05-02 20:21:06,805 - INFO - Skipping already-processed message ID: <F593F874-3F7A-47E7-8C65-3ED650CF0D68@yahoo.com>
2026-05-02 20:21:06,805 - INFO - ℹ️ No new links found
2026-05-02 20:31:03,693 - INFO - 📧 Processing 20 emails...
2026-05-02 20:31:03,693 - INFO - Loading sent links...
2026-05-02 20:31:03,693 - INFO - Loaded 16 previously sent links, 26 processed message IDs
2026-05-02 20:31:03,693 - INFO - Skipping already-processed message ID: <BB136B87-2299-4B89-9A2E-B446E52DFA50@yahoo.com>
2026-05-02 20:31:03,693 - INFO - Skipping already-processed message ID: <06D43F41-BB9A-4D85-9127-6E51FC50D7FD@yahoo.com>
2026-05-02 20:31:03,693 - INFO - Skipping already-processed message ID: <957111A2-0F6C-4A9D-9ED6-D3B685869E33@yahoo.com>
2026-05-02 20:31:03,693 - INFO - Skipping already-processed message ID: <F0E3D771-4716-472B-B375-8FCD1704055A@yahoo.com>
2026-05-02 20:31:03,693 - INFO - Skipping already-processed message ID: <2AE4154D-4DE9-4188-8CD9-BA433528599C@yahoo.com>
2026-05-02 20:31:03,693 - INFO - Skipping already-processed message ID: <2BB0CCC4-735B-4A5F-8019-A3B7CCC74D03@yahoo.com>
2026-05-02 20:31:03,693 - INFO - Skipping already-processed message ID: <797218A6-4A17-4B87-B429-61B02C7183AD@yahoo.com>
2026-05-02 20:31:03,693 - INFO - Skipping already-processed message ID: <27873746-1170-475E-9C21-7CE95948A671@yahoo.com>
2026-05-02 20:31:03,694 - INFO - Skipping already-processed message ID: <22764553-180E-42BB-9898-BC855B10E550@yahoo.com>
2026-05-02 20:31:03,694 - INFO - Skipping already-processed message ID: <C3317370-D2F5-409D-8D13-85A2F90FC6DB@yahoo.com>
2026-05-02 20:31:03,694 - INFO - Skipping already-processed message ID: <0100019de822820b-cbbf2f75-c1ed-469c-85df-98c1ab947266-000000@email.amazonses.com>
2026-05-02 20:31:03,694 - INFO - Skipping already-processed message ID: <F5FDBF7F-24C1-41B6-9793-F672681D2827@yahoo.com>
2026-05-02 20:31:03,694 - INFO - Skipping already-processed message ID: <7E3878D1-7A25-4DB5-AB91-558C9CE7A009@yahoo.com>
2026-05-02 20:31:03,694 - INFO - Skipping already-processed message ID: <1DAA720E-E8A6-4C3D-98DA-141AE8AE8BF9@yahoo.com>
2026-05-02 20:31:03,694 - INFO - Skipping already-processed message ID: <660F1C74-5A6B-4C1B-BBCE-05E53BED615E@yahoo.com>
2026-05-02 20:31:03,694 - INFO - Skipping already-processed message ID: <CF815BF6-F0CF-42BC-8956-F9AEA2E7A053@yahoo.com>
2026-05-02 20:31:03,694 - INFO - Skipping already-processed message ID: <E7CA10BA-6536-4481-BA1A-E0DAAFF3E63E@yahoo.com>
2026-05-02 20:31:03,694 - INFO - Skipping already-processed message ID: <06787DDD-1890-48CE-BA09-46B7B4AB7B53@yahoo.com>
2026-05-02 20:31:03,694 - INFO - Skipping already-processed message ID: <56406ED9-2A10-40A7-83ED-8CC1FDAD274D@yahoo.com>
2026-05-02 20:31:03,694 - INFO - Skipping already-processed message ID: <F593F874-3F7A-47E7-8C65-3ED650CF0D68@yahoo.com>
2026-05-02 20:31:03,694 - INFO - ℹ️ No new links found
2026-05-02 20:41:05,405 - INFO - 📧 Processing 20 emails...
2026-05-02 20:41:05,405 - INFO - Loading sent links...
2026-05-02 20:41:05,405 - INFO - Loaded 16 previously sent links, 26 processed message IDs
2026-05-02 20:41:05,405 - INFO - Skipping already-processed message ID: <BB136B87-2299-4B89-9A2E-B446E52DFA50@yahoo.com>
2026-05-02 20:41:05,405 - INFO - Skipping already-processed message ID: <06D43F41-BB9A-4D85-9127-6E51FC50D7FD@yahoo.com>
2026-05-02 20:41:05,406 - INFO - Skipping already-processed message ID: <957111A2-0F6C-4A9D-9ED6-D3B685869E33@yahoo.com>
2026-05-02 20:41:05,406 - INFO - Skipping already-processed message ID: <F0E3D771-4716-472B-B375-8FCD1704055A@yahoo.com>
2026-05-02 20:41:05,406 - INFO - Skipping already-processed message ID: <2AE4154D-4DE9-4188-8CD9-BA433528599C@yahoo.com>
2026-05-02 20:41:05,406 - INFO - Skipping already-processed message ID: <2BB0CCC4-735B-4A5F-8019-A3B7CCC74D03@yahoo.com>
2026-05-02 20:41:05,406 - INFO - Skipping already-processed message ID: <797218A6-4A17-4B87-B429-61B02C7183AD@yahoo.com>
2026-05-02 20:41:05,406 - INFO - Skipping already-processed message ID: <27873746-1170-475E-9C21-7CE95948A671@yahoo.com>
2026-05-02 20:41:05,406 - INFO - Skipping already-processed message ID: <22764553-180E-42BB-9898-BC855B10E550@yahoo.com>
2026-05-02 20:41:05,406 - INFO - Skipping already-processed message ID: <C3317370-D2F5-409D-8D13-85A2F90FC6DB@yahoo.com>
2026-05-02 20:41:05,406 - INFO - Skipping already-processed message ID: <0100019de822820b-cbbf2f75-c1ed-469c-85df-98c1ab947266-000000@email.amazonses.com>
2026-05-02 20:41:05,406 - INFO - Skipping already-processed message ID: <F5FDBF7F-24C1-41B6-9793-F672681D2827@yahoo.com>
2026-05-02 20:41:05,406 - INFO - Skipping already-processed message ID: <7E3878D1-7A25-4DB5-AB91-558C9CE7A009@yahoo.com>
2026-05-02 20:41:05,406 - INFO - Skipping already-processed message ID: <1DAA720E-E8A6-4C3D-98DA-141AE8AE8BF9@yahoo.com>
2026-05-02 20:41:05,406 - INFO - Skipping already-processed message ID: <660F1C74-5A6B-4C1B-BBCE-05E53BED615E@yahoo.com>
2026-05-02 20:41:05,406 - INFO - Skipping already-processed message ID: <CF815BF6-F0CF-42BC-8956-F9AEA2E7A053@yahoo.com>
2026-05-02 20:41:05,406 - INFO - Skipping already-processed message ID: <E7CA10BA-6536-4481-BA1A-E0DAAFF3E63E@yahoo.com>
2026-05-02 20:41:05,406 - INFO - Skipping already-processed message ID: <06787DDD-1890-48CE-BA09-46B7B4AB7B53@yahoo.com>
2026-05-02 20:41:05,406 - INFO - Skipping already-processed message ID: <56406ED9-2A10-40A7-83ED-8CC1FDAD274D@yahoo.com>
2026-05-02 20:41:05,406 - INFO - Skipping already-processed message ID: <F593F874-3F7A-47E7-8C65-3ED650CF0D68@yahoo.com>
2026-05-02 20:41:05,406 - INFO - ℹ️ No new links found
2026-05-02 20:51:04,089 - INFO - 📧 Processing 20 emails...
2026-05-02 20:51:04,089 - INFO - Loading sent links...
2026-05-02 20:51:04,089 - INFO - Loaded 16 previously sent links, 26 processed message IDs
2026-05-02 20:51:04,089 - INFO - Skipping already-processed message ID: <BB136B87-2299-4B89-9A2E-B446E52DFA50@yahoo.com>
2026-05-02 20:51:04,089 - INFO - Skipping already-processed message ID: <06D43F41-BB9A-4D85-9127-6E51FC50D7FD@yahoo.com>
2026-05-02 20:51:04,090 - INFO - Skipping already-processed message ID: <957111A2-0F6C-4A9D-9ED6-D3B685869E33@yahoo.com>
2026-05-02 20:51:04,090 - INFO - Skipping already-processed message ID: <F0E3D771-4716-472B-B375-8FCD1704055A@yahoo.com>
2026-05-02 20:51:04,090 - INFO - Skipping already-processed message ID: <2AE4154D-4DE9-4188-8CD9-BA433528599C@yahoo.com>
2026-05-02 20:51:04,090 - INFO - Skipping already-processed message ID: <2BB0CCC4-735B-4A5F-8019-A3B7CCC74D03@yahoo.com>
2026-05-02 20:51:04,090 - INFO - Skipping already-processed message ID: <797218A6-4A17-4B87-B429-61B02C7183AD@yahoo.com>
2026-05-02 20:51:04,090 - INFO - Skipping already-processed message ID: <27873746-1170-475E-9C21-7CE95948A671@yahoo.com>
2026-05-02 20:51:04,090 - INFO - Skipping already-processed message ID: <22764553-180E-42BB-9898-BC855B10E550@yahoo.com>
2026-05-02 20:51:04,090 - INFO - Skipping already-processed message ID: <C3317370-D2F5-409D-8D13-85A2F90FC6DB@yahoo.com>
2026-05-02 20:51:04,090 - INFO - Skipping already-processed message ID: <0100019de822820b-cbbf2f75-c1ed-469c-85df-98c1ab947266-000000@email.amazonses.com>
2026-05-02 20:51:04,090 - INFO - Skipping already-processed message ID: <F5FDBF7F-24C1-41B6-9793-F672681D2827@yahoo.com>
2026-05-02 20:51:04,090 - INFO - Skipping already-processed message ID: <7E3878D1-7A25-4DB5-AB91-558C9CE7A009@yahoo.com>
2026-05-02 20:51:04,090 - INFO - Skipping already-processed message ID: <1DAA720E-E8A6-4C3D-98DA-141AE8AE8BF9@yahoo.com>
2026-05-02 20:51:04,090 - INFO - Skipping already-processed message ID: <660F1C74-5A6B-4C1B-BBCE-05E53BED615E@yahoo.com>
2026-05-02 20:51:04,090 - INFO - Skipping already-processed message ID: <CF815BF6-F0CF-42BC-8956-F9AEA2E7A053@yahoo.com>
2026-05-02 20:51:04,090 - INFO - Skipping already-processed message ID: <E7CA10BA-6536-4481-BA1A-E0DAAFF3E63E@yahoo.com>
2026-05-02 20:51:04,090 - INFO - Skipping already-processed message ID: <06787DDD-1890-48CE-BA09-46B7B4AB7B53@yahoo.com>
2026-05-02 20:51:04,090 - INFO - Skipping already-processed message ID: <56406ED9-2A10-40A7-83ED-8CC1FDAD274D@yahoo.com>
2026-05-02 20:51:04,090 - INFO - Skipping already-processed message ID: <F593F874-3F7A-47E7-8C65-3ED650CF0D68@yahoo.com>
2026-05-02 20:51:04,090 - INFO - ℹ️ No new links found
2026-05-02 21:01:06,737 - INFO - 📧 Processing 20 emails...
2026-05-02 21:01:06,737 - INFO - Loading sent links...
2026-05-02 21:01:06,738 - INFO - Loaded 16 previously sent links, 26 processed message IDs
2026-05-02 21:01:06,738 - INFO - Skipping already-processed message ID: <BB136B87-2299-4B89-9A2E-B446E52DFA50@yahoo.com>
2026-05-02 21:01:06,738 - INFO - Skipping already-processed message ID: <06D43F41-BB9A-4D85-9127-6E51FC50D7FD@yahoo.com>
2026-05-02 21:01:06,738 - INFO - Skipping already-processed message ID: <957111A2-0F6C-4A9D-9ED6-D3B685869E33@yahoo.com>
2026-05-02 21:01:06,738 - INFO - Skipping already-processed message ID: <F0E3D771-4716-472B-B375-8FCD1704055A@yahoo.com>
2026-05-02 21:01:06,738 - INFO - Skipping already-processed message ID: <2AE4154D-4DE9-4188-8CD9-BA433528599C@yahoo.com>
2026-05-02 21:01:06,738 - INFO - Skipping already-processed message ID: <2BB0CCC4-735B-4A5F-8019-A3B7CCC74D03@yahoo.com>
2026-05-02 21:01:06,738 - INFO - Skipping already-processed message ID: <797218A6-4A17-4B87-B429-61B02C7183AD@yahoo.com>
2026-05-02 21:01:06,738 - INFO - Skipping already-processed message ID: <27873746-1170-475E-9C21-7CE95948A671@yahoo.com>
2026-05-02 21:01:06,738 - INFO - Skipping already-processed message ID: <22764553-180E-42BB-9898-BC855B10E550@yahoo.com>
2026-05-02 21:01:06,738 - INFO - Skipping already-processed message ID: <C3317370-D2F5-409D-8D13-85A2F90FC6DB@yahoo.com>
2026-05-02 21:01:06,738 - INFO - Skipping already-processed message ID: <0100019de822820b-cbbf2f75-c1ed-469c-85df-98c1ab947266-000000@email.amazonses.com>
2026-05-02 21:01:06,738 - INFO - Skipping already-processed message ID: <F5FDBF7F-24C1-41B6-9793-F672681D2827@yahoo.com>
2026-05-02 21:01:06,738 - INFO - Skipping already-processed message ID: <7E3878D1-7A25-4DB5-AB91-558C9CE7A009@yahoo.com>
2026-05-02 21:01:06,738 - INFO - Skipping already-processed message ID: <1DAA720E-E8A6-4C3D-98DA-141AE8AE8BF9@yahoo.com>
2026-05-02 21:01:06,738 - INFO - Skipping already-processed message ID: <660F1C74-5A6B-4C1B-BBCE-05E53BED615E@yahoo.com>
2026-05-02 21:01:06,738 - INFO - Skipping already-processed message ID: <CF815BF6-F0CF-42BC-8956-F9AEA2E7A053@yahoo.com>
2026-05-02 21:01:06,738 - INFO - Skipping already-processed message ID: <E7CA10BA-6536-4481-BA1A-E0DAAFF3E63E@yahoo.com>
2026-05-02 21:01:06,738 - INFO - Skipping already-processed message ID: <06787DDD-1890-48CE-BA09-46B7B4AB7B53@yahoo.com>
2026-05-02 21:01:06,738 - INFO - Skipping already-processed message ID: <56406ED9-2A10-40A7-83ED-8CC1FDAD274D@yahoo.com>
2026-05-02 21:01:06,738 - INFO - Skipping already-processed message ID: <F593F874-3F7A-47E7-8C65-3ED650CF0D68@yahoo.com>
2026-05-02 21:01:06,739 - INFO - ℹ️ No new links found
2026-05-02 21:11:02,849 - INFO - 📧 Processing 20 emails...
2026-05-02 21:11:02,849 - INFO - Loading sent links...
2026-05-02 21:11:02,850 - INFO - Loaded 16 previously sent links, 26 processed message IDs
2026-05-02 21:11:02,850 - INFO - Skipping already-processed message ID: <BB136B87-2299-4B89-9A2E-B446E52DFA50@yahoo.com>
2026-05-02 21:11:02,850 - INFO - Skipping already-processed message ID: <06D43F41-BB9A-4D85-9127-6E51FC50D7FD@yahoo.com>
2026-05-02 21:11:02,850 - INFO - Skipping already-processed message ID: <957111A2-0F6C-4A9D-9ED6-D3B685869E33@yahoo.com>
2026-05-02 21:11:02,850 - INFO - Skipping already-processed message ID: <F0E3D771-4716-472B-B375-8FCD1704055A@yahoo.com>
2026-05-02 21:11:02,850 - INFO - Skipping already-processed message ID: <2AE4154D-4DE9-4188-8CD9-BA433528599C@yahoo.com>
2026-05-02 21:11:02,850 - INFO - Skipping already-processed message ID: <2BB0CCC4-735B-4A5F-8019-A3B7CCC74D03@yahoo.com>
2026-05-02 21:11:02,850 - INFO - Skipping already-processed message ID: <797218A6-4A17-4B87-B429-61B02C7183AD@yahoo.com>
2026-05-02 21:11:02,850 - INFO - Skipping already-processed message ID: <27873746-1170-475E-9C21-7CE95948A671@yahoo.com>
2026-05-02 21:11:02,850 - INFO - Skipping already-processed message ID: <22764553-180E-42BB-9898-BC855B10E550@yahoo.com>
2026-05-02 21:11:02,850 - INFO - Skipping already-processed message ID: <C3317370-D2F5-409D-8D13-85A2F90FC6DB@yahoo.com>
2026-05-02 21:11:02,850 - INFO - Skipping already-processed message ID: <0100019de822820b-cbbf2f75-c1ed-469c-85df-98c1ab947266-000000@email.amazonses.com>
2026-05-02 21:11:02,850 - INFO - Skipping already-processed message ID: <F5FDBF7F-24C1-41B6-9793-F672681D2827@yahoo.com>
2026-05-02 21:11:02,850 - INFO - Skipping already-processed message ID: <7E3878D1-7A25-4DB5-AB91-558C9CE7A009@yahoo.com>
2026-05-02 21:11:02,850 - INFO - Skipping already-processed message ID: <1DAA720E-E8A6-4C3D-98DA-141AE8AE8BF9@yahoo.com>
2026-05-02 21:11:02,850 - INFO - Skipping already-processed message ID: <660F1C74-5A6B-4C1B-BBCE-05E53BED615E@yahoo.com>
2026-05-02 21:11:02,850 - INFO - Skipping already-processed message ID: <CF815BF6-F0CF-42BC-8956-F9AEA2E7A053@yahoo.com>
2026-05-02 21:11:02,850 - INFO - Skipping already-processed message ID: <E7CA10BA-6536-4481-BA1A-E0DAAFF3E63E@yahoo.com>
2026-05-02 21:11:02,850 - INFO - Skipping already-processed message ID: <06787DDD-1890-48CE-BA09-46B7B4AB7B53@yahoo.com>
2026-05-02 21:11:02,850 - INFO - Skipping already-processed message ID: <56406ED9-2A10-40A7-83ED-8CC1FDAD274D@yahoo.com>
2026-05-02 21:11:02,850 - INFO - Skipping already-processed message ID: <F593F874-3F7A-47E7-8C65-3ED650CF0D68@yahoo.com>
2026-05-02 21:11:02,851 - INFO - ℹ️ No new links found
2026-05-02 21:21:10,846 - INFO - 📧 Processing 20 emails...
2026-05-02 21:21:10,847 - INFO - Loading sent links...
2026-05-02 21:21:10,847 - INFO - Loaded 16 previously sent links, 26 processed message IDs
2026-05-02 21:21:10,847 - INFO - Skipping already-processed message ID: <BB136B87-2299-4B89-9A2E-B446E52DFA50@yahoo.com>
2026-05-02 21:21:10,847 - INFO - Skipping already-processed message ID: <06D43F41-BB9A-4D85-9127-6E51FC50D7FD@yahoo.com>
2026-05-02 21:21:10,847 - INFO - Skipping already-processed message ID: <957111A2-0F6C-4A9D-9ED6-D3B685869E33@yahoo.com>
2026-05-02 21:21:10,847 - INFO - Skipping already-processed message ID: <F0E3D771-4716-472B-B375-8FCD1704055A@yahoo.com>
2026-05-02 21:21:10,847 - INFO - Skipping already-processed message ID: <2AE4154D-4DE9-4188-8CD9-BA433528599C@yahoo.com>
2026-05-02 21:21:10,847 - INFO - Skipping already-processed message ID: <2BB0CCC4-735B-4A5F-8019-A3B7CCC74D03@yahoo.com>
2026-05-02 21:21:10,847 - INFO - Skipping already-processed message ID: <797218A6-4A17-4B87-B429-61B02C7183AD@yahoo.com>
2026-05-02 21:21:10,847 - INFO - Skipping already-processed message ID: <27873746-1170-475E-9C21-7CE95948A671@yahoo.com>
2026-05-02 21:21:10,847 - INFO - Skipping already-processed message ID: <22764553-180E-42BB-9898-BC855B10E550@yahoo.com>
2026-05-02 21:21:10,847 - INFO - Skipping already-processed message ID: <C3317370-D2F5-409D-8D13-85A2F90FC6DB@yahoo.com>
2026-05-02 21:21:10,847 - INFO - Skipping already-processed message ID: <0100019de822820b-cbbf2f75-c1ed-469c-85df-98c1ab947266-000000@email.amazonses.com>
2026-05-02 21:21:10,848 - INFO - Skipping already-processed message ID: <F5FDBF7F-24C1-41B6-9793-F672681D2827@yahoo.com>
2026-05-02 21:21:10,848 - INFO - Skipping already-processed message ID: <7E3878D1-7A25-4DB5-AB91-558C9CE7A009@yahoo.com>
2026-05-02 21:21:10,848 - INFO - Skipping already-processed message ID: <1DAA720E-E8A6-4C3D-98DA-141AE8AE8BF9@yahoo.com>
2026-05-02 21:21:10,848 - INFO - Skipping already-processed message ID: <660F1C74-5A6B-4C1B-BBCE-05E53BED615E@yahoo.com>
2026-05-02 21:21:10,848 - INFO - Skipping already-processed message ID: <CF815BF6-F0CF-42BC-8956-F9AEA2E7A053@yahoo.com>
2026-05-02 21:21:10,848 - INFO - Skipping already-processed message ID: <E7CA10BA-6536-4481-BA1A-E0DAAFF3E63E@yahoo.com>
2026-05-02 21:21:10,848 - INFO - Skipping already-processed message ID: <06787DDD-1890-48CE-BA09-46B7B4AB7B53@yahoo.com>
2026-05-02 21:21:10,848 - INFO - Skipping already-processed message ID: <56406ED9-2A10-40A7-83ED-8CC1FDAD274D@yahoo.com>
2026-05-02 21:21:10,848 - INFO - Skipping already-processed message ID: <F593F874-3F7A-47E7-8C65-3ED650CF0D68@yahoo.com>
2026-05-02 21:21:10,848 - INFO - ℹ️ No new links found
2026-05-02 21:31:04,759 - INFO - 📧 Processing 20 emails...
2026-05-02 21:31:04,759 - INFO - Loading sent links...
2026-05-02 21:31:04,760 - INFO - Loaded 16 previously sent links, 26 processed message IDs
2026-05-02 21:31:04,760 - INFO - Skipping already-processed message ID: <BB136B87-2299-4B89-9A2E-B446E52DFA50@yahoo.com>
2026-05-02 21:31:04,760 - INFO - Skipping already-processed message ID: <06D43F41-BB9A-4D85-9127-6E51FC50D7FD@yahoo.com>
2026-05-02 21:31:04,760 - INFO - Skipping already-processed message ID: <957111A2-0F6C-4A9D-9ED6-D3B685869E33@yahoo.com>
2026-05-02 21:31:04,760 - INFO - Skipping already-processed message ID: <F0E3D771-4716-472B-B375-8FCD1704055A@yahoo.com>
2026-05-02 21:31:04,760 - INFO - Skipping already-processed message ID: <2AE4154D-4DE9-4188-8CD9-BA433528599C@yahoo.com>
2026-05-02 21:31:04,760 - INFO - Skipping already-processed message ID: <2BB0CCC4-735B-4A5F-8019-A3B7CCC74D03@yahoo.com>
2026-05-02 21:31:04,760 - INFO - Skipping already-processed message ID: <797218A6-4A17-4B87-B429-61B02C7183AD@yahoo.com>
2026-05-02 21:31:04,760 - INFO - Skipping already-processed message ID: <27873746-1170-475E-9C21-7CE95948A671@yahoo.com>
2026-05-02 21:31:04,760 - INFO - Skipping already-processed message ID: <22764553-180E-42BB-9898-BC855B10E550@yahoo.com>
2026-05-02 21:31:04,760 - INFO - Skipping already-processed message ID: <C3317370-D2F5-409D-8D13-85A2F90FC6DB@yahoo.com>
2026-05-02 21:31:04,760 - INFO - Skipping already-processed message ID: <0100019de822820b-cbbf2f75-c1ed-469c-85df-98c1ab947266-000000@email.amazonses.com>
2026-05-02 21:31:04,760 - INFO - Skipping already-processed message ID: <F5FDBF7F-24C1-41B6-9793-F672681D2827@yahoo.com>
2026-05-02 21:31:04,760 - INFO - Skipping already-processed message ID: <7E3878D1-7A25-4DB5-AB91-558C9CE7A009@yahoo.com>
2026-05-02 21:31:04,760 - INFO - Skipping already-processed message ID: <1DAA720E-E8A6-4C3D-98DA-141AE8AE8BF9@yahoo.com>
2026-05-02 21:31:04,760 - INFO - Skipping already-processed message ID: <660F1C74-5A6B-4C1B-BBCE-05E53BED615E@yahoo.com>
2026-05-02 21:31:04,760 - INFO - Skipping already-processed message ID: <CF815BF6-F0CF-42BC-8956-F9AEA2E7A053@yahoo.com>
2026-05-02 21:31:04,760 - INFO - Skipping already-processed message ID: <E7CA10BA-6536-4481-BA1A-E0DAAFF3E63E@yahoo.com>
2026-05-02 21:31:04,760 - INFO - Skipping already-processed message ID: <06787DDD-1890-48CE-BA09-46B7B4AB7B53@yahoo.com>
2026-05-02 21:31:04,760 - INFO - Skipping already-processed message ID: <56406ED9-2A10-40A7-83ED-8CC1FDAD274D@yahoo.com>
2026-05-02 21:31:04,760 - INFO - Skipping already-processed message ID: <F593F874-3F7A-47E7-8C65-3ED650CF0D68@yahoo.com>
2026-05-02 21:31:04,760 - INFO - ℹ️ No new links found
2026-05-02 21:41:07,592 - INFO - 📧 Processing 20 emails...
2026-05-02 21:41:07,592 - INFO - Loading sent links...
2026-05-02 21:41:07,592 - INFO - Loaded 16 previously sent links, 26 processed message IDs
2026-05-02 21:41:07,592 - INFO - Skipping already-processed message ID: <BB136B87-2299-4B89-9A2E-B446E52DFA50@yahoo.com>
2026-05-02 21:41:07,592 - INFO - Skipping already-processed message ID: <06D43F41-BB9A-4D85-9127-6E51FC50D7FD@yahoo.com>
2026-05-02 21:41:07,592 - INFO - Skipping already-processed message ID: <957111A2-0F6C-4A9D-9ED6-D3B685869E33@yahoo.com>
2026-05-02 21:41:07,593 - INFO - Skipping already-processed message ID: <F0E3D771-4716-472B-B375-8FCD1704055A@yahoo.com>
2026-05-02 21:41:07,593 - INFO - Skipping already-processed message ID: <2AE4154D-4DE9-4188-8CD9-BA433528599C@yahoo.com>
2026-05-02 21:41:07,593 - INFO - Skipping already-processed message ID: <2BB0CCC4-735B-4A5F-8019-A3B7CCC74D03@yahoo.com>
2026-05-02 21:41:07,593 - INFO - Skipping already-processed message ID: <797218A6-4A17-4B87-B429-61B02C7183AD@yahoo.com>
2026-05-02 21:41:07,593 - INFO - Skipping already-processed message ID: <27873746-1170-475E-9C21-7CE95948A671@yahoo.com>
2026-05-02 21:41:07,593 - INFO - Skipping already-processed message ID: <22764553-180E-42BB-9898-BC855B10E550@yahoo.com>
2026-05-02 21:41:07,593 - INFO - Skipping already-processed message ID: <C3317370-D2F5-409D-8D13-85A2F90FC6DB@yahoo.com>
2026-05-02 21:41:07,593 - INFO - Skipping already-processed message ID: <0100019de822820b-cbbf2f75-c1ed-469c-85df-98c1ab947266-000000@email.amazonses.com>
2026-05-02 21:41:07,593 - INFO - Skipping already-processed message ID: <F5FDBF7F-24C1-41B6-9793-F672681D2827@yahoo.com>
2026-05-02 21:41:07,593 - INFO - Skipping already-processed message ID: <7E3878D1-7A25-4DB5-AB91-558C9CE7A009@yahoo.com>
2026-05-02 21:41:07,593 - INFO - Skipping already-processed message ID: <1DAA720E-E8A6-4C3D-98DA-141AE8AE8BF9@yahoo.com>
2026-05-02 21:41:07,593 - INFO - Skipping already-processed message ID: <660F1C74-5A6B-4C1B-BBCE-05E53BED615E@yahoo.com>
2026-05-02 21:41:07,593 - INFO - Skipping already-processed message ID: <CF815BF6-F0CF-42BC-8956-F9AEA2E7A053@yahoo.com>
2026-05-02 21:41:07,593 - INFO - Skipping already-processed message ID: <E7CA10BA-6536-4481-BA1A-E0DAAFF3E63E@yahoo.com>
2026-05-02 21:41:07,593 - INFO - Skipping already-processed message ID: <06787DDD-1890-48CE-BA09-46B7B4AB7B53@yahoo.com>
2026-05-02 21:41:07,593 - INFO - Skipping already-processed message ID: <56406ED9-2A10-40A7-83ED-8CC1FDAD274D@yahoo.com>
2026-05-02 21:41:07,593 - INFO - Skipping already-processed message ID: <F593F874-3F7A-47E7-8C65-3ED650CF0D68@yahoo.com>
2026-05-02 21:41:07,593 - INFO - ℹ️ No new links found
2026-05-02 21:51:07,637 - INFO - 📧 Processing 20 emails...
2026-05-02 21:51:07,637 - INFO - Loading sent links...
2026-05-02 21:51:07,637 - INFO - Loaded 16 previously sent links, 26 processed message IDs
2026-05-02 21:51:07,637 - INFO - Skipping already-processed message ID: <BB136B87-2299-4B89-9A2E-B446E52DFA50@yahoo.com>
2026-05-02 21:51:07,637 - INFO - Skipping already-processed message ID: <06D43F41-BB9A-4D85-9127-6E51FC50D7FD@yahoo.com>
2026-05-02 21:51:07,637 - INFO - Skipping already-processed message ID: <957111A2-0F6C-4A9D-9ED6-D3B685869E33@yahoo.com>
2026-05-02 21:51:07,637 - INFO - Skipping already-processed message ID: <F0E3D771-4716-472B-B375-8FCD1704055A@yahoo.com>
2026-05-02 21:51:07,637 - INFO - Skipping already-processed message ID: <2AE4154D-4DE9-4188-8CD9-BA433528599C@yahoo.com>
2026-05-02 21:51:07,637 - INFO - Skipping already-processed message ID: <2BB0CCC4-735B-4A5F-8019-A3B7CCC74D03@yahoo.com>
2026-05-02 21:51:07,637 - INFO - Skipping already-processed message ID: <797218A6-4A17-4B87-B429-61B02C7183AD@yahoo.com>
2026-05-02 21:51:07,638 - INFO - Skipping already-processed message ID: <27873746-1170-475E-9C21-7CE95948A671@yahoo.com>
2026-05-02 21:51:07,638 - INFO - Skipping already-processed message ID: <22764553-180E-42BB-9898-BC855B10E550@yahoo.com>
2026-05-02 21:51:07,638 - INFO - Skipping already-processed message ID: <C3317370-D2F5-409D-8D13-85A2F90FC6DB@yahoo.com>
2026-05-02 21:51:07,638 - INFO - Skipping already-processed message ID: <0100019de822820b-cbbf2f75-c1ed-469c-85df-98c1ab947266-000000@email.amazonses.com>
2026-05-02 21:51:07,638 - INFO - Skipping already-processed message ID: <F5FDBF7F-24C1-41B6-9793-F672681D2827@yahoo.com>
2026-05-02 21:51:07,638 - INFO - Skipping already-processed message ID: <7E3878D1-7A25-4DB5-AB91-558C9CE7A009@yahoo.com>
2026-05-02 21:51:07,638 - INFO - Skipping already-processed message ID: <1DAA720E-E8A6-4C3D-98DA-141AE8AE8BF9@yahoo.com>
2026-05-02 21:51:07,638 - INFO - Skipping already-processed message ID: <660F1C74-5A6B-4C1B-BBCE-05E53BED615E@yahoo.com>
2026-05-02 21:51:07,638 - INFO - Skipping already-processed message ID: <CF815BF6-F0CF-42BC-8956-F9AEA2E7A053@yahoo.com>
2026-05-02 21:51:07,638 - INFO - Skipping already-processed message ID: <E7CA10BA-6536-4481-BA1A-E0DAAFF3E63E@yahoo.com>
2026-05-02 21:51:07,638 - INFO - Skipping already-processed message ID: <06787DDD-1890-48CE-BA09-46B7B4AB7B53@yahoo.com>
2026-05-02 21:51:07,638 - INFO - Skipping already-processed message ID: <56406ED9-2A10-40A7-83ED-8CC1FDAD274D@yahoo.com>
2026-05-02 21:51:07,638 - INFO - Skipping already-processed message ID: <F593F874-3F7A-47E7-8C65-3ED650CF0D68@yahoo.com>
2026-05-02 21:51:07,638 - INFO - ℹ️ No new links found
2026-05-02 22:01:06,786 - INFO - 📧 Processing 20 emails...
2026-05-02 22:01:06,786 - INFO - Loading sent links...
2026-05-02 22:01:06,786 - INFO - Loaded 16 previously sent links, 26 processed message IDs
2026-05-02 22:01:06,786 - INFO - Skipping already-processed message ID: <BB136B87-2299-4B89-9A2E-B446E52DFA50@yahoo.com>
2026-05-02 22:01:06,787 - INFO - Skipping already-processed message ID: <06D43F41-BB9A-4D85-9127-6E51FC50D7FD@yahoo.com>
2026-05-02 22:01:06,787 - INFO - Skipping already-processed message ID: <957111A2-0F6C-4A9D-9ED6-D3B685869E33@yahoo.com>
2026-05-02 22:01:06,787 - INFO - Skipping already-processed message ID: <F0E3D771-4716-472B-B375-8FCD1704055A@yahoo.com>
2026-05-02 22:01:06,787 - INFO - Skipping already-processed message ID: <2AE4154D-4DE9-4188-8CD9-BA433528599C@yahoo.com>
2026-05-02 22:01:06,787 - INFO - Skipping already-processed message ID: <2BB0CCC4-735B-4A5F-8019-A3B7CCC74D03@yahoo.com>
2026-05-02 22:01:06,787 - INFO - Skipping already-processed message ID: <797218A6-4A17-4B87-B429-61B02C7183AD@yahoo.com>
2026-05-02 22:01:06,787 - INFO - Skipping already-processed message ID: <27873746-1170-475E-9C21-7CE95948A671@yahoo.com>
2026-05-02 22:01:06,787 - INFO - Skipping already-processed message ID: <22764553-180E-42BB-9898-BC855B10E550@yahoo.com>
2026-05-02 22:01:06,787 - INFO - Skipping already-processed message ID: <C3317370-D2F5-409D-8D13-85A2F90FC6DB@yahoo.com>
2026-05-02 22:01:06,787 - INFO - Skipping already-processed message ID: <0100019de822820b-cbbf2f75-c1ed-469c-85df-98c1ab947266-000000@email.amazonses.com>
2026-05-02 22:01:06,787 - INFO - Skipping already-processed message ID: <F5FDBF7F-24C1-41B6-9793-F672681D2827@yahoo.com>
2026-05-02 22:01:06,787 - INFO - Skipping already-processed message ID: <7E3878D1-7A25-4DB5-AB91-558C9CE7A009@yahoo.com>
2026-05-02 22:01:06,787 - INFO - Skipping already-processed message ID: <1DAA720E-E8A6-4C3D-98DA-141AE8AE8BF9@yahoo.com>
2026-05-02 22:01:06,787 - INFO - Skipping already-processed message ID: <660F1C74-5A6B-4C1B-BBCE-05E53BED615E@yahoo.com>
2026-05-02 22:01:06,787 - INFO - Skipping already-processed message ID: <CF815BF6-F0CF-42BC-8956-F9AEA2E7A053@yahoo.com>
2026-05-02 22:01:06,787 - INFO - Skipping already-processed message ID: <E7CA10BA-6536-4481-BA1A-E0DAAFF3E63E@yahoo.com>
2026-05-02 22:01:06,787 - INFO - Skipping already-processed message ID: <06787DDD-1890-48CE-BA09-46B7B4AB7B53@yahoo.com>
2026-05-02 22:01:06,787 - INFO - Skipping already-processed message ID: <56406ED9-2A10-40A7-83ED-8CC1FDAD274D@yahoo.com>
2026-05-02 22:01:06,787 - INFO - Skipping already-processed message ID: <F593F874-3F7A-47E7-8C65-3ED650CF0D68@yahoo.com>
2026-05-02 22:01:06,787 - INFO - ℹ️ No new links found
2026-05-02 22:11:17,008 - INFO - 📧 Processing 20 emails...
2026-05-02 22:11:17,008 - INFO - Loading sent links...
2026-05-02 22:11:17,009 - INFO - Loaded 16 previously sent links, 26 processed message IDs
2026-05-02 22:11:17,009 - INFO - Skipping already-processed message ID: <BB136B87-2299-4B89-9A2E-B446E52DFA50@yahoo.com>
2026-05-02 22:11:17,009 - INFO - Skipping already-processed message ID: <06D43F41-BB9A-4D85-9127-6E51FC50D7FD@yahoo.com>
2026-05-02 22:11:17,009 - INFO - Skipping already-processed message ID: <957111A2-0F6C-4A9D-9ED6-D3B685869E33@yahoo.com>
2026-05-02 22:11:17,009 - INFO - Skipping already-processed message ID: <F0E3D771-4716-472B-B375-8FCD1704055A@yahoo.com>
2026-05-02 22:11:17,009 - INFO - Skipping already-processed message ID: <2AE4154D-4DE9-4188-8CD9-BA433528599C@yahoo.com>
2026-05-02 22:11:17,009 - INFO - Skipping already-processed message ID: <2BB0CCC4-735B-4A5F-8019-A3B7CCC74D03@yahoo.com>
2026-05-02 22:11:17,009 - INFO - Skipping already-processed message ID: <797218A6-4A17-4B87-B429-61B02C7183AD@yahoo.com>
2026-05-02 22:11:17,009 - INFO - Skipping already-processed message ID: <27873746-1170-475E-9C21-7CE95948A671@yahoo.com>
2026-05-02 22:11:17,009 - INFO - Skipping already-processed message ID: <22764553-180E-42BB-9898-BC855B10E550@yahoo.com>
2026-05-02 22:11:17,009 - INFO - Skipping already-processed message ID: <C3317370-D2F5-409D-8D13-85A2F90FC6DB@yahoo.com>
2026-05-02 22:11:17,009 - INFO - Skipping already-processed message ID: <0100019de822820b-cbbf2f75-c1ed-469c-85df-98c1ab947266-000000@email.amazonses.com>
2026-05-02 22:11:17,009 - INFO - Skipping already-processed message ID: <F5FDBF7F-24C1-41B6-9793-F672681D2827@yahoo.com>
2026-05-02 22:11:17,009 - INFO - Skipping already-processed message ID: <7E3878D1-7A25-4DB5-AB91-558C9CE7A009@yahoo.com>
2026-05-02 22:11:17,009 - INFO - Skipping already-processed message ID: <1DAA720E-E8A6-4C3D-98DA-141AE8AE8BF9@yahoo.com>
2026-05-02 22:11:17,009 - INFO - Skipping already-processed message ID: <660F1C74-5A6B-4C1B-BBCE-05E53BED615E@yahoo.com>
2026-05-02 22:11:17,009 - INFO - Skipping already-processed message ID: <CF815BF6-F0CF-42BC-8956-F9AEA2E7A053@yahoo.com>
2026-05-02 22:11:17,009 - INFO - Skipping already-processed message ID: <E7CA10BA-6536-4481-BA1A-E0DAAFF3E63E@yahoo.com>
2026-05-02 22:11:17,009 - INFO - Skipping already-processed message ID: <06787DDD-1890-48CE-BA09-46B7B4AB7B53@yahoo.com>
2026-05-02 22:11:17,009 - INFO - Skipping already-processed message ID: <56406ED9-2A10-40A7-83ED-8CC1FDAD274D@yahoo.com>
2026-05-02 22:11:17,010 - INFO - Skipping already-processed message ID: <F593F874-3F7A-47E7-8C65-3ED650CF0D68@yahoo.com>
2026-05-02 22:11:17,010 - INFO - ℹ️ No new links found
2026-05-02 22:22:03,668 - INFO - 📧 Processing 20 emails...
2026-05-02 22:22:03,668 - INFO - Loading sent links...
2026-05-02 22:22:03,669 - INFO - Loaded 16 previously sent links, 26 processed message IDs
2026-05-02 22:22:03,669 - INFO - Skipping already-processed message ID: <BB136B87-2299-4B89-9A2E-B446E52DFA50@yahoo.com>
2026-05-02 22:22:03,669 - INFO - Skipping already-processed message ID: <06D43F41-BB9A-4D85-9127-6E51FC50D7FD@yahoo.com>
2026-05-02 22:22:03,669 - INFO - Skipping already-processed message ID: <957111A2-0F6C-4A9D-9ED6-D3B685869E33@yahoo.com>
2026-05-02 22:22:03,669 - INFO - Skipping already-processed message ID: <F0E3D771-4716-472B-B375-8FCD1704055A@yahoo.com>
2026-05-02 22:22:03,669 - INFO - Skipping already-processed message ID: <2AE4154D-4DE9-4188-8CD9-BA433528599C@yahoo.com>
2026-05-02 22:22:03,669 - INFO - Skipping already-processed message ID: <2BB0CCC4-735B-4A5F-8019-A3B7CCC74D03@yahoo.com>
2026-05-02 22:22:03,669 - INFO - Skipping already-processed message ID: <797218A6-4A17-4B87-B429-61B02C7183AD@yahoo.com>
2026-05-02 22:22:03,669 - INFO - Skipping already-processed message ID: <27873746-1170-475E-9C21-7CE95948A671@yahoo.com>
2026-05-02 22:22:03,669 - INFO - Skipping already-processed message ID: <22764553-180E-42BB-9898-BC855B10E550@yahoo.com>
2026-05-02 22:22:03,669 - INFO - Skipping already-processed message ID: <C3317370-D2F5-409D-8D13-85A2F90FC6DB@yahoo.com>
2026-05-02 22:22:03,669 - INFO - Skipping already-processed message ID: <0100019de822820b-cbbf2f75-c1ed-469c-85df-98c1ab947266-000000@email.amazonses.com>
2026-05-02 22:22:03,669 - INFO - Skipping already-processed message ID: <F5FDBF7F-24C1-41B6-9793-F672681D2827@yahoo.com>
2026-05-02 22:22:03,669 - INFO - Skipping already-processed message ID: <7E3878D1-7A25-4DB5-AB91-558C9CE7A009@yahoo.com>
2026-05-02 22:22:03,669 - INFO - Skipping already-processed message ID: <1DAA720E-E8A6-4C3D-98DA-141AE8AE8BF9@yahoo.com>
2026-05-02 22:22:03,669 - INFO - Skipping already-processed message ID: <660F1C74-5A6B-4C1B-BBCE-05E53BED615E@yahoo.com>
2026-05-02 22:22:03,669 - INFO - Skipping already-processed message ID: <CF815BF6-F0CF-42BC-8956-F9AEA2E7A053@yahoo.com>
2026-05-02 22:22:03,670 - INFO - Skipping already-processed message ID: <E7CA10BA-6536-4481-BA1A-E0DAAFF3E63E@yahoo.com>
2026-05-02 22:22:03,670 - INFO - Skipping already-processed message ID: <06787DDD-1890-48CE-BA09-46B7B4AB7B53@yahoo.com>
2026-05-02 22:22:03,670 - INFO - Skipping already-processed message ID: <56406ED9-2A10-40A7-83ED-8CC1FDAD274D@yahoo.com>
2026-05-02 22:22:03,670 - INFO - Skipping already-processed message ID: <F593F874-3F7A-47E7-8C65-3ED650CF0D68@yahoo.com>
2026-05-02 22:22:03,670 - INFO - ℹ️ No new links found
2026-05-02 22:31:32,387 - INFO - 📧 Processing 20 emails...
2026-05-02 22:31:32,387 - INFO - Loading sent links...
2026-05-02 22:31:32,387 - INFO - Loaded 16 previously sent links, 26 processed message IDs
2026-05-02 22:31:32,387 - INFO - Skipping already-processed message ID: <BB136B87-2299-4B89-9A2E-B446E52DFA50@yahoo.com>
2026-05-02 22:31:32,387 - INFO - Skipping already-processed message ID: <06D43F41-BB9A-4D85-9127-6E51FC50D7FD@yahoo.com>
2026-05-02 22:31:32,387 - INFO - Skipping already-processed message ID: <957111A2-0F6C-4A9D-9ED6-D3B685869E33@yahoo.com>
2026-05-02 22:31:32,387 - INFO - Skipping already-processed message ID: <F0E3D771-4716-472B-B375-8FCD1704055A@yahoo.com>
2026-05-02 22:31:32,387 - INFO - Skipping already-processed message ID: <2AE4154D-4DE9-4188-8CD9-BA433528599C@yahoo.com>
2026-05-02 22:31:32,388 - INFO - Skipping already-processed message ID: <2BB0CCC4-735B-4A5F-8019-A3B7CCC74D03@yahoo.com>
2026-05-02 22:31:32,388 - INFO - Skipping already-processed message ID: <797218A6-4A17-4B87-B429-61B02C7183AD@yahoo.com>
2026-05-02 22:31:32,388 - INFO - Skipping already-processed message ID: <27873746-1170-475E-9C21-7CE95948A671@yahoo.com>
2026-05-02 22:31:32,388 - INFO - Skipping already-processed message ID: <22764553-180E-42BB-9898-BC855B10E550@yahoo.com>
2026-05-02 22:31:32,388 - INFO - Skipping already-processed message ID: <C3317370-D2F5-409D-8D13-85A2F90FC6DB@yahoo.com>
2026-05-02 22:31:32,388 - INFO - Skipping already-processed message ID: <0100019de822820b-cbbf2f75-c1ed-469c-85df-98c1ab947266-000000@email.amazonses.com>
2026-05-02 22:31:32,388 - INFO - Skipping already-processed message ID: <F5FDBF7F-24C1-41B6-9793-F672681D2827@yahoo.com>
2026-05-02 22:31:32,388 - INFO - Skipping already-processed message ID: <7E3878D1-7A25-4DB5-AB91-558C9CE7A009@yahoo.com>
2026-05-02 22:31:32,388 - INFO - Skipping already-processed message ID: <1DAA720E-E8A6-4C3D-98DA-141AE8AE8BF9@yahoo.com>
2026-05-02 22:31:32,388 - INFO - Skipping already-processed message ID: <660F1C74-5A6B-4C1B-BBCE-05E53BED615E@yahoo.com>
2026-05-02 22:31:32,388 - INFO - Skipping already-processed message ID: <CF815BF6-F0CF-42BC-8956-F9AEA2E7A053@yahoo.com>
2026-05-02 22:31:32,388 - INFO - Skipping already-processed message ID: <E7CA10BA-6536-4481-BA1A-E0DAAFF3E63E@yahoo.com>
2026-05-02 22:31:32,388 - INFO - Skipping already-processed message ID: <06787DDD-1890-48CE-BA09-46B7B4AB7B53@yahoo.com>
2026-05-02 22:31:32,388 - INFO - Skipping already-processed message ID: <56406ED9-2A10-40A7-83ED-8CC1FDAD274D@yahoo.com>
2026-05-02 22:31:32,388 - INFO - Skipping already-processed message ID: <F593F874-3F7A-47E7-8C65-3ED650CF0D68@yahoo.com>
2026-05-02 22:31:32,388 - INFO - ℹ️ No new links found
2026-05-02 22:41:13,036 - INFO - 📧 Processing 20 emails...
2026-05-02 22:41:13,036 - INFO - Loading sent links...
2026-05-02 22:41:13,037 - INFO - Loaded 16 previously sent links, 26 processed message IDs
2026-05-02 22:41:13,037 - INFO - Skipping already-processed message ID: <BB136B87-2299-4B89-9A2E-B446E52DFA50@yahoo.com>
2026-05-02 22:41:13,037 - INFO - Skipping already-processed message ID: <06D43F41-BB9A-4D85-9127-6E51FC50D7FD@yahoo.com>
2026-05-02 22:41:13,037 - INFO - Skipping already-processed message ID: <957111A2-0F6C-4A9D-9ED6-D3B685869E33@yahoo.com>
2026-05-02 22:41:13,037 - INFO - Skipping already-processed message ID: <F0E3D771-4716-472B-B375-8FCD1704055A@yahoo.com>
2026-05-02 22:41:13,037 - INFO - Skipping already-processed message ID: <2AE4154D-4DE9-4188-8CD9-BA433528599C@yahoo.com>
2026-05-02 22:41:13,037 - INFO - Skipping already-processed message ID: <2BB0CCC4-735B-4A5F-8019-A3B7CCC74D03@yahoo.com>
2026-05-02 22:41:13,037 - INFO - Skipping already-processed message ID: <797218A6-4A17-4B87-B429-61B02C7183AD@yahoo.com>
2026-05-02 22:41:13,037 - INFO - Skipping already-processed message ID: <27873746-1170-475E-9C21-7CE95948A671@yahoo.com>
2026-05-02 22:41:13,037 - INFO - Skipping already-processed message ID: <22764553-180E-42BB-9898-BC855B10E550@yahoo.com>
2026-05-02 22:41:13,037 - INFO - Skipping already-processed message ID: <C3317370-D2F5-409D-8D13-85A2F90FC6DB@yahoo.com>
2026-05-02 22:41:13,037 - INFO - Skipping already-processed message ID: <0100019de822820b-cbbf2f75-c1ed-469c-85df-98c1ab947266-000000@email.amazonses.com>
2026-05-02 22:41:13,038 - INFO - Skipping already-processed message ID: <F5FDBF7F-24C1-41B6-9793-F672681D2827@yahoo.com>
2026-05-02 22:41:13,038 - INFO - Skipping already-processed message ID: <7E3878D1-7A25-4DB5-AB91-558C9CE7A009@yahoo.com>
2026-05-02 22:41:13,038 - INFO - Skipping already-processed message ID: <1DAA720E-E8A6-4C3D-98DA-141AE8AE8BF9@yahoo.com>
2026-05-02 22:41:13,038 - INFO - Skipping already-processed message ID: <660F1C74-5A6B-4C1B-BBCE-05E53BED615E@yahoo.com>
2026-05-02 22:41:13,038 - INFO - Skipping already-processed message ID: <CF815BF6-F0CF-42BC-8956-F9AEA2E7A053@yahoo.com>
2026-05-02 22:41:13,038 - INFO - Skipping already-processed message ID: <E7CA10BA-6536-4481-BA1A-E0DAAFF3E63E@yahoo.com>
2026-05-02 22:41:13,038 - INFO - Skipping already-processed message ID: <06787DDD-1890-48CE-BA09-46B7B4AB7B53@yahoo.com>
2026-05-02 22:41:13,038 - INFO - Skipping already-processed message ID: <56406ED9-2A10-40A7-83ED-8CC1FDAD274D@yahoo.com>
2026-05-02 22:41:13,038 - INFO - Skipping already-processed message ID: <F593F874-3F7A-47E7-8C65-3ED650CF0D68@yahoo.com>
2026-05-02 22:41:13,038 - INFO - ℹ️ No new links found
2026-05-02 22:50:31,101 - INFO - 📧 Processing 20 emails...
2026-05-02 22:50:31,101 - INFO - Loading sent links...
2026-05-02 22:50:31,101 - INFO - Loaded 16 previously sent links, 26 processed message IDs
2026-05-02 22:50:31,102 - INFO - Skipping already-processed message ID: <BB136B87-2299-4B89-9A2E-B446E52DFA50@yahoo.com>
2026-05-02 22:50:31,102 - INFO - Skipping already-processed message ID: <06D43F41-BB9A-4D85-9127-6E51FC50D7FD@yahoo.com>
2026-05-02 22:50:31,102 - INFO - Skipping already-processed message ID: <957111A2-0F6C-4A9D-9ED6-D3B685869E33@yahoo.com>
2026-05-02 22:50:31,102 - INFO - Skipping already-processed message ID: <F0E3D771-4716-472B-B375-8FCD1704055A@yahoo.com>
2026-05-02 22:50:31,102 - INFO - Skipping already-processed message ID: <2AE4154D-4DE9-4188-8CD9-BA433528599C@yahoo.com>
2026-05-02 22:50:31,102 - INFO - Skipping already-processed message ID: <2BB0CCC4-735B-4A5F-8019-A3B7CCC74D03@yahoo.com>
2026-05-02 22:50:31,102 - INFO - Skipping already-processed message ID: <797218A6-4A17-4B87-B429-61B02C7183AD@yahoo.com>
2026-05-02 22:50:31,102 - INFO - Skipping already-processed message ID: <27873746-1170-475E-9C21-7CE95948A671@yahoo.com>
2026-05-02 22:50:31,102 - INFO - Skipping already-processed message ID: <22764553-180E-42BB-9898-BC855B10E550@yahoo.com>
2026-05-02 22:50:31,102 - INFO - Skipping already-processed message ID: <C3317370-D2F5-409D-8D13-85A2F90FC6DB@yahoo.com>
2026-05-02 22:50:31,102 - INFO - Skipping already-processed message ID: <0100019de822820b-cbbf2f75-c1ed-469c-85df-98c1ab947266-000000@email.amazonses.com>
2026-05-02 22:50:31,102 - INFO - Skipping already-processed message ID: <F5FDBF7F-24C1-41B6-9793-F672681D2827@yahoo.com>
2026-05-02 22:50:31,102 - INFO - Skipping already-processed message ID: <7E3878D1-7A25-4DB5-AB91-558C9CE7A009@yahoo.com>
2026-05-02 22:50:31,102 - INFO - Skipping already-processed message ID: <1DAA720E-E8A6-4C3D-98DA-141AE8AE8BF9@yahoo.com>
2026-05-02 22:50:31,102 - INFO - Skipping already-processed message ID: <660F1C74-5A6B-4C1B-BBCE-05E53BED615E@yahoo.com>
2026-05-02 22:50:31,102 - INFO - Skipping already-processed message ID: <CF815BF6-F0CF-42BC-8956-F9AEA2E7A053@yahoo.com>
2026-05-02 22:50:31,103 - INFO - Skipping already-processed message ID: <E7CA10BA-6536-4481-BA1A-E0DAAFF3E63E@yahoo.com>
2026-05-02 22:50:31,103 - INFO - Skipping already-processed message ID: <06787DDD-1890-48CE-BA09-46B7B4AB7B53@yahoo.com>
2026-05-02 22:50:31,103 - INFO - Skipping already-processed message ID: <56406ED9-2A10-40A7-83ED-8CC1FDAD274D@yahoo.com>
2026-05-02 22:50:31,103 - INFO - Skipping already-processed message ID: <F593F874-3F7A-47E7-8C65-3ED650CF0D68@yahoo.com>
2026-05-02 22:50:31,103 - INFO - ℹ️ No new links found
2026-05-02 23:00:53,500 - INFO - 📧 Processing 20 emails...
2026-05-02 23:00:53,500 - INFO - Loading sent links...
2026-05-02 23:00:53,500 - INFO - Loaded 16 previously sent links, 26 processed message IDs
2026-05-02 23:00:53,501 - INFO - Skipping already-processed message ID: <BB136B87-2299-4B89-9A2E-B446E52DFA50@yahoo.com>
2026-05-02 23:00:53,501 - INFO - Skipping already-processed message ID: <06D43F41-BB9A-4D85-9127-6E51FC50D7FD@yahoo.com>
2026-05-02 23:00:53,501 - INFO - Skipping already-processed message ID: <957111A2-0F6C-4A9D-9ED6-D3B685869E33@yahoo.com>
2026-05-02 23:00:53,501 - INFO - Skipping already-processed message ID: <F0E3D771-4716-472B-B375-8FCD1704055A@yahoo.com>
2026-05-02 23:00:53,501 - INFO - Skipping already-processed message ID: <2AE4154D-4DE9-4188-8CD9-BA433528599C@yahoo.com>
2026-05-02 23:00:53,501 - INFO - Skipping already-processed message ID: <2BB0CCC4-735B-4A5F-8019-A3B7CCC74D03@yahoo.com>
2026-05-02 23:00:53,501 - INFO - Skipping already-processed message ID: <797218A6-4A17-4B87-B429-61B02C7183AD@yahoo.com>
2026-05-02 23:00:53,501 - INFO - Skipping already-processed message ID: <27873746-1170-475E-9C21-7CE95948A671@yahoo.com>
2026-05-02 23:00:53,501 - INFO - Skipping already-processed message ID: <22764553-180E-42BB-9898-BC855B10E550@yahoo.com>
2026-05-02 23:00:53,501 - INFO - Skipping already-processed message ID: <C3317370-D2F5-409D-8D13-85A2F90FC6DB@yahoo.com>
2026-05-02 23:00:53,501 - INFO - Skipping already-processed message ID: <0100019de822820b-cbbf2f75-c1ed-469c-85df-98c1ab947266-000000@email.amazonses.com>
2026-05-02 23:00:53,501 - INFO - Skipping already-processed message ID: <F5FDBF7F-24C1-41B6-9793-F672681D2827@yahoo.com>
2026-05-02 23:00:53,501 - INFO - Skipping already-processed message ID: <7E3878D1-7A25-4DB5-AB91-558C9CE7A009@yahoo.com>
2026-05-02 23:00:53,501 - INFO - Skipping already-processed message ID: <1DAA720E-E8A6-4C3D-98DA-141AE8AE8BF9@yahoo.com>
2026-05-02 23:00:53,501 - INFO - Skipping already-processed message ID: <660F1C74-5A6B-4C1B-BBCE-05E53BED615E@yahoo.com>
2026-05-02 23:00:53,501 - INFO - Skipping already-processed message ID: <CF815BF6-F0CF-42BC-8956-F9AEA2E7A053@yahoo.com>
2026-05-02 23:00:53,501 - INFO - Skipping already-processed message ID: <E7CA10BA-6536-4481-BA1A-E0DAAFF3E63E@yahoo.com>
2026-05-02 23:00:53,501 - INFO - Skipping already-processed message ID: <06787DDD-1890-48CE-BA09-46B7B4AB7B53@yahoo.com>
2026-05-02 23:00:53,501 - INFO - Skipping already-processed message ID: <56406ED9-2A10-40A7-83ED-8CC1FDAD274D@yahoo.com>
2026-05-02 23:00:53,502 - INFO - Skipping already-processed message ID: <F593F874-3F7A-47E7-8C65-3ED650CF0D68@yahoo.com>
2026-05-02 23:00:53,502 - INFO - ℹ️ No new links found
2026-05-02 23:10:30,979 - INFO - 📧 Processing 20 emails...
2026-05-02 23:10:30,979 - INFO - Loading sent links...
2026-05-02 23:10:30,980 - INFO - Loaded 16 previously sent links, 26 processed message IDs
2026-05-02 23:10:30,980 - INFO - Skipping already-processed message ID: <BB136B87-2299-4B89-9A2E-B446E52DFA50@yahoo.com>
2026-05-02 23:10:30,980 - INFO - Skipping already-processed message ID: <06D43F41-BB9A-4D85-9127-6E51FC50D7FD@yahoo.com>
2026-05-02 23:10:30,980 - INFO - Skipping already-processed message ID: <957111A2-0F6C-4A9D-9ED6-D3B685869E33@yahoo.com>
2026-05-02 23:10:30,980 - INFO - Skipping already-processed message ID: <F0E3D771-4716-472B-B375-8FCD1704055A@yahoo.com>
2026-05-02 23:10:30,980 - INFO - Skipping already-processed message ID: <2AE4154D-4DE9-4188-8CD9-BA433528599C@yahoo.com>
2026-05-02 23:10:30,980 - INFO - Skipping already-processed message ID: <2BB0CCC4-735B-4A5F-8019-A3B7CCC74D03@yahoo.com>
2026-05-02 23:10:30,980 - INFO - Skipping already-processed message ID: <797218A6-4A17-4B87-B429-61B02C7183AD@yahoo.com>
2026-05-02 23:10:30,980 - INFO - Skipping already-processed message ID: <27873746-1170-475E-9C21-7CE95948A671@yahoo.com>
2026-05-02 23:10:30,980 - INFO - Skipping already-processed message ID: <22764553-180E-42BB-9898-BC855B10E550@yahoo.com>
2026-05-02 23:10:30,981 - INFO - Skipping already-processed message ID: <C3317370-D2F5-409D-8D13-85A2F90FC6DB@yahoo.com>
2026-05-02 23:10:30,981 - INFO - Skipping already-processed message ID: <0100019de822820b-cbbf2f75-c1ed-469c-85df-98c1ab947266-000000@email.amazonses.com>
2026-05-02 23:10:30,981 - INFO - Skipping already-processed message ID: <F5FDBF7F-24C1-41B6-9793-F672681D2827@yahoo.com>
2026-05-02 23:10:30,981 - INFO - Skipping already-processed message ID: <7E3878D1-7A25-4DB5-AB91-558C9CE7A009@yahoo.com>
2026-05-02 23:10:30,981 - INFO - Skipping already-processed message ID: <1DAA720E-E8A6-4C3D-98DA-141AE8AE8BF9@yahoo.com>
2026-05-02 23:10:30,981 - INFO - Skipping already-processed message ID: <660F1C74-5A6B-4C1B-BBCE-05E53BED615E@yahoo.com>
2026-05-02 23:10:30,981 - INFO - Skipping already-processed message ID: <CF815BF6-F0CF-42BC-8956-F9AEA2E7A053@yahoo.com>
2026-05-02 23:10:30,981 - INFO - Skipping already-processed message ID: <E7CA10BA-6536-4481-BA1A-E0DAAFF3E63E@yahoo.com>
2026-05-02 23:10:30,981 - INFO - Skipping already-processed message ID: <06787DDD-1890-48CE-BA09-46B7B4AB7B53@yahoo.com>
2026-05-02 23:10:30,981 - INFO - Skipping already-processed message ID: <56406ED9-2A10-40A7-83ED-8CC1FDAD274D@yahoo.com>
2026-05-02 23:10:30,981 - INFO - Skipping already-processed message ID: <F593F874-3F7A-47E7-8C65-3ED650CF0D68@yahoo.com>
2026-05-02 23:10:30,981 - INFO - ℹ️ No new links found
2026-05-02 23:20:37,804 - INFO - 📧 Processing 20 emails...
2026-05-02 23:20:37,805 - INFO - Loading sent links...
2026-05-02 23:20:37,805 - INFO - Loaded 16 previously sent links, 26 processed message IDs
2026-05-02 23:20:37,806 - INFO - Skipping already-processed message ID: <BB136B87-2299-4B89-9A2E-B446E52DFA50@yahoo.com>
2026-05-02 23:20:37,806 - INFO - Skipping already-processed message ID: <06D43F41-BB9A-4D85-9127-6E51FC50D7FD@yahoo.com>
2026-05-02 23:20:37,806 - INFO - Skipping already-processed message ID: <957111A2-0F6C-4A9D-9ED6-D3B685869E33@yahoo.com>
2026-05-02 23:20:37,806 - INFO - Skipping already-processed message ID: <F0E3D771-4716-472B-B375-8FCD1704055A@yahoo.com>
2026-05-02 23:20:37,806 - INFO - Skipping already-processed message ID: <2AE4154D-4DE9-4188-8CD9-BA433528599C@yahoo.com>
2026-05-02 23:20:37,806 - INFO - Skipping already-processed message ID: <2BB0CCC4-735B-4A5F-8019-A3B7CCC74D03@yahoo.com>
2026-05-02 23:20:37,806 - INFO - Skipping already-processed message ID: <797218A6-4A17-4B87-B429-61B02C7183AD@yahoo.com>
2026-05-02 23:20:37,806 - INFO - Skipping already-processed message ID: <27873746-1170-475E-9C21-7CE95948A671@yahoo.com>
2026-05-02 23:20:37,806 - INFO - Skipping already-processed message ID: <22764553-180E-42BB-9898-BC855B10E550@yahoo.com>
2026-05-02 23:20:37,806 - INFO - Skipping already-processed message ID: <C3317370-D2F5-409D-8D13-85A2F90FC6DB@yahoo.com>
2026-05-02 23:20:37,806 - INFO - Skipping already-processed message ID: <0100019de822820b-cbbf2f75-c1ed-469c-85df-98c1ab947266-000000@email.amazonses.com>
2026-05-02 23:20:37,806 - INFO - Skipping already-processed message ID: <F5FDBF7F-24C1-41B6-9793-F672681D2827@yahoo.com>
2026-05-02 23:20:37,806 - INFO - Skipping already-processed message ID: <7E3878D1-7A25-4DB5-AB91-558C9CE7A009@yahoo.com>
2026-05-02 23:20:37,806 - INFO - Skipping already-processed message ID: <1DAA720E-E8A6-4C3D-98DA-141AE8AE8BF9@yahoo.com>
2026-05-02 23:20:37,806 - INFO - Skipping already-processed message ID: <660F1C74-5A6B-4C1B-BBCE-05E53BED615E@yahoo.com>
2026-05-02 23:20:37,806 - INFO - Skipping already-processed message ID: <CF815BF6-F0CF-42BC-8956-F9AEA2E7A053@yahoo.com>
2026-05-02 23:20:37,806 - INFO - Skipping already-processed message ID: <E7CA10BA-6536-4481-BA1A-E0DAAFF3E63E@yahoo.com>
2026-05-02 23:20:37,806 - INFO - Skipping already-processed message ID: <06787DDD-1890-48CE-BA09-46B7B4AB7B53@yahoo.com>
2026-05-02 23:20:37,806 - INFO - Skipping already-processed message ID: <56406ED9-2A10-40A7-83ED-8CC1FDAD274D@yahoo.com>
2026-05-02 23:20:37,807 - INFO - Skipping already-processed message ID: <F593F874-3F7A-47E7-8C65-3ED650CF0D68@yahoo.com>
2026-05-02 23:20:37,807 - INFO - ℹ️ No new links found
2026-05-02 23:20:55,189 - INFO - 📧 Processing 20 emails...
2026-05-02 23:20:55,189 - INFO - Loading sent links...
2026-05-02 23:20:55,190 - INFO - Loaded 16 previously sent links, 26 processed message IDs
2026-05-02 23:20:55,190 - INFO - Skipping already-processed message ID: <BB136B87-2299-4B89-9A2E-B446E52DFA50@yahoo.com>
2026-05-02 23:20:55,190 - INFO - Skipping already-processed message ID: <06D43F41-BB9A-4D85-9127-6E51FC50D7FD@yahoo.com>
2026-05-02 23:20:55,190 - INFO - Skipping already-processed message ID: <957111A2-0F6C-4A9D-9ED6-D3B685869E33@yahoo.com>
2026-05-02 23:20:55,190 - INFO - Skipping already-processed message ID: <F0E3D771-4716-472B-B375-8FCD1704055A@yahoo.com>
2026-05-02 23:20:55,190 - INFO - Skipping already-processed message ID: <2AE4154D-4DE9-4188-8CD9-BA433528599C@yahoo.com>
2026-05-02 23:20:55,190 - INFO - Skipping already-processed message ID: <2BB0CCC4-735B-4A5F-8019-A3B7CCC74D03@yahoo.com>
2026-05-02 23:20:55,190 - INFO - Skipping already-processed message ID: <797218A6-4A17-4B87-B429-61B02C7183AD@yahoo.com>
2026-05-02 23:20:55,190 - INFO - Skipping already-processed message ID: <27873746-1170-475E-9C21-7CE95948A671@yahoo.com>
2026-05-02 23:20:55,190 - INFO - Skipping already-processed message ID: <22764553-180E-42BB-9898-BC855B10E550@yahoo.com>
2026-05-02 23:20:55,190 - INFO - Skipping already-processed message ID: <C3317370-D2F5-409D-8D13-85A2F90FC6DB@yahoo.com>
2026-05-02 23:20:55,190 - INFO - Skipping already-processed message ID: <0100019de822820b-cbbf2f75-c1ed-469c-85df-98c1ab947266-000000@email.amazonses.com>
2026-05-02 23:20:55,190 - INFO - Skipping already-processed message ID: <F5FDBF7F-24C1-41B6-9793-F672681D2827@yahoo.com>
2026-05-02 23:20:55,190 - INFO - Skipping already-processed message ID: <7E3878D1-7A25-4DB5-AB91-558C9CE7A009@yahoo.com>
2026-05-02 23:20:55,190 - INFO - Skipping already-processed message ID: <1DAA720E-E8A6-4C3D-98DA-141AE8AE8BF9@yahoo.com>
2026-05-02 23:20:55,190 - INFO - Skipping already-processed message ID: <660F1C74-5A6B-4C1B-BBCE-05E53BED615E@yahoo.com>
2026-05-02 23:20:55,190 - INFO - Skipping already-processed message ID: <CF815BF6-F0CF-42BC-8956-F9AEA2E7A053@yahoo.com>
2026-05-02 23:20:55,191 - INFO - Skipping already-processed message ID: <E7CA10BA-6536-4481-BA1A-E0DAAFF3E63E@yahoo.com>
2026-05-02 23:20:55,191 - INFO - Skipping already-processed message ID: <06787DDD-1890-48CE-BA09-46B7B4AB7B53@yahoo.com>
2026-05-02 23:20:55,191 - INFO - Skipping already-processed message ID: <56406ED9-2A10-40A7-83ED-8CC1FDAD274D@yahoo.com>
2026-05-02 23:20:55,191 - INFO - Skipping already-processed message ID: <F593F874-3F7A-47E7-8C65-3ED650CF0D68@yahoo.com>
2026-05-02 23:20:55,191 - INFO - ℹ️ No new links found
2026-05-02 23:30:22,401 - INFO - 📧 Processing 20 emails...
2026-05-02 23:30:22,401 - INFO - Loading sent links...
2026-05-02 23:30:22,401 - INFO - Loaded 16 previously sent links, 26 processed message IDs
2026-05-02 23:30:22,401 - INFO - Skipping already-processed message ID: <BB136B87-2299-4B89-9A2E-B446E52DFA50@yahoo.com>
2026-05-02 23:30:22,402 - INFO - Skipping already-processed message ID: <06D43F41-BB9A-4D85-9127-6E51FC50D7FD@yahoo.com>
2026-05-02 23:30:22,402 - INFO - Skipping already-processed message ID: <957111A2-0F6C-4A9D-9ED6-D3B685869E33@yahoo.com>
2026-05-02 23:30:22,402 - INFO - Skipping already-processed message ID: <F0E3D771-4716-472B-B375-8FCD1704055A@yahoo.com>
2026-05-02 23:30:22,402 - INFO - Skipping already-processed message ID: <2AE4154D-4DE9-4188-8CD9-BA433528599C@yahoo.com>
2026-05-02 23:30:22,402 - INFO - Skipping already-processed message ID: <2BB0CCC4-735B-4A5F-8019-A3B7CCC74D03@yahoo.com>
2026-05-02 23:30:22,402 - INFO - Skipping already-processed message ID: <797218A6-4A17-4B87-B429-61B02C7183AD@yahoo.com>
2026-05-02 23:30:22,402 - INFO - Skipping already-processed message ID: <27873746-1170-475E-9C21-7CE95948A671@yahoo.com>
2026-05-02 23:30:22,402 - INFO - Skipping already-processed message ID: <22764553-180E-42BB-9898-BC855B10E550@yahoo.com>
2026-05-02 23:30:22,402 - INFO - Skipping already-processed message ID: <C3317370-D2F5-409D-8D13-85A2F90FC6DB@yahoo.com>
2026-05-02 23:30:22,402 - INFO - Skipping already-processed message ID: <0100019de822820b-cbbf2f75-c1ed-469c-85df-98c1ab947266-000000@email.amazonses.com>
2026-05-02 23:30:22,402 - INFO - Skipping already-processed message ID: <F5FDBF7F-24C1-41B6-9793-F672681D2827@yahoo.com>
2026-05-02 23:30:22,402 - INFO - Skipping already-processed message ID: <7E3878D1-7A25-4DB5-AB91-558C9CE7A009@yahoo.com>
2026-05-02 23:30:22,402 - INFO - Skipping already-processed message ID: <1DAA720E-E8A6-4C3D-98DA-141AE8AE8BF9@yahoo.com>
2026-05-02 23:30:22,402 - INFO - Skipping already-processed message ID: <660F1C74-5A6B-4C1B-BBCE-05E53BED615E@yahoo.com>
2026-05-02 23:30:22,402 - INFO - Skipping already-processed message ID: <CF815BF6-F0CF-42BC-8956-F9AEA2E7A053@yahoo.com>
2026-05-02 23:30:22,402 - INFO - Skipping already-processed message ID: <E7CA10BA-6536-4481-BA1A-E0DAAFF3E63E@yahoo.com>
2026-05-02 23:30:22,402 - INFO - Skipping already-processed message ID: <06787DDD-1890-48CE-BA09-46B7B4AB7B53@yahoo.com>
2026-05-02 23:30:22,402 - INFO - Skipping already-processed message ID: <56406ED9-2A10-40A7-83ED-8CC1FDAD274D@yahoo.com>
2026-05-02 23:30:22,402 - INFO - Skipping already-processed message ID: <F593F874-3F7A-47E7-8C65-3ED650CF0D68@yahoo.com>
2026-05-02 23:30:22,402 - INFO - ℹ️ No new links found
2026-05-02 23:40:20,852 - INFO - 📧 Processing 20 emails...
2026-05-02 23:40:20,853 - INFO - Loading sent links...
2026-05-02 23:40:20,854 - INFO - Loaded 16 previously sent links, 26 processed message IDs
2026-05-02 23:40:20,854 - INFO - Skipping already-processed message ID: <BB136B87-2299-4B89-9A2E-B446E52DFA50@yahoo.com>
2026-05-02 23:40:20,854 - INFO - Skipping already-processed message ID: <06D43F41-BB9A-4D85-9127-6E51FC50D7FD@yahoo.com>
2026-05-02 23:40:20,854 - INFO - Skipping already-processed message ID: <957111A2-0F6C-4A9D-9ED6-D3B685869E33@yahoo.com>
2026-05-02 23:40:20,854 - INFO - Skipping already-processed message ID: <F0E3D771-4716-472B-B375-8FCD1704055A@yahoo.com>
2026-05-02 23:40:20,855 - INFO - Skipping already-processed message ID: <2AE4154D-4DE9-4188-8CD9-BA433528599C@yahoo.com>
2026-05-02 23:40:20,855 - INFO - Skipping already-processed message ID: <2BB0CCC4-735B-4A5F-8019-A3B7CCC74D03@yahoo.com>
2026-05-02 23:40:20,855 - INFO - Skipping already-processed message ID: <797218A6-4A17-4B87-B429-61B02C7183AD@yahoo.com>
2026-05-02 23:40:20,855 - INFO - Skipping already-processed message ID: <27873746-1170-475E-9C21-7CE95948A671@yahoo.com>
2026-05-02 23:40:20,855 - INFO - Skipping already-processed message ID: <22764553-180E-42BB-9898-BC855B10E550@yahoo.com>
2026-05-02 23:40:20,855 - INFO - Skipping already-processed message ID: <C3317370-D2F5-409D-8D13-85A2F90FC6DB@yahoo.com>
2026-05-02 23:40:20,855 - INFO - Skipping already-processed message ID: <0100019de822820b-cbbf2f75-c1ed-469c-85df-98c1ab947266-000000@email.amazonses.com>
2026-05-02 23:40:20,856 - INFO - Skipping already-processed message ID: <F5FDBF7F-24C1-41B6-9793-F672681D2827@yahoo.com>
2026-05-02 23:40:20,856 - INFO - Skipping already-processed message ID: <7E3878D1-7A25-4DB5-AB91-558C9CE7A009@yahoo.com>
2026-05-02 23:40:20,856 - INFO - Skipping already-processed message ID: <1DAA720E-E8A6-4C3D-98DA-141AE8AE8BF9@yahoo.com>
2026-05-02 23:40:20,856 - INFO - Skipping already-processed message ID: <660F1C74-5A6B-4C1B-BBCE-05E53BED615E@yahoo.com>
2026-05-02 23:40:20,856 - INFO - Skipping already-processed message ID: <CF815BF6-F0CF-42BC-8956-F9AEA2E7A053@yahoo.com>
2026-05-02 23:40:20,856 - INFO - Skipping already-processed message ID: <E7CA10BA-6536-4481-BA1A-E0DAAFF3E63E@yahoo.com>
2026-05-02 23:40:20,856 - INFO - Skipping already-processed message ID: <06787DDD-1890-48CE-BA09-46B7B4AB7B53@yahoo.com>
2026-05-02 23:40:20,856 - INFO - Skipping already-processed message ID: <56406ED9-2A10-40A7-83ED-8CC1FDAD274D@yahoo.com>
2026-05-02 23:40:20,856 - INFO - Skipping already-processed message ID: <F593F874-3F7A-47E7-8C65-3ED650CF0D68@yahoo.com>
2026-05-02 23:40:20,856 - INFO - ℹ️ No new links found
2026-05-02 23:50:45,380 - INFO - 📧 Processing 20 emails...
2026-05-02 23:50:45,381 - INFO - Loading sent links...
2026-05-02 23:50:45,381 - INFO - Loaded 16 previously sent links, 26 processed message IDs
2026-05-02 23:50:45,381 - INFO - Skipping already-processed message ID: <BB136B87-2299-4B89-9A2E-B446E52DFA50@yahoo.com>
2026-05-02 23:50:45,382 - INFO - Skipping already-processed message ID: <06D43F41-BB9A-4D85-9127-6E51FC50D7FD@yahoo.com>
2026-05-02 23:50:45,382 - INFO - Skipping already-processed message ID: <957111A2-0F6C-4A9D-9ED6-D3B685869E33@yahoo.com>
2026-05-02 23:50:45,382 - INFO - Skipping already-processed message ID: <F0E3D771-4716-472B-B375-8FCD1704055A@yahoo.com>
2026-05-02 23:50:45,382 - INFO - Skipping already-processed message ID: <2AE4154D-4DE9-4188-8CD9-BA433528599C@yahoo.com>
2026-05-02 23:50:45,382 - INFO - Skipping already-processed message ID: <2BB0CCC4-735B-4A5F-8019-A3B7CCC74D03@yahoo.com>
2026-05-02 23:50:45,382 - INFO - Skipping already-processed message ID: <797218A6-4A17-4B87-B429-61B02C7183AD@yahoo.com>
2026-05-02 23:50:45,382 - INFO - Skipping already-processed message ID: <27873746-1170-475E-9C21-7CE95948A671@yahoo.com>
2026-05-02 23:50:45,382 - INFO - Skipping already-processed message ID: <22764553-180E-42BB-9898-BC855B10E550@yahoo.com>
2026-05-02 23:50:45,382 - INFO - Skipping already-processed message ID: <C3317370-D2F5-409D-8D13-85A2F90FC6DB@yahoo.com>
2026-05-02 23:50:45,382 - INFO - Skipping already-processed message ID: <0100019de822820b-cbbf2f75-c1ed-469c-85df-98c1ab947266-000000@email.amazonses.com>
2026-05-02 23:50:45,382 - INFO - Skipping already-processed message ID: <F5FDBF7F-24C1-41B6-9793-F672681D2827@yahoo.com>
2026-05-02 23:50:45,382 - INFO - Skipping already-processed message ID: <7E3878D1-7A25-4DB5-AB91-558C9CE7A009@yahoo.com>
2026-05-02 23:50:45,382 - INFO - Skipping already-processed message ID: <1DAA720E-E8A6-4C3D-98DA-141AE8AE8BF9@yahoo.com>
2026-05-02 23:50:45,382 - INFO - Skipping already-processed message ID: <660F1C74-5A6B-4C1B-BBCE-05E53BED615E@yahoo.com>
2026-05-02 23:50:45,382 - INFO - Skipping already-processed message ID: <CF815BF6-F0CF-42BC-8956-F9AEA2E7A053@yahoo.com>
2026-05-02 23:50:45,382 - INFO - Skipping already-processed message ID: <E7CA10BA-6536-4481-BA1A-E0DAAFF3E63E@yahoo.com>
2026-05-02 23:50:45,382 - INFO - Skipping already-processed message ID: <06787DDD-1890-48CE-BA09-46B7B4AB7B53@yahoo.com>
2026-05-02 23:50:45,383 - INFO - Skipping already-processed message ID: <56406ED9-2A10-40A7-83ED-8CC1FDAD274D@yahoo.com>
2026-05-02 23:50:45,383 - INFO - Skipping already-processed message ID: <F593F874-3F7A-47E7-8C65-3ED650CF0D68@yahoo.com>
2026-05-02 23:50:45,383 - INFO - ℹ️ No new links found
2026-05-03 00:00:55,846 - INFO - 📧 Processing 20 emails...
2026-05-03 00:00:55,846 - INFO - Loading sent links...
2026-05-03 00:00:55,847 - INFO - Loaded 16 previously sent links, 26 processed message IDs
2026-05-03 00:00:55,847 - INFO - Skipping already-processed message ID: <BB136B87-2299-4B89-9A2E-B446E52DFA50@yahoo.com>
2026-05-03 00:00:55,847 - INFO - Skipping already-processed message ID: <06D43F41-BB9A-4D85-9127-6E51FC50D7FD@yahoo.com>
2026-05-03 00:00:55,847 - INFO - Skipping already-processed message ID: <957111A2-0F6C-4A9D-9ED6-D3B685869E33@yahoo.com>
2026-05-03 00:00:55,847 - INFO - Skipping already-processed message ID: <F0E3D771-4716-472B-B375-8FCD1704055A@yahoo.com>
2026-05-03 00:00:55,847 - INFO - Skipping already-processed message ID: <2AE4154D-4DE9-4188-8CD9-BA433528599C@yahoo.com>
2026-05-03 00:00:55,847 - INFO - Skipping already-processed message ID: <2BB0CCC4-735B-4A5F-8019-A3B7CCC74D03@yahoo.com>
2026-05-03 00:00:55,847 - INFO - Skipping already-processed message ID: <797218A6-4A17-4B87-B429-61B02C7183AD@yahoo.com>
2026-05-03 00:00:55,847 - INFO - Skipping already-processed message ID: <27873746-1170-475E-9C21-7CE95948A671@yahoo.com>
2026-05-03 00:00:55,847 - INFO - Skipping already-processed message ID: <22764553-180E-42BB-9898-BC855B10E550@yahoo.com>
2026-05-03 00:00:55,847 - INFO - Skipping already-processed message ID: <C3317370-D2F5-409D-8D13-85A2F90FC6DB@yahoo.com>
2026-05-03 00:00:55,847 - INFO - Skipping already-processed message ID: <0100019de822820b-cbbf2f75-c1ed-469c-85df-98c1ab947266-000000@email.amazonses.com>
2026-05-03 00:00:55,847 - INFO - Skipping already-processed message ID: <F5FDBF7F-24C1-41B6-9793-F672681D2827@yahoo.com>
2026-05-03 00:00:55,847 - INFO - Skipping already-processed message ID: <7E3878D1-7A25-4DB5-AB91-558C9CE7A009@yahoo.com>
2026-05-03 00:00:55,847 - INFO - Skipping already-processed message ID: <1DAA720E-E8A6-4C3D-98DA-141AE8AE8BF9@yahoo.com>
2026-05-03 00:00:55,847 - INFO - Skipping already-processed message ID: <660F1C74-5A6B-4C1B-BBCE-05E53BED615E@yahoo.com>
2026-05-03 00:00:55,847 - INFO - Skipping already-processed message ID: <CF815BF6-F0CF-42BC-8956-F9AEA2E7A053@yahoo.com>
2026-05-03 00:00:55,847 - INFO - Skipping already-processed message ID: <E7CA10BA-6536-4481-BA1A-E0DAAFF3E63E@yahoo.com>
2026-05-03 00:00:55,847 - INFO - Skipping already-processed message ID: <06787DDD-1890-48CE-BA09-46B7B4AB7B53@yahoo.com>
2026-05-03 00:00:55,847 - INFO - Skipping already-processed message ID: <56406ED9-2A10-40A7-83ED-8CC1FDAD274D@yahoo.com>
2026-05-03 00:00:55,847 - INFO - Skipping already-processed message ID: <F593F874-3F7A-47E7-8C65-3ED650CF0D68@yahoo.com>
2026-05-03 00:00:55,848 - INFO - ℹ️ No new links found
2026-05-03 00:02:42,007 - INFO - 📧 Processing 20 emails...
2026-05-03 00:02:42,008 - INFO - Loading sent links...
2026-05-03 00:02:42,008 - INFO - Loaded 16 previously sent links, 26 processed message IDs
2026-05-03 00:02:42,008 - INFO - Skipping already-processed message ID: <BB136B87-2299-4B89-9A2E-B446E52DFA50@yahoo.com>
2026-05-03 00:02:42,008 - INFO - Skipping already-processed message ID: <06D43F41-BB9A-4D85-9127-6E51FC50D7FD@yahoo.com>
2026-05-03 00:02:42,008 - INFO - Skipping already-processed message ID: <957111A2-0F6C-4A9D-9ED6-D3B685869E33@yahoo.com>
2026-05-03 00:02:42,008 - INFO - Skipping already-processed message ID: <F0E3D771-4716-472B-B375-8FCD1704055A@yahoo.com>
2026-05-03 00:02:42,008 - INFO - Skipping already-processed message ID: <2AE4154D-4DE9-4188-8CD9-BA433528599C@yahoo.com>
2026-05-03 00:02:42,008 - INFO - Skipping already-processed message ID: <2BB0CCC4-735B-4A5F-8019-A3B7CCC74D03@yahoo.com>
2026-05-03 00:02:42,009 - INFO - Skipping already-processed message ID: <797218A6-4A17-4B87-B429-61B02C7183AD@yahoo.com>
2026-05-03 00:02:42,009 - INFO - Skipping already-processed message ID: <27873746-1170-475E-9C21-7CE95948A671@yahoo.com>
2026-05-03 00:02:42,009 - INFO - Skipping already-processed message ID: <22764553-180E-42BB-9898-BC855B10E550@yahoo.com>
2026-05-03 00:02:42,009 - INFO - Skipping already-processed message ID: <C3317370-D2F5-409D-8D13-85A2F90FC6DB@yahoo.com>
2026-05-03 00:02:42,009 - INFO - Skipping already-processed message ID: <0100019de822820b-cbbf2f75-c1ed-469c-85df-98c1ab947266-000000@email.amazonses.com>
2026-05-03 00:02:42,009 - INFO - Skipping already-processed message ID: <F5FDBF7F-24C1-41B6-9793-F672681D2827@yahoo.com>
2026-05-03 00:02:42,009 - INFO - Skipping already-processed message ID: <7E3878D1-7A25-4DB5-AB91-558C9CE7A009@yahoo.com>
2026-05-03 00:02:42,009 - INFO - Skipping already-processed message ID: <1DAA720E-E8A6-4C3D-98DA-141AE8AE8BF9@yahoo.com>
2026-05-03 00:02:42,009 - INFO - Skipping already-processed message ID: <660F1C74-5A6B-4C1B-BBCE-05E53BED615E@yahoo.com>
2026-05-03 00:02:42,009 - INFO - Skipping already-processed message ID: <CF815BF6-F0CF-42BC-8956-F9AEA2E7A053@yahoo.com>
2026-05-03 00:02:42,009 - INFO - Skipping already-processed message ID: <E7CA10BA-6536-4481-BA1A-E0DAAFF3E63E@yahoo.com>
2026-05-03 00:02:42,009 - INFO - Skipping already-processed message ID: <06787DDD-1890-48CE-BA09-46B7B4AB7B53@yahoo.com>
2026-05-03 00:02:42,009 - INFO - Skipping already-processed message ID: <56406ED9-2A10-40A7-83ED-8CC1FDAD274D@yahoo.com>
2026-05-03 00:02:42,009 - INFO - Skipping already-processed message ID: <F593F874-3F7A-47E7-8C65-3ED650CF0D68@yahoo.com>
2026-05-03 00:02:42,009 - INFO - ℹ️ No new links found
2026-05-03 00:04:42,991 - INFO - 📧 Processing 20 emails...
2026-05-03 00:04:42,992 - INFO - Loading sent links...
2026-05-03 00:04:42,992 - INFO - Loaded 16 previously sent links, 26 processed message IDs
2026-05-03 00:04:42,992 - INFO - Skipping already-processed message ID: <BB136B87-2299-4B89-9A2E-B446E52DFA50@yahoo.com>
2026-05-03 00:04:42,992 - INFO - Skipping already-processed message ID: <06D43F41-BB9A-4D85-9127-6E51FC50D7FD@yahoo.com>
2026-05-03 00:04:42,992 - INFO - Skipping already-processed message ID: <957111A2-0F6C-4A9D-9ED6-D3B685869E33@yahoo.com>
2026-05-03 00:04:42,992 - INFO - Skipping already-processed message ID: <F0E3D771-4716-472B-B375-8FCD1704055A@yahoo.com>
2026-05-03 00:04:42,992 - INFO - Skipping already-processed message ID: <2AE4154D-4DE9-4188-8CD9-BA433528599C@yahoo.com>
2026-05-03 00:04:42,992 - INFO - Skipping already-processed message ID: <2BB0CCC4-735B-4A5F-8019-A3B7CCC74D03@yahoo.com>
2026-05-03 00:04:42,993 - INFO - Skipping already-processed message ID: <797218A6-4A17-4B87-B429-61B02C7183AD@yahoo.com>
2026-05-03 00:04:42,993 - INFO - Skipping already-processed message ID: <27873746-1170-475E-9C21-7CE95948A671@yahoo.com>
2026-05-03 00:04:42,993 - INFO - Skipping already-processed message ID: <22764553-180E-42BB-9898-BC855B10E550@yahoo.com>
2026-05-03 00:04:42,993 - INFO - Skipping already-processed message ID: <C3317370-D2F5-409D-8D13-85A2F90FC6DB@yahoo.com>
2026-05-03 00:04:42,993 - INFO - Skipping already-processed message ID: <0100019de822820b-cbbf2f75-c1ed-469c-85df-98c1ab947266-000000@email.amazonses.com>
2026-05-03 00:04:42,993 - INFO - Skipping already-processed message ID: <F5FDBF7F-24C1-41B6-9793-F672681D2827@yahoo.com>
2026-05-03 00:04:42,993 - INFO - Skipping already-processed message ID: <7E3878D1-7A25-4DB5-AB91-558C9CE7A009@yahoo.com>
2026-05-03 00:04:42,993 - INFO - Skipping already-processed message ID: <1DAA720E-E8A6-4C3D-98DA-141AE8AE8BF9@yahoo.com>
2026-05-03 00:04:42,993 - INFO - Skipping already-processed message ID: <660F1C74-5A6B-4C1B-BBCE-05E53BED615E@yahoo.com>
2026-05-03 00:04:42,993 - INFO - Skipping already-processed message ID: <CF815BF6-F0CF-42BC-8956-F9AEA2E7A053@yahoo.com>
2026-05-03 00:04:42,993 - INFO - Skipping already-processed message ID: <E7CA10BA-6536-4481-BA1A-E0DAAFF3E63E@yahoo.com>
2026-05-03 00:04:42,993 - INFO - Skipping already-processed message ID: <06787DDD-1890-48CE-BA09-46B7B4AB7B53@yahoo.com>
2026-05-03 00:04:42,993 - INFO - Skipping already-processed message ID: <56406ED9-2A10-40A7-83ED-8CC1FDAD274D@yahoo.com>
2026-05-03 00:04:42,993 - INFO - Skipping already-processed message ID: <F593F874-3F7A-47E7-8C65-3ED650CF0D68@yahoo.com>
2026-05-03 00:04:42,993 - INFO - ℹ️ No new links found
2026-05-03 00:10:23,844 - INFO - 📧 Processing 20 emails...
2026-05-03 00:10:23,844 - INFO - Loading sent links...
2026-05-03 00:10:23,845 - INFO - Loaded 16 previously sent links, 26 processed message IDs
2026-05-03 00:10:23,845 - INFO - Skipping already-processed message ID: <BB136B87-2299-4B89-9A2E-B446E52DFA50@yahoo.com>
2026-05-03 00:10:23,845 - INFO - Skipping already-processed message ID: <06D43F41-BB9A-4D85-9127-6E51FC50D7FD@yahoo.com>
2026-05-03 00:10:23,845 - INFO - Skipping already-processed message ID: <957111A2-0F6C-4A9D-9ED6-D3B685869E33@yahoo.com>
2026-05-03 00:10:23,845 - INFO - Skipping already-processed message ID: <F0E3D771-4716-472B-B375-8FCD1704055A@yahoo.com>
2026-05-03 00:10:23,845 - INFO - Skipping already-processed message ID: <2AE4154D-4DE9-4188-8CD9-BA433528599C@yahoo.com>
2026-05-03 00:10:23,845 - INFO - Skipping already-processed message ID: <2BB0CCC4-735B-4A5F-8019-A3B7CCC74D03@yahoo.com>
2026-05-03 00:10:23,845 - INFO - Skipping already-processed message ID: <797218A6-4A17-4B87-B429-61B02C7183AD@yahoo.com>
2026-05-03 00:10:23,845 - INFO - Skipping already-processed message ID: <27873746-1170-475E-9C21-7CE95948A671@yahoo.com>
2026-05-03 00:10:23,845 - INFO - Skipping already-processed message ID: <22764553-180E-42BB-9898-BC855B10E550@yahoo.com>
2026-05-03 00:10:23,845 - INFO - Skipping already-processed message ID: <C3317370-D2F5-409D-8D13-85A2F90FC6DB@yahoo.com>
2026-05-03 00:10:23,845 - INFO - Skipping already-processed message ID: <0100019de822820b-cbbf2f75-c1ed-469c-85df-98c1ab947266-000000@email.amazonses.com>
2026-05-03 00:10:23,845 - INFO - Skipping already-processed message ID: <F5FDBF7F-24C1-41B6-9793-F672681D2827@yahoo.com>
2026-05-03 00:10:23,845 - INFO - Skipping already-processed message ID: <7E3878D1-7A25-4DB5-AB91-558C9CE7A009@yahoo.com>
2026-05-03 00:10:23,845 - INFO - Skipping already-processed message ID: <1DAA720E-E8A6-4C3D-98DA-141AE8AE8BF9@yahoo.com>
2026-05-03 00:10:23,845 - INFO - Skipping already-processed message ID: <660F1C74-5A6B-4C1B-BBCE-05E53BED615E@yahoo.com>
2026-05-03 00:10:23,845 - INFO - Skipping already-processed message ID: <CF815BF6-F0CF-42BC-8956-F9AEA2E7A053@yahoo.com>
2026-05-03 00:10:23,845 - INFO - Skipping already-processed message ID: <E7CA10BA-6536-4481-BA1A-E0DAAFF3E63E@yahoo.com>
2026-05-03 00:10:23,845 - INFO - Skipping already-processed message ID: <06787DDD-1890-48CE-BA09-46B7B4AB7B53@yahoo.com>
2026-05-03 00:10:23,846 - INFO - Skipping already-processed message ID: <56406ED9-2A10-40A7-83ED-8CC1FDAD274D@yahoo.com>
2026-05-03 00:10:23,846 - INFO - Skipping already-processed message ID: <F593F874-3F7A-47E7-8C65-3ED650CF0D68@yahoo.com>
2026-05-03 00:10:23,846 - INFO - ℹ️ No new links found
2026-05-03 00:30:19,885 - INFO - 📧 Processing 20 emails...
2026-05-03 00:30:19,885 - INFO - Loading sent links...
2026-05-03 00:30:19,886 - INFO - Loaded 16 previously sent links, 26 processed message IDs
2026-05-03 00:30:19,886 - INFO - Skipping already-processed message ID: <BB136B87-2299-4B89-9A2E-B446E52DFA50@yahoo.com>
2026-05-03 00:30:19,886 - INFO - Skipping already-processed message ID: <06D43F41-BB9A-4D85-9127-6E51FC50D7FD@yahoo.com>
2026-05-03 00:30:19,886 - INFO - Skipping already-processed message ID: <957111A2-0F6C-4A9D-9ED6-D3B685869E33@yahoo.com>
2026-05-03 00:30:19,886 - INFO - Skipping already-processed message ID: <F0E3D771-4716-472B-B375-8FCD1704055A@yahoo.com>
2026-05-03 00:30:19,886 - INFO - Skipping already-processed message ID: <2AE4154D-4DE9-4188-8CD9-BA433528599C@yahoo.com>
2026-05-03 00:30:19,886 - INFO - Skipping already-processed message ID: <2BB0CCC4-735B-4A5F-8019-A3B7CCC74D03@yahoo.com>
2026-05-03 00:30:19,886 - INFO - Skipping already-processed message ID: <797218A6-4A17-4B87-B429-61B02C7183AD@yahoo.com>
2026-05-03 00:30:19,886 - INFO - Skipping already-processed message ID: <27873746-1170-475E-9C21-7CE95948A671@yahoo.com>
2026-05-03 00:30:19,886 - INFO - Skipping already-processed message ID: <22764553-180E-42BB-9898-BC855B10E550@yahoo.com>
2026-05-03 00:30:19,886 - INFO - Skipping already-processed message ID: <C3317370-D2F5-409D-8D13-85A2F90FC6DB@yahoo.com>
2026-05-03 00:30:19,887 - INFO - Skipping already-processed message ID: <0100019de822820b-cbbf2f75-c1ed-469c-85df-98c1ab947266-000000@email.amazonses.com>
2026-05-03 00:30:19,887 - INFO - Skipping already-processed message ID: <F5FDBF7F-24C1-41B6-9793-F672681D2827@yahoo.com>
2026-05-03 00:30:19,887 - INFO - Skipping already-processed message ID: <7E3878D1-7A25-4DB5-AB91-558C9CE7A009@yahoo.com>
2026-05-03 00:30:19,887 - INFO - Skipping already-processed message ID: <1DAA720E-E8A6-4C3D-98DA-141AE8AE8BF9@yahoo.com>
2026-05-03 00:30:19,887 - INFO - Skipping already-processed message ID: <660F1C74-5A6B-4C1B-BBCE-05E53BED615E@yahoo.com>
2026-05-03 00:30:19,887 - INFO - Skipping already-processed message ID: <CF815BF6-F0CF-42BC-8956-F9AEA2E7A053@yahoo.com>
2026-05-03 00:30:19,887 - INFO - Skipping already-processed message ID: <E7CA10BA-6536-4481-BA1A-E0DAAFF3E63E@yahoo.com>
2026-05-03 00:30:19,887 - INFO - Skipping already-processed message ID: <06787DDD-1890-48CE-BA09-46B7B4AB7B53@yahoo.com>
2026-05-03 00:30:19,887 - INFO - Skipping already-processed message ID: <56406ED9-2A10-40A7-83ED-8CC1FDAD274D@yahoo.com>
2026-05-03 00:30:19,887 - INFO - Skipping already-processed message ID: <F593F874-3F7A-47E7-8C65-3ED650CF0D68@yahoo.com>
2026-05-03 00:30:19,887 - INFO - ℹ️ No new links found
2026-05-03 00:31:01,766 - INFO - 📧 Processing 20 emails...
2026-05-03 00:31:01,767 - INFO - Loading sent links...
2026-05-03 00:31:01,767 - INFO - Loaded 16 previously sent links, 26 processed message IDs
2026-05-03 00:31:01,768 - INFO - Skipping already-processed message ID: <BB136B87-2299-4B89-9A2E-B446E52DFA50@yahoo.com>
2026-05-03 00:31:01,768 - INFO - Skipping already-processed message ID: <06D43F41-BB9A-4D85-9127-6E51FC50D7FD@yahoo.com>
2026-05-03 00:31:01,768 - INFO - Skipping already-processed message ID: <957111A2-0F6C-4A9D-9ED6-D3B685869E33@yahoo.com>
2026-05-03 00:31:01,768 - INFO - Skipping already-processed message ID: <F0E3D771-4716-472B-B375-8FCD1704055A@yahoo.com>
2026-05-03 00:31:01,768 - INFO - Skipping already-processed message ID: <2AE4154D-4DE9-4188-8CD9-BA433528599C@yahoo.com>
2026-05-03 00:31:01,768 - INFO - Skipping already-processed message ID: <2BB0CCC4-735B-4A5F-8019-A3B7CCC74D03@yahoo.com>
2026-05-03 00:31:01,768 - INFO - Skipping already-processed message ID: <797218A6-4A17-4B87-B429-61B02C7183AD@yahoo.com>
2026-05-03 00:31:01,768 - INFO - Skipping already-processed message ID: <27873746-1170-475E-9C21-7CE95948A671@yahoo.com>
2026-05-03 00:31:01,768 - INFO - Skipping already-processed message ID: <22764553-180E-42BB-9898-BC855B10E550@yahoo.com>
2026-05-03 00:31:01,768 - INFO - Skipping already-processed message ID: <C3317370-D2F5-409D-8D13-85A2F90FC6DB@yahoo.com>
2026-05-03 00:31:01,768 - INFO - Skipping already-processed message ID: <0100019de822820b-cbbf2f75-c1ed-469c-85df-98c1ab947266-000000@email.amazonses.com>
2026-05-03 00:31:01,768 - INFO - Skipping already-processed message ID: <F5FDBF7F-24C1-41B6-9793-F672681D2827@yahoo.com>
2026-05-03 00:31:01,768 - INFO - Skipping already-processed message ID: <7E3878D1-7A25-4DB5-AB91-558C9CE7A009@yahoo.com>
2026-05-03 00:31:01,768 - INFO - Skipping already-processed message ID: <1DAA720E-E8A6-4C3D-98DA-141AE8AE8BF9@yahoo.com>
2026-05-03 00:31:01,768 - INFO - Skipping already-processed message ID: <660F1C74-5A6B-4C1B-BBCE-05E53BED615E@yahoo.com>
2026-05-03 00:31:01,769 - INFO - Skipping already-processed message ID: <CF815BF6-F0CF-42BC-8956-F9AEA2E7A053@yahoo.com>
2026-05-03 00:31:01,769 - INFO - Skipping already-processed message ID: <E7CA10BA-6536-4481-BA1A-E0DAAFF3E63E@yahoo.com>
2026-05-03 00:31:01,769 - INFO - Skipping already-processed message ID: <06787DDD-1890-48CE-BA09-46B7B4AB7B53@yahoo.com>
2026-05-03 00:31:01,769 - INFO - Skipping already-processed message ID: <56406ED9-2A10-40A7-83ED-8CC1FDAD274D@yahoo.com>
2026-05-03 00:31:01,769 - INFO - Skipping already-processed message ID: <F593F874-3F7A-47E7-8C65-3ED650CF0D68@yahoo.com>
2026-05-03 00:31:01,769 - INFO - ℹ️ No new links found
2026-05-03 00:40:18,928 - INFO - 📧 Processing 20 emails...
2026-05-03 00:40:18,929 - INFO - Loading sent links...
2026-05-03 00:40:18,929 - INFO - Loaded 16 previously sent links, 26 processed message IDs
2026-05-03 00:40:18,929 - INFO - Skipping already-processed message ID: <BB136B87-2299-4B89-9A2E-B446E52DFA50@yahoo.com>
2026-05-03 00:40:18,929 - INFO - Skipping already-processed message ID: <06D43F41-BB9A-4D85-9127-6E51FC50D7FD@yahoo.com>
2026-05-03 00:40:18,929 - INFO - Skipping already-processed message ID: <957111A2-0F6C-4A9D-9ED6-D3B685869E33@yahoo.com>
2026-05-03 00:40:18,929 - INFO - Skipping already-processed message ID: <F0E3D771-4716-472B-B375-8FCD1704055A@yahoo.com>
2026-05-03 00:40:18,930 - INFO - Skipping already-processed message ID: <2AE4154D-4DE9-4188-8CD9-BA433528599C@yahoo.com>
2026-05-03 00:40:18,930 - INFO - Skipping already-processed message ID: <2BB0CCC4-735B-4A5F-8019-A3B7CCC74D03@yahoo.com>
2026-05-03 00:40:18,930 - INFO - Skipping already-processed message ID: <797218A6-4A17-4B87-B429-61B02C7183AD@yahoo.com>
2026-05-03 00:40:18,930 - INFO - Skipping already-processed message ID: <27873746-1170-475E-9C21-7CE95948A671@yahoo.com>
2026-05-03 00:40:18,930 - INFO - Skipping already-processed message ID: <22764553-180E-42BB-9898-BC855B10E550@yahoo.com>
2026-05-03 00:40:18,930 - INFO - Skipping already-processed message ID: <C3317370-D2F5-409D-8D13-85A2F90FC6DB@yahoo.com>
2026-05-03 00:40:18,930 - INFO - Skipping already-processed message ID: <0100019de822820b-cbbf2f75-c1ed-469c-85df-98c1ab947266-000000@email.amazonses.com>
2026-05-03 00:40:18,930 - INFO - Skipping already-processed message ID: <F5FDBF7F-24C1-41B6-9793-F672681D2827@yahoo.com>
2026-05-03 00:40:18,930 - INFO - Skipping already-processed message ID: <7E3878D1-7A25-4DB5-AB91-558C9CE7A009@yahoo.com>
2026-05-03 00:40:18,930 - INFO - Skipping already-processed message ID: <1DAA720E-E8A6-4C3D-98DA-141AE8AE8BF9@yahoo.com>
2026-05-03 00:40:18,930 - INFO - Skipping already-processed message ID: <660F1C74-5A6B-4C1B-BBCE-05E53BED615E@yahoo.com>
2026-05-03 00:40:18,930 - INFO - Skipping already-processed message ID: <CF815BF6-F0CF-42BC-8956-F9AEA2E7A053@yahoo.com>
2026-05-03 00:40:18,930 - INFO - Skipping already-processed message ID: <E7CA10BA-6536-4481-BA1A-E0DAAFF3E63E@yahoo.com>
2026-05-03 00:40:18,930 - INFO - Skipping already-processed message ID: <06787DDD-1890-48CE-BA09-46B7B4AB7B53@yahoo.com>
2026-05-03 00:40:18,930 - INFO - Skipping already-processed message ID: <56406ED9-2A10-40A7-83ED-8CC1FDAD274D@yahoo.com>
2026-05-03 00:40:18,930 - INFO - Skipping already-processed message ID: <F593F874-3F7A-47E7-8C65-3ED650CF0D68@yahoo.com>
2026-05-03 00:40:18,930 - INFO - ℹ️ No new links found
2026-05-03 00:50:22,033 - INFO - 📧 Processing 20 emails...
2026-05-03 00:50:22,033 - INFO - Loading sent links...
2026-05-03 00:50:22,034 - INFO - Loaded 16 previously sent links, 26 processed message IDs
2026-05-03 00:50:22,035 - INFO - Skipping already-processed message ID: <BB136B87-2299-4B89-9A2E-B446E52DFA50@yahoo.com>
2026-05-03 00:50:22,035 - INFO - Skipping already-processed message ID: <06D43F41-BB9A-4D85-9127-6E51FC50D7FD@yahoo.com>
2026-05-03 00:50:22,035 - INFO - Skipping already-processed message ID: <957111A2-0F6C-4A9D-9ED6-D3B685869E33@yahoo.com>
2026-05-03 00:50:22,035 - INFO - Skipping already-processed message ID: <F0E3D771-4716-472B-B375-8FCD1704055A@yahoo.com>
2026-05-03 00:50:22,035 - INFO - Skipping already-processed message ID: <2AE4154D-4DE9-4188-8CD9-BA433528599C@yahoo.com>
2026-05-03 00:50:22,035 - INFO - Skipping already-processed message ID: <2BB0CCC4-735B-4A5F-8019-A3B7CCC74D03@yahoo.com>
2026-05-03 00:50:22,035 - INFO - Skipping already-processed message ID: <797218A6-4A17-4B87-B429-61B02C7183AD@yahoo.com>
2026-05-03 00:50:22,035 - INFO - Skipping already-processed message ID: <27873746-1170-475E-9C21-7CE95948A671@yahoo.com>
2026-05-03 00:50:22,035 - INFO - Skipping already-processed message ID: <22764553-180E-42BB-9898-BC855B10E550@yahoo.com>
2026-05-03 00:50:22,035 - INFO - Skipping already-processed message ID: <C3317370-D2F5-409D-8D13-85A2F90FC6DB@yahoo.com>
2026-05-03 00:50:22,035 - INFO - Skipping already-processed message ID: <0100019de822820b-cbbf2f75-c1ed-469c-85df-98c1ab947266-000000@email.amazonses.com>
2026-05-03 00:50:22,035 - INFO - Skipping already-processed message ID: <F5FDBF7F-24C1-41B6-9793-F672681D2827@yahoo.com>
2026-05-03 00:50:22,035 - INFO - Skipping already-processed message ID: <7E3878D1-7A25-4DB5-AB91-558C9CE7A009@yahoo.com>
2026-05-03 00:50:22,035 - INFO - Skipping already-processed message ID: <1DAA720E-E8A6-4C3D-98DA-141AE8AE8BF9@yahoo.com>
2026-05-03 00:50:22,035 - INFO - Skipping already-processed message ID: <660F1C74-5A6B-4C1B-BBCE-05E53BED615E@yahoo.com>
2026-05-03 00:50:22,035 - INFO - Skipping already-processed message ID: <CF815BF6-F0CF-42BC-8956-F9AEA2E7A053@yahoo.com>
2026-05-03 00:50:22,035 - INFO - Skipping already-processed message ID: <E7CA10BA-6536-4481-BA1A-E0DAAFF3E63E@yahoo.com>
2026-05-03 00:50:22,035 - INFO - Skipping already-processed message ID: <06787DDD-1890-48CE-BA09-46B7B4AB7B53@yahoo.com>
2026-05-03 00:50:22,035 - INFO - Skipping already-processed message ID: <56406ED9-2A10-40A7-83ED-8CC1FDAD274D@yahoo.com>
2026-05-03 00:50:22,035 - INFO - Skipping already-processed message ID: <F593F874-3F7A-47E7-8C65-3ED650CF0D68@yahoo.com>
2026-05-03 00:50:22,036 - INFO - ℹ️ No new links found
2026-05-03 01:10:31,111 - INFO - 📧 Processing 20 emails...
2026-05-03 01:10:31,111 - INFO - Loading sent links...
2026-05-03 01:10:31,112 - INFO - Loaded 16 previously sent links, 26 processed message IDs
2026-05-03 01:10:31,112 - INFO - Skipping already-processed message ID: <BB136B87-2299-4B89-9A2E-B446E52DFA50@yahoo.com>
2026-05-03 01:10:31,112 - INFO - Skipping already-processed message ID: <06D43F41-BB9A-4D85-9127-6E51FC50D7FD@yahoo.com>
2026-05-03 01:10:31,112 - INFO - Skipping already-processed message ID: <957111A2-0F6C-4A9D-9ED6-D3B685869E33@yahoo.com>
2026-05-03 01:10:31,112 - INFO - Skipping already-processed message ID: <F0E3D771-4716-472B-B375-8FCD1704055A@yahoo.com>
2026-05-03 01:10:31,112 - INFO - Skipping already-processed message ID: <2AE4154D-4DE9-4188-8CD9-BA433528599C@yahoo.com>
2026-05-03 01:10:31,112 - INFO - Skipping already-processed message ID: <2BB0CCC4-735B-4A5F-8019-A3B7CCC74D03@yahoo.com>
2026-05-03 01:10:31,112 - INFO - Skipping already-processed message ID: <797218A6-4A17-4B87-B429-61B02C7183AD@yahoo.com>
2026-05-03 01:10:31,112 - INFO - Skipping already-processed message ID: <27873746-1170-475E-9C21-7CE95948A671@yahoo.com>
2026-05-03 01:10:31,112 - INFO - Skipping already-processed message ID: <22764553-180E-42BB-9898-BC855B10E550@yahoo.com>
2026-05-03 01:10:31,112 - INFO - Skipping already-processed message ID: <C3317370-D2F5-409D-8D13-85A2F90FC6DB@yahoo.com>
2026-05-03 01:10:31,113 - INFO - Skipping already-processed message ID: <0100019de822820b-cbbf2f75-c1ed-469c-85df-98c1ab947266-000000@email.amazonses.com>
2026-05-03 01:10:31,113 - INFO - Skipping already-processed message ID: <F5FDBF7F-24C1-41B6-9793-F672681D2827@yahoo.com>
2026-05-03 01:10:31,113 - INFO - Skipping already-processed message ID: <7E3878D1-7A25-4DB5-AB91-558C9CE7A009@yahoo.com>
2026-05-03 01:10:31,113 - INFO - Skipping already-processed message ID: <1DAA720E-E8A6-4C3D-98DA-141AE8AE8BF9@yahoo.com>
2026-05-03 01:10:31,113 - INFO - Skipping already-processed message ID: <660F1C74-5A6B-4C1B-BBCE-05E53BED615E@yahoo.com>
2026-05-03 01:10:31,113 - INFO - Skipping already-processed message ID: <CF815BF6-F0CF-42BC-8956-F9AEA2E7A053@yahoo.com>
2026-05-03 01:10:31,113 - INFO - Skipping already-processed message ID: <E7CA10BA-6536-4481-BA1A-E0DAAFF3E63E@yahoo.com>
2026-05-03 01:10:31,113 - INFO - Skipping already-processed message ID: <06787DDD-1890-48CE-BA09-46B7B4AB7B53@yahoo.com>
2026-05-03 01:10:31,113 - INFO - Skipping already-processed message ID: <56406ED9-2A10-40A7-83ED-8CC1FDAD274D@yahoo.com>
2026-05-03 01:10:31,113 - INFO - Skipping already-processed message ID: <F593F874-3F7A-47E7-8C65-3ED650CF0D68@yahoo.com>
2026-05-03 01:10:31,113 - INFO - ℹ️ No new links found
2026-05-03 01:22:31,303 - INFO - 📧 Processing 20 emails...
2026-05-03 01:22:31,303 - INFO - Loading sent links...
2026-05-03 01:22:31,304 - INFO - Loaded 16 previously sent links, 26 processed message IDs
2026-05-03 01:22:31,304 - INFO - Skipping already-processed message ID: <BB136B87-2299-4B89-9A2E-B446E52DFA50@yahoo.com>
2026-05-03 01:22:31,304 - INFO - Skipping already-processed message ID: <06D43F41-BB9A-4D85-9127-6E51FC50D7FD@yahoo.com>
2026-05-03 01:22:31,304 - INFO - Skipping already-processed message ID: <957111A2-0F6C-4A9D-9ED6-D3B685869E33@yahoo.com>
2026-05-03 01:22:31,304 - INFO - Skipping already-processed message ID: <F0E3D771-4716-472B-B375-8FCD1704055A@yahoo.com>
2026-05-03 01:22:31,304 - INFO - Skipping already-processed message ID: <2AE4154D-4DE9-4188-8CD9-BA433528599C@yahoo.com>
2026-05-03 01:22:31,304 - INFO - Skipping already-processed message ID: <2BB0CCC4-735B-4A5F-8019-A3B7CCC74D03@yahoo.com>
2026-05-03 01:22:31,304 - INFO - Skipping already-processed message ID: <797218A6-4A17-4B87-B429-61B02C7183AD@yahoo.com>
2026-05-03 01:22:31,304 - INFO - Skipping already-processed message ID: <27873746-1170-475E-9C21-7CE95948A671@yahoo.com>
2026-05-03 01:22:31,304 - INFO - Skipping already-processed message ID: <22764553-180E-42BB-9898-BC855B10E550@yahoo.com>
2026-05-03 01:22:31,304 - INFO - Skipping already-processed message ID: <C3317370-D2F5-409D-8D13-85A2F90FC6DB@yahoo.com>
2026-05-03 01:22:31,304 - INFO - Skipping already-processed message ID: <0100019de822820b-cbbf2f75-c1ed-469c-85df-98c1ab947266-000000@email.amazonses.com>
2026-05-03 01:22:31,304 - INFO - Skipping already-processed message ID: <F5FDBF7F-24C1-41B6-9793-F672681D2827@yahoo.com>
2026-05-03 01:22:31,304 - INFO - Skipping already-processed message ID: <7E3878D1-7A25-4DB5-AB91-558C9CE7A009@yahoo.com>
2026-05-03 01:22:31,304 - INFO - Skipping already-processed message ID: <1DAA720E-E8A6-4C3D-98DA-141AE8AE8BF9@yahoo.com>
2026-05-03 01:22:31,305 - INFO - Skipping already-processed message ID: <660F1C74-5A6B-4C1B-BBCE-05E53BED615E@yahoo.com>
2026-05-03 01:22:31,305 - INFO - Skipping already-processed message ID: <CF815BF6-F0CF-42BC-8956-F9AEA2E7A053@yahoo.com>
2026-05-03 01:22:31,305 - INFO - Skipping already-processed message ID: <E7CA10BA-6536-4481-BA1A-E0DAAFF3E63E@yahoo.com>
2026-05-03 01:22:31,305 - INFO - Skipping already-processed message ID: <06787DDD-1890-48CE-BA09-46B7B4AB7B53@yahoo.com>
2026-05-03 01:22:31,305 - INFO - Skipping already-processed message ID: <56406ED9-2A10-40A7-83ED-8CC1FDAD274D@yahoo.com>
2026-05-03 01:22:31,305 - INFO - Skipping already-processed message ID: <F593F874-3F7A-47E7-8C65-3ED650CF0D68@yahoo.com>
2026-05-03 01:22:31,305 - INFO - ℹ️ No new links found
2026-05-03 01:23:05,839 - INFO - 📧 Processing 20 emails...
2026-05-03 01:23:05,839 - INFO - Loading sent links...
2026-05-03 01:23:05,840 - INFO - Loaded 16 previously sent links, 26 processed message IDs
2026-05-03 01:23:05,840 - INFO - Skipping already-processed message ID: <BB136B87-2299-4B89-9A2E-B446E52DFA50@yahoo.com>
2026-05-03 01:23:05,840 - INFO - Skipping already-processed message ID: <06D43F41-BB9A-4D85-9127-6E51FC50D7FD@yahoo.com>
2026-05-03 01:23:05,840 - INFO - Skipping already-processed message ID: <957111A2-0F6C-4A9D-9ED6-D3B685869E33@yahoo.com>
2026-05-03 01:23:05,840 - INFO - Skipping already-processed message ID: <F0E3D771-4716-472B-B375-8FCD1704055A@yahoo.com>
2026-05-03 01:23:05,840 - INFO - Skipping already-processed message ID: <2AE4154D-4DE9-4188-8CD9-BA433528599C@yahoo.com>
2026-05-03 01:23:05,840 - INFO - Skipping already-processed message ID: <2BB0CCC4-735B-4A5F-8019-A3B7CCC74D03@yahoo.com>
2026-05-03 01:23:05,840 - INFO - Skipping already-processed message ID: <797218A6-4A17-4B87-B429-61B02C7183AD@yahoo.com>
2026-05-03 01:23:05,840 - INFO - Skipping already-processed message ID: <27873746-1170-475E-9C21-7CE95948A671@yahoo.com>
2026-05-03 01:23:05,840 - INFO - Skipping already-processed message ID: <22764553-180E-42BB-9898-BC855B10E550@yahoo.com>
2026-05-03 01:23:05,840 - INFO - Skipping already-processed message ID: <C3317370-D2F5-409D-8D13-85A2F90FC6DB@yahoo.com>
2026-05-03 01:23:05,840 - INFO - Skipping already-processed message ID: <0100019de822820b-cbbf2f75-c1ed-469c-85df-98c1ab947266-000000@email.amazonses.com>
2026-05-03 01:23:05,840 - INFO - Skipping already-processed message ID: <F5FDBF7F-24C1-41B6-9793-F672681D2827@yahoo.com>
2026-05-03 01:23:05,840 - INFO - Skipping already-processed message ID: <7E3878D1-7A25-4DB5-AB91-558C9CE7A009@yahoo.com>
2026-05-03 01:23:05,840 - INFO - Skipping already-processed message ID: <1DAA720E-E8A6-4C3D-98DA-141AE8AE8BF9@yahoo.com>
2026-05-03 01:23:05,840 - INFO - Skipping already-processed message ID: <660F1C74-5A6B-4C1B-BBCE-05E53BED615E@yahoo.com>
2026-05-03 01:23:05,840 - INFO - Skipping already-processed message ID: <CF815BF6-F0CF-42BC-8956-F9AEA2E7A053@yahoo.com>
2026-05-03 01:23:05,840 - INFO - Skipping already-processed message ID: <E7CA10BA-6536-4481-BA1A-E0DAAFF3E63E@yahoo.com>
2026-05-03 01:23:05,840 - INFO - Skipping already-processed message ID: <06787DDD-1890-48CE-BA09-46B7B4AB7B53@yahoo.com>
2026-05-03 01:23:05,840 - INFO - Skipping already-processed message ID: <56406ED9-2A10-40A7-83ED-8CC1FDAD274D@yahoo.com>
2026-05-03 01:23:05,840 - INFO - Skipping already-processed message ID: <F593F874-3F7A-47E7-8C65-3ED650CF0D68@yahoo.com>
2026-05-03 01:23:05,840 - INFO - ℹ️ No new links found
2026-05-03 01:30:23,277 - INFO - 📧 Processing 20 emails...
2026-05-03 01:30:23,277 - INFO - Loading sent links...
2026-05-03 01:30:23,277 - INFO - Loaded 16 previously sent links, 26 processed message IDs
2026-05-03 01:30:23,277 - INFO - Skipping already-processed message ID: <BB136B87-2299-4B89-9A2E-B446E52DFA50@yahoo.com>
2026-05-03 01:30:23,277 - INFO - Skipping already-processed message ID: <06D43F41-BB9A-4D85-9127-6E51FC50D7FD@yahoo.com>
2026-05-03 01:30:23,277 - INFO - Skipping already-processed message ID: <957111A2-0F6C-4A9D-9ED6-D3B685869E33@yahoo.com>
2026-05-03 01:30:23,277 - INFO - Skipping already-processed message ID: <F0E3D771-4716-472B-B375-8FCD1704055A@yahoo.com>
2026-05-03 01:30:23,277 - INFO - Skipping already-processed message ID: <2AE4154D-4DE9-4188-8CD9-BA433528599C@yahoo.com>
2026-05-03 01:30:23,277 - INFO - Skipping already-processed message ID: <2BB0CCC4-735B-4A5F-8019-A3B7CCC74D03@yahoo.com>
2026-05-03 01:30:23,277 - INFO - Skipping already-processed message ID: <797218A6-4A17-4B87-B429-61B02C7183AD@yahoo.com>
2026-05-03 01:30:23,277 - INFO - Skipping already-processed message ID: <27873746-1170-475E-9C21-7CE95948A671@yahoo.com>
2026-05-03 01:30:23,277 - INFO - Skipping already-processed message ID: <22764553-180E-42BB-9898-BC855B10E550@yahoo.com>
2026-05-03 01:30:23,278 - INFO - Skipping already-processed message ID: <C3317370-D2F5-409D-8D13-85A2F90FC6DB@yahoo.com>
2026-05-03 01:30:23,278 - INFO - Skipping already-processed message ID: <0100019de822820b-cbbf2f75-c1ed-469c-85df-98c1ab947266-000000@email.amazonses.com>
2026-05-03 01:30:23,278 - INFO - Skipping already-processed message ID: <F5FDBF7F-24C1-41B6-9793-F672681D2827@yahoo.com>
2026-05-03 01:30:23,278 - INFO - Skipping already-processed message ID: <7E3878D1-7A25-4DB5-AB91-558C9CE7A009@yahoo.com>
2026-05-03 01:30:23,278 - INFO - Skipping already-processed message ID: <1DAA720E-E8A6-4C3D-98DA-141AE8AE8BF9@yahoo.com>
2026-05-03 01:30:23,278 - INFO - Skipping already-processed message ID: <660F1C74-5A6B-4C1B-BBCE-05E53BED615E@yahoo.com>
2026-05-03 01:30:23,278 - INFO - Skipping already-processed message ID: <CF815BF6-F0CF-42BC-8956-F9AEA2E7A053@yahoo.com>
2026-05-03 01:30:23,278 - INFO - Skipping already-processed message ID: <E7CA10BA-6536-4481-BA1A-E0DAAFF3E63E@yahoo.com>
2026-05-03 01:30:23,278 - INFO - Skipping already-processed message ID: <06787DDD-1890-48CE-BA09-46B7B4AB7B53@yahoo.com>
2026-05-03 01:30:23,278 - INFO - Skipping already-processed message ID: <56406ED9-2A10-40A7-83ED-8CC1FDAD274D@yahoo.com>
2026-05-03 01:30:23,278 - INFO - Skipping already-processed message ID: <F593F874-3F7A-47E7-8C65-3ED650CF0D68@yahoo.com>
2026-05-03 01:30:23,278 - INFO - ℹ️ No new links found
2026-05-03 01:40:34,255 - INFO - 📧 Processing 20 emails...
2026-05-03 01:40:34,255 - INFO - Loading sent links...
2026-05-03 01:40:34,256 - INFO - Loaded 16 previously sent links, 26 processed message IDs
2026-05-03 01:40:34,256 - INFO - Skipping already-processed message ID: <BB136B87-2299-4B89-9A2E-B446E52DFA50@yahoo.com>
2026-05-03 01:40:34,256 - INFO - Skipping already-processed message ID: <06D43F41-BB9A-4D85-9127-6E51FC50D7FD@yahoo.com>
2026-05-03 01:40:34,256 - INFO - Skipping already-processed message ID: <957111A2-0F6C-4A9D-9ED6-D3B685869E33@yahoo.com>
2026-05-03 01:40:34,256 - INFO - Skipping already-processed message ID: <F0E3D771-4716-472B-B375-8FCD1704055A@yahoo.com>
2026-05-03 01:40:34,256 - INFO - Skipping already-processed message ID: <2AE4154D-4DE9-4188-8CD9-BA433528599C@yahoo.com>
2026-05-03 01:40:34,256 - INFO - Skipping already-processed message ID: <2BB0CCC4-735B-4A5F-8019-A3B7CCC74D03@yahoo.com>
2026-05-03 01:40:34,256 - INFO - Skipping already-processed message ID: <797218A6-4A17-4B87-B429-61B02C7183AD@yahoo.com>
2026-05-03 01:40:34,256 - INFO - Skipping already-processed message ID: <27873746-1170-475E-9C21-7CE95948A671@yahoo.com>
2026-05-03 01:40:34,256 - INFO - Skipping already-processed message ID: <22764553-180E-42BB-9898-BC855B10E550@yahoo.com>
2026-05-03 01:40:34,256 - INFO - Skipping already-processed message ID: <C3317370-D2F5-409D-8D13-85A2F90FC6DB@yahoo.com>
2026-05-03 01:40:34,256 - INFO - Skipping already-processed message ID: <0100019de822820b-cbbf2f75-c1ed-469c-85df-98c1ab947266-000000@email.amazonses.com>
2026-05-03 01:40:34,256 - INFO - Skipping already-processed message ID: <F5FDBF7F-24C1-41B6-9793-F672681D2827@yahoo.com>
2026-05-03 01:40:34,256 - INFO - Skipping already-processed message ID: <7E3878D1-7A25-4DB5-AB91-558C9CE7A009@yahoo.com>
2026-05-03 01:40:34,257 - INFO - Skipping already-processed message ID: <1DAA720E-E8A6-4C3D-98DA-141AE8AE8BF9@yahoo.com>
2026-05-03 01:40:34,257 - INFO - Skipping already-processed message ID: <660F1C74-5A6B-4C1B-BBCE-05E53BED615E@yahoo.com>
2026-05-03 01:40:34,257 - INFO - Skipping already-processed message ID: <CF815BF6-F0CF-42BC-8956-F9AEA2E7A053@yahoo.com>
2026-05-03 01:40:34,257 - INFO - Skipping already-processed message ID: <E7CA10BA-6536-4481-BA1A-E0DAAFF3E63E@yahoo.com>
2026-05-03 01:40:34,257 - INFO - Skipping already-processed message ID: <06787DDD-1890-48CE-BA09-46B7B4AB7B53@yahoo.com>
2026-05-03 01:40:34,257 - INFO - Skipping already-processed message ID: <56406ED9-2A10-40A7-83ED-8CC1FDAD274D@yahoo.com>
2026-05-03 01:40:34,257 - INFO - Skipping already-processed message ID: <F593F874-3F7A-47E7-8C65-3ED650CF0D68@yahoo.com>
2026-05-03 01:40:34,257 - INFO - ℹ️ No new links found
2026-05-03 01:50:18,382 - INFO - 📧 Processing 20 emails...
2026-05-03 01:50:18,382 - INFO - Loading sent links...
2026-05-03 01:50:18,383 - INFO - Loaded 16 previously sent links, 26 processed message IDs
2026-05-03 01:50:18,383 - INFO - Skipping already-processed message ID: <BB136B87-2299-4B89-9A2E-B446E52DFA50@yahoo.com>
2026-05-03 01:50:18,383 - INFO - Skipping already-processed message ID: <06D43F41-BB9A-4D85-9127-6E51FC50D7FD@yahoo.com>
2026-05-03 01:50:18,383 - INFO - Skipping already-processed message ID: <957111A2-0F6C-4A9D-9ED6-D3B685869E33@yahoo.com>
2026-05-03 01:50:18,383 - INFO - Skipping already-processed message ID: <F0E3D771-4716-472B-B375-8FCD1704055A@yahoo.com>
2026-05-03 01:50:18,383 - INFO - Skipping already-processed message ID: <2AE4154D-4DE9-4188-8CD9-BA433528599C@yahoo.com>
2026-05-03 01:50:18,383 - INFO - Skipping already-processed message ID: <2BB0CCC4-735B-4A5F-8019-A3B7CCC74D03@yahoo.com>
2026-05-03 01:50:18,383 - INFO - Skipping already-processed message ID: <797218A6-4A17-4B87-B429-61B02C7183AD@yahoo.com>
2026-05-03 01:50:18,383 - INFO - Skipping already-processed message ID: <27873746-1170-475E-9C21-7CE95948A671@yahoo.com>
2026-05-03 01:50:18,383 - INFO - Skipping already-processed message ID: <22764553-180E-42BB-9898-BC855B10E550@yahoo.com>
2026-05-03 01:50:18,383 - INFO - Skipping already-processed message ID: <C3317370-D2F5-409D-8D13-85A2F90FC6DB@yahoo.com>
2026-05-03 01:50:18,383 - INFO - Skipping already-processed message ID: <0100019de822820b-cbbf2f75-c1ed-469c-85df-98c1ab947266-000000@email.amazonses.com>
2026-05-03 01:50:18,383 - INFO - Skipping already-processed message ID: <F5FDBF7F-24C1-41B6-9793-F672681D2827@yahoo.com>
2026-05-03 01:50:18,383 - INFO - Skipping already-processed message ID: <7E3878D1-7A25-4DB5-AB91-558C9CE7A009@yahoo.com>
2026-05-03 01:50:18,383 - INFO - Skipping already-processed message ID: <1DAA720E-E8A6-4C3D-98DA-141AE8AE8BF9@yahoo.com>
2026-05-03 01:50:18,383 - INFO - Skipping already-processed message ID: <660F1C74-5A6B-4C1B-BBCE-05E53BED615E@yahoo.com>
2026-05-03 01:50:18,383 - INFO - Skipping already-processed message ID: <CF815BF6-F0CF-42BC-8956-F9AEA2E7A053@yahoo.com>
2026-05-03 01:50:18,384 - INFO - Skipping already-processed message ID: <E7CA10BA-6536-4481-BA1A-E0DAAFF3E63E@yahoo.com>
2026-05-03 01:50:18,384 - INFO - Skipping already-processed message ID: <06787DDD-1890-48CE-BA09-46B7B4AB7B53@yahoo.com>
2026-05-03 01:50:18,384 - INFO - Skipping already-processed message ID: <56406ED9-2A10-40A7-83ED-8CC1FDAD274D@yahoo.com>
2026-05-03 01:50:18,384 - INFO - Skipping already-processed message ID: <F593F874-3F7A-47E7-8C65-3ED650CF0D68@yahoo.com>
2026-05-03 01:50:18,384 - INFO - ℹ️ No new links found
2026-05-03 02:00:26,039 - INFO - 📧 Processing 20 emails...
2026-05-03 02:00:26,039 - INFO - Loading sent links...
2026-05-03 02:00:26,040 - INFO - Loaded 16 previously sent links, 26 processed message IDs
2026-05-03 02:00:26,040 - INFO - Skipping already-processed message ID: <BB136B87-2299-4B89-9A2E-B446E52DFA50@yahoo.com>
2026-05-03 02:00:26,040 - INFO - Skipping already-processed message ID: <06D43F41-BB9A-4D85-9127-6E51FC50D7FD@yahoo.com>
2026-05-03 02:00:26,040 - INFO - Skipping already-processed message ID: <957111A2-0F6C-4A9D-9ED6-D3B685869E33@yahoo.com>
2026-05-03 02:00:26,040 - INFO - Skipping already-processed message ID: <F0E3D771-4716-472B-B375-8FCD1704055A@yahoo.com>
2026-05-03 02:00:26,040 - INFO - Skipping already-processed message ID: <2AE4154D-4DE9-4188-8CD9-BA433528599C@yahoo.com>
2026-05-03 02:00:26,040 - INFO - Skipping already-processed message ID: <2BB0CCC4-735B-4A5F-8019-A3B7CCC74D03@yahoo.com>
2026-05-03 02:00:26,040 - INFO - Skipping already-processed message ID: <797218A6-4A17-4B87-B429-61B02C7183AD@yahoo.com>
2026-05-03 02:00:26,040 - INFO - Skipping already-processed message ID: <27873746-1170-475E-9C21-7CE95948A671@yahoo.com>
2026-05-03 02:00:26,040 - INFO - Skipping already-processed message ID: <22764553-180E-42BB-9898-BC855B10E550@yahoo.com>
2026-05-03 02:00:26,040 - INFO - Skipping already-processed message ID: <C3317370-D2F5-409D-8D13-85A2F90FC6DB@yahoo.com>
2026-05-03 02:00:26,040 - INFO - Skipping already-processed message ID: <0100019de822820b-cbbf2f75-c1ed-469c-85df-98c1ab947266-000000@email.amazonses.com>
2026-05-03 02:00:26,040 - INFO - Skipping already-processed message ID: <F5FDBF7F-24C1-41B6-9793-F672681D2827@yahoo.com>
2026-05-03 02:00:26,040 - INFO - Skipping already-processed message ID: <7E3878D1-7A25-4DB5-AB91-558C9CE7A009@yahoo.com>
2026-05-03 02:00:26,040 - INFO - Skipping already-processed message ID: <1DAA720E-E8A6-4C3D-98DA-141AE8AE8BF9@yahoo.com>
2026-05-03 02:00:26,040 - INFO - Skipping already-processed message ID: <660F1C74-5A6B-4C1B-BBCE-05E53BED615E@yahoo.com>
2026-05-03 02:00:26,040 - INFO - Skipping already-processed message ID: <CF815BF6-F0CF-42BC-8956-F9AEA2E7A053@yahoo.com>
2026-05-03 02:00:26,040 - INFO - Skipping already-processed message ID: <E7CA10BA-6536-4481-BA1A-E0DAAFF3E63E@yahoo.com>
2026-05-03 02:00:26,040 - INFO - Skipping already-processed message ID: <06787DDD-1890-48CE-BA09-46B7B4AB7B53@yahoo.com>
2026-05-03 02:00:26,040 - INFO - Skipping already-processed message ID: <56406ED9-2A10-40A7-83ED-8CC1FDAD274D@yahoo.com>
2026-05-03 02:00:26,040 - INFO - Skipping already-processed message ID: <F593F874-3F7A-47E7-8C65-3ED650CF0D68@yahoo.com>
2026-05-03 02:00:26,040 - INFO - ℹ️ No new links found
2026-05-03 02:10:28,287 - INFO - 📧 Processing 20 emails...
2026-05-03 02:10:28,287 - INFO - Loading sent links...
2026-05-03 02:10:28,288 - INFO - Loaded 16 previously sent links, 26 processed message IDs
2026-05-03 02:10:28,288 - INFO - Skipping already-processed message ID: <BB136B87-2299-4B89-9A2E-B446E52DFA50@yahoo.com>
2026-05-03 02:10:28,288 - INFO - Skipping already-processed message ID: <06D43F41-BB9A-4D85-9127-6E51FC50D7FD@yahoo.com>
2026-05-03 02:10:28,288 - INFO - Skipping already-processed message ID: <957111A2-0F6C-4A9D-9ED6-D3B685869E33@yahoo.com>
2026-05-03 02:10:28,288 - INFO - Skipping already-processed message ID: <F0E3D771-4716-472B-B375-8FCD1704055A@yahoo.com>
2026-05-03 02:10:28,288 - INFO - Skipping already-processed message ID: <2AE4154D-4DE9-4188-8CD9-BA433528599C@yahoo.com>
2026-05-03 02:10:28,288 - INFO - Skipping already-processed message ID: <2BB0CCC4-735B-4A5F-8019-A3B7CCC74D03@yahoo.com>
2026-05-03 02:10:28,288 - INFO - Skipping already-processed message ID: <797218A6-4A17-4B87-B429-61B02C7183AD@yahoo.com>
2026-05-03 02:10:28,288 - INFO - Skipping already-processed message ID: <27873746-1170-475E-9C21-7CE95948A671@yahoo.com>
2026-05-03 02:10:28,288 - INFO - Skipping already-processed message ID: <22764553-180E-42BB-9898-BC855B10E550@yahoo.com>
2026-05-03 02:10:28,288 - INFO - Skipping already-processed message ID: <C3317370-D2F5-409D-8D13-85A2F90FC6DB@yahoo.com>
2026-05-03 02:10:28,288 - INFO - Skipping already-processed message ID: <0100019de822820b-cbbf2f75-c1ed-469c-85df-98c1ab947266-000000@email.amazonses.com>
2026-05-03 02:10:28,288 - INFO - Skipping already-processed message ID: <F5FDBF7F-24C1-41B6-9793-F672681D2827@yahoo.com>
2026-05-03 02:10:28,288 - INFO - Skipping already-processed message ID: <7E3878D1-7A25-4DB5-AB91-558C9CE7A009@yahoo.com>
2026-05-03 02:10:28,288 - INFO - Skipping already-processed message ID: <1DAA720E-E8A6-4C3D-98DA-141AE8AE8BF9@yahoo.com>
2026-05-03 02:10:28,288 - INFO - Skipping already-processed message ID: <660F1C74-5A6B-4C1B-BBCE-05E53BED615E@yahoo.com>
2026-05-03 02:10:28,288 - INFO - Skipping already-processed message ID: <CF815BF6-F0CF-42BC-8956-F9AEA2E7A053@yahoo.com>
2026-05-03 02:10:28,288 - INFO - Skipping already-processed message ID: <E7CA10BA-6536-4481-BA1A-E0DAAFF3E63E@yahoo.com>
2026-05-03 02:10:28,288 - INFO - Skipping already-processed message ID: <06787DDD-1890-48CE-BA09-46B7B4AB7B53@yahoo.com>
2026-05-03 02:10:28,289 - INFO - Skipping already-processed message ID: <56406ED9-2A10-40A7-83ED-8CC1FDAD274D@yahoo.com>
2026-05-03 02:10:28,289 - INFO - Skipping already-processed message ID: <F593F874-3F7A-47E7-8C65-3ED650CF0D68@yahoo.com>
2026-05-03 02:10:28,289 - INFO - ℹ️ No new links found
2026-05-03 02:20:45,314 - INFO - 📧 Processing 20 emails...
2026-05-03 02:20:45,314 - INFO - Loading sent links...
2026-05-03 02:20:45,315 - INFO - Loaded 16 previously sent links, 26 processed message IDs
2026-05-03 02:20:45,315 - INFO - Skipping already-processed message ID: <BB136B87-2299-4B89-9A2E-B446E52DFA50@yahoo.com>
2026-05-03 02:20:45,315 - INFO - Skipping already-processed message ID: <06D43F41-BB9A-4D85-9127-6E51FC50D7FD@yahoo.com>
2026-05-03 02:20:45,315 - INFO - Skipping already-processed message ID: <957111A2-0F6C-4A9D-9ED6-D3B685869E33@yahoo.com>
2026-05-03 02:20:45,315 - INFO - Skipping already-processed message ID: <F0E3D771-4716-472B-B375-8FCD1704055A@yahoo.com>
2026-05-03 02:20:45,315 - INFO - Skipping already-processed message ID: <2AE4154D-4DE9-4188-8CD9-BA433528599C@yahoo.com>
2026-05-03 02:20:45,315 - INFO - Skipping already-processed message ID: <2BB0CCC4-735B-4A5F-8019-A3B7CCC74D03@yahoo.com>
2026-05-03 02:20:45,315 - INFO - Skipping already-processed message ID: <797218A6-4A17-4B87-B429-61B02C7183AD@yahoo.com>
2026-05-03 02:20:45,315 - INFO - Skipping already-processed message ID: <27873746-1170-475E-9C21-7CE95948A671@yahoo.com>
2026-05-03 02:20:45,316 - INFO - Skipping already-processed message ID: <22764553-180E-42BB-9898-BC855B10E550@yahoo.com>
2026-05-03 02:20:45,316 - INFO - Skipping already-processed message ID: <C3317370-D2F5-409D-8D13-85A2F90FC6DB@yahoo.com>
2026-05-03 02:20:45,316 - INFO - Skipping already-processed message ID: <0100019de822820b-cbbf2f75-c1ed-469c-85df-98c1ab947266-000000@email.amazonses.com>
2026-05-03 02:20:45,316 - INFO - Skipping already-processed message ID: <F5FDBF7F-24C1-41B6-9793-F672681D2827@yahoo.com>
2026-05-03 02:20:45,316 - INFO - Skipping already-processed message ID: <7E3878D1-7A25-4DB5-AB91-558C9CE7A009@yahoo.com>
2026-05-03 02:20:45,316 - INFO - Skipping already-processed message ID: <1DAA720E-E8A6-4C3D-98DA-141AE8AE8BF9@yahoo.com>
2026-05-03 02:20:45,316 - INFO - Skipping already-processed message ID: <660F1C74-5A6B-4C1B-BBCE-05E53BED615E@yahoo.com>
2026-05-03 02:20:45,316 - INFO - Skipping already-processed message ID: <CF815BF6-F0CF-42BC-8956-F9AEA2E7A053@yahoo.com>
2026-05-03 02:20:45,316 - INFO - Skipping already-processed message ID: <E7CA10BA-6536-4481-BA1A-E0DAAFF3E63E@yahoo.com>
2026-05-03 02:20:45,316 - INFO - Skipping already-processed message ID: <06787DDD-1890-48CE-BA09-46B7B4AB7B53@yahoo.com>
2026-05-03 02:20:45,316 - INFO - Skipping already-processed message ID: <56406ED9-2A10-40A7-83ED-8CC1FDAD274D@yahoo.com>
2026-05-03 02:20:45,316 - INFO - Skipping already-processed message ID: <F593F874-3F7A-47E7-8C65-3ED650CF0D68@yahoo.com>
2026-05-03 02:20:45,316 - INFO - ℹ️ No new links found
2026-05-03 02:30:19,782 - INFO - 📧 Processing 20 emails...
2026-05-03 02:30:19,782 - INFO - Loading sent links...
2026-05-03 02:30:19,783 - INFO - Loaded 16 previously sent links, 26 processed message IDs
2026-05-03 02:30:19,783 - INFO - Skipping already-processed message ID: <BB136B87-2299-4B89-9A2E-B446E52DFA50@yahoo.com>
2026-05-03 02:30:19,783 - INFO - Skipping already-processed message ID: <06D43F41-BB9A-4D85-9127-6E51FC50D7FD@yahoo.com>
2026-05-03 02:30:19,783 - INFO - Skipping already-processed message ID: <957111A2-0F6C-4A9D-9ED6-D3B685869E33@yahoo.com>
2026-05-03 02:30:19,783 - INFO - Skipping already-processed message ID: <F0E3D771-4716-472B-B375-8FCD1704055A@yahoo.com>
2026-05-03 02:30:19,783 - INFO - Skipping already-processed message ID: <2AE4154D-4DE9-4188-8CD9-BA433528599C@yahoo.com>
2026-05-03 02:30:19,783 - INFO - Skipping already-processed message ID: <2BB0CCC4-735B-4A5F-8019-A3B7CCC74D03@yahoo.com>
2026-05-03 02:30:19,783 - INFO - Skipping already-processed message ID: <797218A6-4A17-4B87-B429-61B02C7183AD@yahoo.com>
2026-05-03 02:30:19,783 - INFO - Skipping already-processed message ID: <27873746-1170-475E-9C21-7CE95948A671@yahoo.com>
2026-05-03 02:30:19,783 - INFO - Skipping already-processed message ID: <22764553-180E-42BB-9898-BC855B10E550@yahoo.com>
2026-05-03 02:30:19,783 - INFO - Skipping already-processed message ID: <C3317370-D2F5-409D-8D13-85A2F90FC6DB@yahoo.com>
2026-05-03 02:30:19,783 - INFO - Skipping already-processed message ID: <0100019de822820b-cbbf2f75-c1ed-469c-85df-98c1ab947266-000000@email.amazonses.com>
2026-05-03 02:30:19,783 - INFO - Skipping already-processed message ID: <F5FDBF7F-24C1-41B6-9793-F672681D2827@yahoo.com>
2026-05-03 02:30:19,783 - INFO - Skipping already-processed message ID: <7E3878D1-7A25-4DB5-AB91-558C9CE7A009@yahoo.com>
2026-05-03 02:30:19,783 - INFO - Skipping already-processed message ID: <1DAA720E-E8A6-4C3D-98DA-141AE8AE8BF9@yahoo.com>
2026-05-03 02:30:19,783 - INFO - Skipping already-processed message ID: <660F1C74-5A6B-4C1B-BBCE-05E53BED615E@yahoo.com>
2026-05-03 02:30:19,783 - INFO - Skipping already-processed message ID: <CF815BF6-F0CF-42BC-8956-F9AEA2E7A053@yahoo.com>
2026-05-03 02:30:19,783 - INFO - Skipping already-processed message ID: <E7CA10BA-6536-4481-BA1A-E0DAAFF3E63E@yahoo.com>
2026-05-03 02:30:19,783 - INFO - Skipping already-processed message ID: <06787DDD-1890-48CE-BA09-46B7B4AB7B53@yahoo.com>
2026-05-03 02:30:19,783 - INFO - Skipping already-processed message ID: <56406ED9-2A10-40A7-83ED-8CC1FDAD274D@yahoo.com>
2026-05-03 02:30:19,783 - INFO - Skipping already-processed message ID: <F593F874-3F7A-47E7-8C65-3ED650CF0D68@yahoo.com>
2026-05-03 02:30:19,783 - INFO - ℹ️ No new links found
2026-05-03 03:10:46,388 - INFO - 📧 Processing 20 emails...
2026-05-03 03:10:46,388 - INFO - Loading sent links...
2026-05-03 03:10:46,388 - INFO - Loaded 16 previously sent links, 26 processed message IDs
2026-05-03 03:10:46,388 - INFO - Skipping already-processed message ID: <BB136B87-2299-4B89-9A2E-B446E52DFA50@yahoo.com>
2026-05-03 03:10:46,388 - INFO - Skipping already-processed message ID: <06D43F41-BB9A-4D85-9127-6E51FC50D7FD@yahoo.com>
2026-05-03 03:10:46,388 - INFO - Skipping already-processed message ID: <957111A2-0F6C-4A9D-9ED6-D3B685869E33@yahoo.com>
2026-05-03 03:10:46,388 - INFO - Skipping already-processed message ID: <F0E3D771-4716-472B-B375-8FCD1704055A@yahoo.com>
2026-05-03 03:10:46,388 - INFO - Skipping already-processed message ID: <2AE4154D-4DE9-4188-8CD9-BA433528599C@yahoo.com>
2026-05-03 03:10:46,389 - INFO - Skipping already-processed message ID: <2BB0CCC4-735B-4A5F-8019-A3B7CCC74D03@yahoo.com>
2026-05-03 03:10:46,389 - INFO - Skipping already-processed message ID: <797218A6-4A17-4B87-B429-61B02C7183AD@yahoo.com>
2026-05-03 03:10:46,389 - INFO - Skipping already-processed message ID: <27873746-1170-475E-9C21-7CE95948A671@yahoo.com>
2026-05-03 03:10:46,389 - INFO - Skipping already-processed message ID: <22764553-180E-42BB-9898-BC855B10E550@yahoo.com>
2026-05-03 03:10:46,389 - INFO - Skipping already-processed message ID: <C3317370-D2F5-409D-8D13-85A2F90FC6DB@yahoo.com>
2026-05-03 03:10:46,389 - INFO - Skipping already-processed message ID: <0100019de822820b-cbbf2f75-c1ed-469c-85df-98c1ab947266-000000@email.amazonses.com>
2026-05-03 03:10:46,389 - INFO - Skipping already-processed message ID: <F5FDBF7F-24C1-41B6-9793-F672681D2827@yahoo.com>
2026-05-03 03:10:46,389 - INFO - Skipping already-processed message ID: <7E3878D1-7A25-4DB5-AB91-558C9CE7A009@yahoo.com>
2026-05-03 03:10:46,389 - INFO - Skipping already-processed message ID: <1DAA720E-E8A6-4C3D-98DA-141AE8AE8BF9@yahoo.com>
2026-05-03 03:10:46,389 - INFO - Skipping already-processed message ID: <660F1C74-5A6B-4C1B-BBCE-05E53BED615E@yahoo.com>
2026-05-03 03:10:46,389 - INFO - Skipping already-processed message ID: <CF815BF6-F0CF-42BC-8956-F9AEA2E7A053@yahoo.com>
2026-05-03 03:10:46,389 - INFO - Skipping already-processed message ID: <E7CA10BA-6536-4481-BA1A-E0DAAFF3E63E@yahoo.com>
2026-05-03 03:10:46,389 - INFO - Skipping already-processed message ID: <06787DDD-1890-48CE-BA09-46B7B4AB7B53@yahoo.com>
2026-05-03 03:10:46,389 - INFO - Skipping already-processed message ID: <56406ED9-2A10-40A7-83ED-8CC1FDAD274D@yahoo.com>
2026-05-03 03:10:46,389 - INFO - Skipping already-processed message ID: <F593F874-3F7A-47E7-8C65-3ED650CF0D68@yahoo.com>
2026-05-03 03:10:46,389 - INFO - ℹ️ No new links found
2026-05-03 03:20:45,068 - INFO - 📧 Processing 20 emails...
2026-05-03 03:20:45,068 - INFO - Loading sent links...
2026-05-03 03:20:45,068 - INFO - Loaded 16 previously sent links, 26 processed message IDs
2026-05-03 03:20:45,068 - INFO - Skipping already-processed message ID: <BB136B87-2299-4B89-9A2E-B446E52DFA50@yahoo.com>
2026-05-03 03:20:45,068 - INFO - Skipping already-processed message ID: <06D43F41-BB9A-4D85-9127-6E51FC50D7FD@yahoo.com>
2026-05-03 03:20:45,068 - INFO - Skipping already-processed message ID: <957111A2-0F6C-4A9D-9ED6-D3B685869E33@yahoo.com>
2026-05-03 03:20:45,068 - INFO - Skipping already-processed message ID: <F0E3D771-4716-472B-B375-8FCD1704055A@yahoo.com>
2026-05-03 03:20:45,068 - INFO - Skipping already-processed message ID: <2AE4154D-4DE9-4188-8CD9-BA433528599C@yahoo.com>
2026-05-03 03:20:45,068 - INFO - Skipping already-processed message ID: <2BB0CCC4-735B-4A5F-8019-A3B7CCC74D03@yahoo.com>
2026-05-03 03:20:45,069 - INFO - Skipping already-processed message ID: <797218A6-4A17-4B87-B429-61B02C7183AD@yahoo.com>
2026-05-03 03:20:45,069 - INFO - Skipping already-processed message ID: <27873746-1170-475E-9C21-7CE95948A671@yahoo.com>
2026-05-03 03:20:45,069 - INFO - Skipping already-processed message ID: <22764553-180E-42BB-9898-BC855B10E550@yahoo.com>
2026-05-03 03:20:45,069 - INFO - Skipping already-processed message ID: <C3317370-D2F5-409D-8D13-85A2F90FC6DB@yahoo.com>
2026-05-03 03:20:45,069 - INFO - Skipping already-processed message ID: <0100019de822820b-cbbf2f75-c1ed-469c-85df-98c1ab947266-000000@email.amazonses.com>
2026-05-03 03:20:45,069 - INFO - Skipping already-processed message ID: <F5FDBF7F-24C1-41B6-9793-F672681D2827@yahoo.com>
2026-05-03 03:20:45,069 - INFO - Skipping already-processed message ID: <7E3878D1-7A25-4DB5-AB91-558C9CE7A009@yahoo.com>
2026-05-03 03:20:45,069 - INFO - Skipping already-processed message ID: <1DAA720E-E8A6-4C3D-98DA-141AE8AE8BF9@yahoo.com>
2026-05-03 03:20:45,069 - INFO - Skipping already-processed message ID: <660F1C74-5A6B-4C1B-BBCE-05E53BED615E@yahoo.com>
2026-05-03 03:20:45,069 - INFO - Skipping already-processed message ID: <CF815BF6-F0CF-42BC-8956-F9AEA2E7A053@yahoo.com>
2026-05-03 03:20:45,069 - INFO - Skipping already-processed message ID: <E7CA10BA-6536-4481-BA1A-E0DAAFF3E63E@yahoo.com>
2026-05-03 03:20:45,069 - INFO - Skipping already-processed message ID: <06787DDD-1890-48CE-BA09-46B7B4AB7B53@yahoo.com>
2026-05-03 03:20:45,069 - INFO - Skipping already-processed message ID: <56406ED9-2A10-40A7-83ED-8CC1FDAD274D@yahoo.com>
2026-05-03 03:20:45,069 - INFO - Skipping already-processed message ID: <F593F874-3F7A-47E7-8C65-3ED650CF0D68@yahoo.com>
2026-05-03 03:20:45,069 - INFO - ℹ️ No new links found
2026-05-03 03:30:16,579 - INFO - 📧 Processing 20 emails...
2026-05-03 03:30:16,579 - INFO - Loading sent links...
2026-05-03 03:30:16,579 - INFO - Loaded 16 previously sent links, 26 processed message IDs
2026-05-03 03:30:16,579 - INFO - Skipping already-processed message ID: <BB136B87-2299-4B89-9A2E-B446E52DFA50@yahoo.com>
2026-05-03 03:30:16,579 - INFO - Skipping already-processed message ID: <06D43F41-BB9A-4D85-9127-6E51FC50D7FD@yahoo.com>
2026-05-03 03:30:16,579 - INFO - Skipping already-processed message ID: <957111A2-0F6C-4A9D-9ED6-D3B685869E33@yahoo.com>
2026-05-03 03:30:16,579 - INFO - Skipping already-processed message ID: <F0E3D771-4716-472B-B375-8FCD1704055A@yahoo.com>
2026-05-03 03:30:16,579 - INFO - Skipping already-processed message ID: <2AE4154D-4DE9-4188-8CD9-BA433528599C@yahoo.com>
2026-05-03 03:30:16,580 - INFO - Skipping already-processed message ID: <2BB0CCC4-735B-4A5F-8019-A3B7CCC74D03@yahoo.com>
2026-05-03 03:30:16,580 - INFO - Skipping already-processed message ID: <797218A6-4A17-4B87-B429-61B02C7183AD@yahoo.com>
2026-05-03 03:30:16,580 - INFO - Skipping already-processed message ID: <27873746-1170-475E-9C21-7CE95948A671@yahoo.com>
2026-05-03 03:30:16,580 - INFO - Skipping already-processed message ID: <22764553-180E-42BB-9898-BC855B10E550@yahoo.com>
2026-05-03 03:30:16,580 - INFO - Skipping already-processed message ID: <C3317370-D2F5-409D-8D13-85A2F90FC6DB@yahoo.com>
2026-05-03 03:30:16,580 - INFO - Skipping already-processed message ID: <0100019de822820b-cbbf2f75-c1ed-469c-85df-98c1ab947266-000000@email.amazonses.com>
2026-05-03 03:30:16,580 - INFO - Skipping already-processed message ID: <F5FDBF7F-24C1-41B6-9793-F672681D2827@yahoo.com>
2026-05-03 03:30:16,580 - INFO - Skipping already-processed message ID: <7E3878D1-7A25-4DB5-AB91-558C9CE7A009@yahoo.com>
2026-05-03 03:30:16,580 - INFO - Skipping already-processed message ID: <1DAA720E-E8A6-4C3D-98DA-141AE8AE8BF9@yahoo.com>
2026-05-03 03:30:16,580 - INFO - Skipping already-processed message ID: <660F1C74-5A6B-4C1B-BBCE-05E53BED615E@yahoo.com>
2026-05-03 03:30:16,580 - INFO - Skipping already-processed message ID: <CF815BF6-F0CF-42BC-8956-F9AEA2E7A053@yahoo.com>
2026-05-03 03:30:16,580 - INFO - Skipping already-processed message ID: <E7CA10BA-6536-4481-BA1A-E0DAAFF3E63E@yahoo.com>
2026-05-03 03:30:16,580 - INFO - Skipping already-processed message ID: <06787DDD-1890-48CE-BA09-46B7B4AB7B53@yahoo.com>
2026-05-03 03:30:16,580 - INFO - Skipping already-processed message ID: <56406ED9-2A10-40A7-83ED-8CC1FDAD274D@yahoo.com>
2026-05-03 03:30:16,580 - INFO - Skipping already-processed message ID: <F593F874-3F7A-47E7-8C65-3ED650CF0D68@yahoo.com>
2026-05-03 03:30:16,580 - INFO - ℹ️ No new links found
2026-05-03 03:40:36,013 - INFO - 📧 Processing 20 emails...
2026-05-03 03:40:36,013 - INFO - Loading sent links...
2026-05-03 03:40:36,013 - INFO - Loaded 16 previously sent links, 26 processed message IDs
2026-05-03 03:40:36,013 - INFO - Skipping already-processed message ID: <BB136B87-2299-4B89-9A2E-B446E52DFA50@yahoo.com>
2026-05-03 03:40:36,014 - INFO - Skipping already-processed message ID: <06D43F41-BB9A-4D85-9127-6E51FC50D7FD@yahoo.com>
2026-05-03 03:40:36,014 - INFO - Skipping already-processed message ID: <957111A2-0F6C-4A9D-9ED6-D3B685869E33@yahoo.com>
2026-05-03 03:40:36,014 - INFO - Skipping already-processed message ID: <F0E3D771-4716-472B-B375-8FCD1704055A@yahoo.com>
2026-05-03 03:40:36,014 - INFO - Skipping already-processed message ID: <2AE4154D-4DE9-4188-8CD9-BA433528599C@yahoo.com>
2026-05-03 03:40:36,014 - INFO - Skipping already-processed message ID: <2BB0CCC4-735B-4A5F-8019-A3B7CCC74D03@yahoo.com>
2026-05-03 03:40:36,014 - INFO - Skipping already-processed message ID: <797218A6-4A17-4B87-B429-61B02C7183AD@yahoo.com>
2026-05-03 03:40:36,014 - INFO - Skipping already-processed message ID: <27873746-1170-475E-9C21-7CE95948A671@yahoo.com>
2026-05-03 03:40:36,014 - INFO - Skipping already-processed message ID: <22764553-180E-42BB-9898-BC855B10E550@yahoo.com>
2026-05-03 03:40:36,014 - INFO - Skipping already-processed message ID: <C3317370-D2F5-409D-8D13-85A2F90FC6DB@yahoo.com>
2026-05-03 03:40:36,014 - INFO - Skipping already-processed message ID: <0100019de822820b-cbbf2f75-c1ed-469c-85df-98c1ab947266-000000@email.amazonses.com>
2026-05-03 03:40:36,014 - INFO - Skipping already-processed message ID: <F5FDBF7F-24C1-41B6-9793-F672681D2827@yahoo.com>
2026-05-03 03:40:36,014 - INFO - Skipping already-processed message ID: <7E3878D1-7A25-4DB5-AB91-558C9CE7A009@yahoo.com>
2026-05-03 03:40:36,014 - INFO - Skipping already-processed message ID: <1DAA720E-E8A6-4C3D-98DA-141AE8AE8BF9@yahoo.com>
2026-05-03 03:40:36,014 - INFO - Skipping already-processed message ID: <660F1C74-5A6B-4C1B-BBCE-05E53BED615E@yahoo.com>
2026-05-03 03:40:36,014 - INFO - Skipping already-processed message ID: <CF815BF6-F0CF-42BC-8956-F9AEA2E7A053@yahoo.com>
2026-05-03 03:40:36,014 - INFO - Skipping already-processed message ID: <E7CA10BA-6536-4481-BA1A-E0DAAFF3E63E@yahoo.com>
2026-05-03 03:40:36,014 - INFO - Skipping already-processed message ID: <06787DDD-1890-48CE-BA09-46B7B4AB7B53@yahoo.com>
2026-05-03 03:40:36,014 - INFO - Skipping already-processed message ID: <56406ED9-2A10-40A7-83ED-8CC1FDAD274D@yahoo.com>
2026-05-03 03:40:36,014 - INFO - Skipping already-processed message ID: <F593F874-3F7A-47E7-8C65-3ED650CF0D68@yahoo.com>
2026-05-03 03:40:36,014 - INFO - ℹ️ No new links found
2026-05-03 03:50:58,615 - INFO - 📧 Processing 20 emails...
2026-05-03 03:50:58,615 - INFO - Loading sent links...
2026-05-03 03:50:58,616 - INFO - Loaded 16 previously sent links, 26 processed message IDs
2026-05-03 03:50:58,616 - INFO - Skipping already-processed message ID: <BB136B87-2299-4B89-9A2E-B446E52DFA50@yahoo.com>
2026-05-03 03:50:58,616 - INFO - Skipping already-processed message ID: <06D43F41-BB9A-4D85-9127-6E51FC50D7FD@yahoo.com>
2026-05-03 03:50:58,616 - INFO - Skipping already-processed message ID: <957111A2-0F6C-4A9D-9ED6-D3B685869E33@yahoo.com>
2026-05-03 03:50:58,616 - INFO - Skipping already-processed message ID: <F0E3D771-4716-472B-B375-8FCD1704055A@yahoo.com>
2026-05-03 03:50:58,616 - INFO - Skipping already-processed message ID: <2AE4154D-4DE9-4188-8CD9-BA433528599C@yahoo.com>
2026-05-03 03:50:58,616 - INFO - Skipping already-processed message ID: <2BB0CCC4-735B-4A5F-8019-A3B7CCC74D03@yahoo.com>
2026-05-03 03:50:58,616 - INFO - Skipping already-processed message ID: <797218A6-4A17-4B87-B429-61B02C7183AD@yahoo.com>
2026-05-03 03:50:58,616 - INFO - Skipping already-processed message ID: <27873746-1170-475E-9C21-7CE95948A671@yahoo.com>
2026-05-03 03:50:58,616 - INFO - Skipping already-processed message ID: <22764553-180E-42BB-9898-BC855B10E550@yahoo.com>
2026-05-03 03:50:58,616 - INFO - Skipping already-processed message ID: <C3317370-D2F5-409D-8D13-85A2F90FC6DB@yahoo.com>
2026-05-03 03:50:58,616 - INFO - Skipping already-processed message ID: <0100019de822820b-cbbf2f75-c1ed-469c-85df-98c1ab947266-000000@email.amazonses.com>
2026-05-03 03:50:58,616 - INFO - Skipping already-processed message ID: <F5FDBF7F-24C1-41B6-9793-F672681D2827@yahoo.com>
2026-05-03 03:50:58,616 - INFO - Skipping already-processed message ID: <7E3878D1-7A25-4DB5-AB91-558C9CE7A009@yahoo.com>
2026-05-03 03:50:58,616 - INFO - Skipping already-processed message ID: <1DAA720E-E8A6-4C3D-98DA-141AE8AE8BF9@yahoo.com>
2026-05-03 03:50:58,616 - INFO - Skipping already-processed message ID: <660F1C74-5A6B-4C1B-BBCE-05E53BED615E@yahoo.com>
2026-05-03 03:50:58,616 - INFO - Skipping already-processed message ID: <CF815BF6-F0CF-42BC-8956-F9AEA2E7A053@yahoo.com>
2026-05-03 03:50:58,616 - INFO - Skipping already-processed message ID: <E7CA10BA-6536-4481-BA1A-E0DAAFF3E63E@yahoo.com>
2026-05-03 03:50:58,616 - INFO - Skipping already-processed message ID: <06787DDD-1890-48CE-BA09-46B7B4AB7B53@yahoo.com>
2026-05-03 03:50:58,616 - INFO - Skipping already-processed message ID: <56406ED9-2A10-40A7-83ED-8CC1FDAD274D@yahoo.com>
2026-05-03 03:50:58,617 - INFO - Skipping already-processed message ID: <F593F874-3F7A-47E7-8C65-3ED650CF0D68@yahoo.com>
2026-05-03 03:50:58,617 - INFO - ℹ️ No new links found
2026-05-03 04:10:27,821 - INFO - 📧 Processing 20 emails...
2026-05-03 04:10:27,821 - INFO - Loading sent links...
2026-05-03 04:10:27,821 - INFO - Loaded 16 previously sent links, 26 processed message IDs
2026-05-03 04:10:27,821 - INFO - Skipping already-processed message ID: <BB136B87-2299-4B89-9A2E-B446E52DFA50@yahoo.com>
2026-05-03 04:10:27,821 - INFO - Skipping already-processed message ID: <06D43F41-BB9A-4D85-9127-6E51FC50D7FD@yahoo.com>
2026-05-03 04:10:27,822 - INFO - Skipping already-processed message ID: <957111A2-0F6C-4A9D-9ED6-D3B685869E33@yahoo.com>
2026-05-03 04:10:27,822 - INFO - Skipping already-processed message ID: <F0E3D771-4716-472B-B375-8FCD1704055A@yahoo.com>
2026-05-03 04:10:27,822 - INFO - Skipping already-processed message ID: <2AE4154D-4DE9-4188-8CD9-BA433528599C@yahoo.com>
2026-05-03 04:10:27,822 - INFO - Skipping already-processed message ID: <2BB0CCC4-735B-4A5F-8019-A3B7CCC74D03@yahoo.com>
2026-05-03 04:10:27,822 - INFO - Skipping already-processed message ID: <797218A6-4A17-4B87-B429-61B02C7183AD@yahoo.com>
2026-05-03 04:10:27,822 - INFO - Skipping already-processed message ID: <27873746-1170-475E-9C21-7CE95948A671@yahoo.com>
2026-05-03 04:10:27,822 - INFO - Skipping already-processed message ID: <22764553-180E-42BB-9898-BC855B10E550@yahoo.com>
2026-05-03 04:10:27,822 - INFO - Skipping already-processed message ID: <C3317370-D2F5-409D-8D13-85A2F90FC6DB@yahoo.com>
2026-05-03 04:10:27,822 - INFO - Skipping already-processed message ID: <0100019de822820b-cbbf2f75-c1ed-469c-85df-98c1ab947266-000000@email.amazonses.com>
2026-05-03 04:10:27,822 - INFO - Skipping already-processed message ID: <F5FDBF7F-24C1-41B6-9793-F672681D2827@yahoo.com>
2026-05-03 04:10:27,822 - INFO - Skipping already-processed message ID: <7E3878D1-7A25-4DB5-AB91-558C9CE7A009@yahoo.com>
2026-05-03 04:10:27,822 - INFO - Skipping already-processed message ID: <1DAA720E-E8A6-4C3D-98DA-141AE8AE8BF9@yahoo.com>
2026-05-03 04:10:27,822 - INFO - Skipping already-processed message ID: <660F1C74-5A6B-4C1B-BBCE-05E53BED615E@yahoo.com>
2026-05-03 04:10:27,822 - INFO - Skipping already-processed message ID: <CF815BF6-F0CF-42BC-8956-F9AEA2E7A053@yahoo.com>
2026-05-03 04:10:27,822 - INFO - Skipping already-processed message ID: <E7CA10BA-6536-4481-BA1A-E0DAAFF3E63E@yahoo.com>
2026-05-03 04:10:27,822 - INFO - Skipping already-processed message ID: <06787DDD-1890-48CE-BA09-46B7B4AB7B53@yahoo.com>
2026-05-03 04:10:27,822 - INFO - Skipping already-processed message ID: <56406ED9-2A10-40A7-83ED-8CC1FDAD274D@yahoo.com>
2026-05-03 04:10:27,822 - INFO - Skipping already-processed message ID: <F593F874-3F7A-47E7-8C65-3ED650CF0D68@yahoo.com>
2026-05-03 04:10:27,822 - INFO - ℹ️ No new links found
2026-05-03 04:20:20,771 - INFO - 📧 Processing 20 emails...
2026-05-03 04:20:20,771 - INFO - Loading sent links...
2026-05-03 04:20:20,771 - INFO - Loaded 16 previously sent links, 26 processed message IDs
2026-05-03 04:20:20,771 - INFO - Skipping already-processed message ID: <BB136B87-2299-4B89-9A2E-B446E52DFA50@yahoo.com>
2026-05-03 04:20:20,771 - INFO - Skipping already-processed message ID: <06D43F41-BB9A-4D85-9127-6E51FC50D7FD@yahoo.com>
2026-05-03 04:20:20,771 - INFO - Skipping already-processed message ID: <957111A2-0F6C-4A9D-9ED6-D3B685869E33@yahoo.com>
2026-05-03 04:20:20,771 - INFO - Skipping already-processed message ID: <F0E3D771-4716-472B-B375-8FCD1704055A@yahoo.com>
2026-05-03 04:20:20,771 - INFO - Skipping already-processed message ID: <2AE4154D-4DE9-4188-8CD9-BA433528599C@yahoo.com>
2026-05-03 04:20:20,771 - INFO - Skipping already-processed message ID: <2BB0CCC4-735B-4A5F-8019-A3B7CCC74D03@yahoo.com>
2026-05-03 04:20:20,771 - INFO - Skipping already-processed message ID: <797218A6-4A17-4B87-B429-61B02C7183AD@yahoo.com>
2026-05-03 04:20:20,771 - INFO - Skipping already-processed message ID: <27873746-1170-475E-9C21-7CE95948A671@yahoo.com>
2026-05-03 04:20:20,771 - INFO - Skipping already-processed message ID: <22764553-180E-42BB-9898-BC855B10E550@yahoo.com>
2026-05-03 04:20:20,771 - INFO - Skipping already-processed message ID: <C3317370-D2F5-409D-8D13-85A2F90FC6DB@yahoo.com>
2026-05-03 04:20:20,771 - INFO - Skipping already-processed message ID: <0100019de822820b-cbbf2f75-c1ed-469c-85df-98c1ab947266-000000@email.amazonses.com>
2026-05-03 04:20:20,771 - INFO - Skipping already-processed message ID: <F5FDBF7F-24C1-41B6-9793-F672681D2827@yahoo.com>
2026-05-03 04:20:20,771 - INFO - Skipping already-processed message ID: <7E3878D1-7A25-4DB5-AB91-558C9CE7A009@yahoo.com>
2026-05-03 04:20:20,771 - INFO - Skipping already-processed message ID: <1DAA720E-E8A6-4C3D-98DA-141AE8AE8BF9@yahoo.com>
2026-05-03 04:20:20,772 - INFO - Skipping already-processed message ID: <660F1C74-5A6B-4C1B-BBCE-05E53BED615E@yahoo.com>
2026-05-03 04:20:20,772 - INFO - Skipping already-processed message ID: <CF815BF6-F0CF-42BC-8956-F9AEA2E7A053@yahoo.com>
2026-05-03 04:20:20,772 - INFO - Skipping already-processed message ID: <E7CA10BA-6536-4481-BA1A-E0DAAFF3E63E@yahoo.com>
2026-05-03 04:20:20,772 - INFO - Skipping already-processed message ID: <06787DDD-1890-48CE-BA09-46B7B4AB7B53@yahoo.com>
2026-05-03 04:20:20,772 - INFO - Skipping already-processed message ID: <56406ED9-2A10-40A7-83ED-8CC1FDAD274D@yahoo.com>
2026-05-03 04:20:20,772 - INFO - Skipping already-processed message ID: <F593F874-3F7A-47E7-8C65-3ED650CF0D68@yahoo.com>
2026-05-03 04:20:20,772 - INFO - ℹ️ No new links found
2026-05-03 04:30:32,831 - INFO - 📧 Processing 20 emails...
2026-05-03 04:30:32,831 - INFO - Loading sent links...
2026-05-03 04:30:32,832 - INFO - Loaded 16 previously sent links, 26 processed message IDs
2026-05-03 04:30:32,832 - INFO - Skipping already-processed message ID: <BB136B87-2299-4B89-9A2E-B446E52DFA50@yahoo.com>
2026-05-03 04:30:32,832 - INFO - Skipping already-processed message ID: <06D43F41-BB9A-4D85-9127-6E51FC50D7FD@yahoo.com>
2026-05-03 04:30:32,832 - INFO - Skipping already-processed message ID: <957111A2-0F6C-4A9D-9ED6-D3B685869E33@yahoo.com>
2026-05-03 04:30:32,832 - INFO - Skipping already-processed message ID: <F0E3D771-4716-472B-B375-8FCD1704055A@yahoo.com>
2026-05-03 04:30:32,832 - INFO - Skipping already-processed message ID: <2AE4154D-4DE9-4188-8CD9-BA433528599C@yahoo.com>
2026-05-03 04:30:32,832 - INFO - Skipping already-processed message ID: <2BB0CCC4-735B-4A5F-8019-A3B7CCC74D03@yahoo.com>
2026-05-03 04:30:32,832 - INFO - Skipping already-processed message ID: <797218A6-4A17-4B87-B429-61B02C7183AD@yahoo.com>
2026-05-03 04:30:32,832 - INFO - Skipping already-processed message ID: <27873746-1170-475E-9C21-7CE95948A671@yahoo.com>
2026-05-03 04:30:32,832 - INFO - Skipping already-processed message ID: <22764553-180E-42BB-9898-BC855B10E550@yahoo.com>
2026-05-03 04:30:32,832 - INFO - Skipping already-processed message ID: <C3317370-D2F5-409D-8D13-85A2F90FC6DB@yahoo.com>
2026-05-03 04:30:32,832 - INFO - Skipping already-processed message ID: <0100019de822820b-cbbf2f75-c1ed-469c-85df-98c1ab947266-000000@email.amazonses.com>
2026-05-03 04:30:32,832 - INFO - Skipping already-processed message ID: <F5FDBF7F-24C1-41B6-9793-F672681D2827@yahoo.com>
2026-05-03 04:30:32,832 - INFO - Skipping already-processed message ID: <7E3878D1-7A25-4DB5-AB91-558C9CE7A009@yahoo.com>
2026-05-03 04:30:32,832 - INFO - Skipping already-processed message ID: <1DAA720E-E8A6-4C3D-98DA-141AE8AE8BF9@yahoo.com>
2026-05-03 04:30:32,832 - INFO - Skipping already-processed message ID: <660F1C74-5A6B-4C1B-BBCE-05E53BED615E@yahoo.com>
2026-05-03 04:30:32,833 - INFO - Skipping already-processed message ID: <CF815BF6-F0CF-42BC-8956-F9AEA2E7A053@yahoo.com>
2026-05-03 04:30:32,833 - INFO - Skipping already-processed message ID: <E7CA10BA-6536-4481-BA1A-E0DAAFF3E63E@yahoo.com>
2026-05-03 04:30:32,833 - INFO - Skipping already-processed message ID: <06787DDD-1890-48CE-BA09-46B7B4AB7B53@yahoo.com>
2026-05-03 04:30:32,833 - INFO - Skipping already-processed message ID: <56406ED9-2A10-40A7-83ED-8CC1FDAD274D@yahoo.com>
2026-05-03 04:30:32,833 - INFO - Skipping already-processed message ID: <F593F874-3F7A-47E7-8C65-3ED650CF0D68@yahoo.com>
2026-05-03 04:30:32,833 - INFO - ℹ️ No new links found
2026-05-03 04:30:53,172 - INFO - 📧 Processing 20 emails...
2026-05-03 04:30:53,172 - INFO - Loading sent links...
2026-05-03 04:30:53,172 - INFO - Loaded 16 previously sent links, 26 processed message IDs
2026-05-03 04:30:53,172 - INFO - Skipping already-processed message ID: <BB136B87-2299-4B89-9A2E-B446E52DFA50@yahoo.com>
2026-05-03 04:30:53,172 - INFO - Skipping already-processed message ID: <06D43F41-BB9A-4D85-9127-6E51FC50D7FD@yahoo.com>
2026-05-03 04:30:53,172 - INFO - Skipping already-processed message ID: <957111A2-0F6C-4A9D-9ED6-D3B685869E33@yahoo.com>
2026-05-03 04:30:53,172 - INFO - Skipping already-processed message ID: <F0E3D771-4716-472B-B375-8FCD1704055A@yahoo.com>
2026-05-03 04:30:53,172 - INFO - Skipping already-processed message ID: <2AE4154D-4DE9-4188-8CD9-BA433528599C@yahoo.com>
2026-05-03 04:30:53,173 - INFO - Skipping already-processed message ID: <2BB0CCC4-735B-4A5F-8019-A3B7CCC74D03@yahoo.com>
2026-05-03 04:30:53,173 - INFO - Skipping already-processed message ID: <797218A6-4A17-4B87-B429-61B02C7183AD@yahoo.com>
2026-05-03 04:30:53,173 - INFO - Skipping already-processed message ID: <27873746-1170-475E-9C21-7CE95948A671@yahoo.com>
2026-05-03 04:30:53,173 - INFO - Skipping already-processed message ID: <22764553-180E-42BB-9898-BC855B10E550@yahoo.com>
2026-05-03 04:30:53,173 - INFO - Skipping already-processed message ID: <C3317370-D2F5-409D-8D13-85A2F90FC6DB@yahoo.com>
2026-05-03 04:30:53,173 - INFO - Skipping already-processed message ID: <0100019de822820b-cbbf2f75-c1ed-469c-85df-98c1ab947266-000000@email.amazonses.com>
2026-05-03 04:30:53,173 - INFO - Skipping already-processed message ID: <F5FDBF7F-24C1-41B6-9793-F672681D2827@yahoo.com>
2026-05-03 04:30:53,173 - INFO - Skipping already-processed message ID: <7E3878D1-7A25-4DB5-AB91-558C9CE7A009@yahoo.com>
2026-05-03 04:30:53,173 - INFO - Skipping already-processed message ID: <1DAA720E-E8A6-4C3D-98DA-141AE8AE8BF9@yahoo.com>
2026-05-03 04:30:53,173 - INFO - Skipping already-processed message ID: <660F1C74-5A6B-4C1B-BBCE-05E53BED615E@yahoo.com>
2026-05-03 04:30:53,173 - INFO - Skipping already-processed message ID: <CF815BF6-F0CF-42BC-8956-F9AEA2E7A053@yahoo.com>
2026-05-03 04:30:53,173 - INFO - Skipping already-processed message ID: <E7CA10BA-6536-4481-BA1A-E0DAAFF3E63E@yahoo.com>
2026-05-03 04:30:53,173 - INFO - Skipping already-processed message ID: <06787DDD-1890-48CE-BA09-46B7B4AB7B53@yahoo.com>
2026-05-03 04:30:53,173 - INFO - Skipping already-processed message ID: <56406ED9-2A10-40A7-83ED-8CC1FDAD274D@yahoo.com>
2026-05-03 04:30:53,173 - INFO - Skipping already-processed message ID: <F593F874-3F7A-47E7-8C65-3ED650CF0D68@yahoo.com>
2026-05-03 04:30:53,173 - INFO - ℹ️ No new links found
2026-05-03 04:50:17,610 - INFO - 📧 Processing 20 emails...
2026-05-03 04:50:17,610 - INFO - Loading sent links...
2026-05-03 04:50:17,610 - INFO - Loaded 16 previously sent links, 26 processed message IDs
2026-05-03 04:50:17,610 - INFO - Skipping already-processed message ID: <BB136B87-2299-4B89-9A2E-B446E52DFA50@yahoo.com>
2026-05-03 04:50:17,610 - INFO - Skipping already-processed message ID: <06D43F41-BB9A-4D85-9127-6E51FC50D7FD@yahoo.com>
2026-05-03 04:50:17,611 - INFO - Skipping already-processed message ID: <957111A2-0F6C-4A9D-9ED6-D3B685869E33@yahoo.com>
2026-05-03 04:50:17,611 - INFO - Skipping already-processed message ID: <F0E3D771-4716-472B-B375-8FCD1704055A@yahoo.com>
2026-05-03 04:50:17,611 - INFO - Skipping already-processed message ID: <2AE4154D-4DE9-4188-8CD9-BA433528599C@yahoo.com>
2026-05-03 04:50:17,611 - INFO - Skipping already-processed message ID: <2BB0CCC4-735B-4A5F-8019-A3B7CCC74D03@yahoo.com>
2026-05-03 04:50:17,611 - INFO - Skipping already-processed message ID: <797218A6-4A17-4B87-B429-61B02C7183AD@yahoo.com>
2026-05-03 04:50:17,611 - INFO - Skipping already-processed message ID: <27873746-1170-475E-9C21-7CE95948A671@yahoo.com>
2026-05-03 04:50:17,611 - INFO - Skipping already-processed message ID: <22764553-180E-42BB-9898-BC855B10E550@yahoo.com>
2026-05-03 04:50:17,611 - INFO - Skipping already-processed message ID: <C3317370-D2F5-409D-8D13-85A2F90FC6DB@yahoo.com>
2026-05-03 04:50:17,611 - INFO - Skipping already-processed message ID: <0100019de822820b-cbbf2f75-c1ed-469c-85df-98c1ab947266-000000@email.amazonses.com>
2026-05-03 04:50:17,611 - INFO - Skipping already-processed message ID: <F5FDBF7F-24C1-41B6-9793-F672681D2827@yahoo.com>
2026-05-03 04:50:17,611 - INFO - Skipping already-processed message ID: <7E3878D1-7A25-4DB5-AB91-558C9CE7A009@yahoo.com>
2026-05-03 04:50:17,611 - INFO - Skipping already-processed message ID: <1DAA720E-E8A6-4C3D-98DA-141AE8AE8BF9@yahoo.com>
2026-05-03 04:50:17,611 - INFO - Skipping already-processed message ID: <660F1C74-5A6B-4C1B-BBCE-05E53BED615E@yahoo.com>
2026-05-03 04:50:17,611 - INFO - Skipping already-processed message ID: <CF815BF6-F0CF-42BC-8956-F9AEA2E7A053@yahoo.com>
2026-05-03 04:50:17,611 - INFO - Skipping already-processed message ID: <E7CA10BA-6536-4481-BA1A-E0DAAFF3E63E@yahoo.com>
2026-05-03 04:50:17,611 - INFO - Skipping already-processed message ID: <06787DDD-1890-48CE-BA09-46B7B4AB7B53@yahoo.com>
2026-05-03 04:50:17,611 - INFO - Skipping already-processed message ID: <56406ED9-2A10-40A7-83ED-8CC1FDAD274D@yahoo.com>
2026-05-03 04:50:17,611 - INFO - Skipping already-processed message ID: <F593F874-3F7A-47E7-8C65-3ED650CF0D68@yahoo.com>
2026-05-03 04:50:17,611 - INFO - ℹ️ No new links found
2026-05-03 04:51:19,779 - INFO - 📧 Processing 20 emails...
2026-05-03 04:51:19,779 - INFO - Loading sent links...
2026-05-03 04:51:19,779 - INFO - Loaded 16 previously sent links, 26 processed message IDs
2026-05-03 04:51:19,779 - INFO - Skipping already-processed message ID: <BB136B87-2299-4B89-9A2E-B446E52DFA50@yahoo.com>
2026-05-03 04:51:19,779 - INFO - Skipping already-processed message ID: <06D43F41-BB9A-4D85-9127-6E51FC50D7FD@yahoo.com>
2026-05-03 04:51:19,779 - INFO - Skipping already-processed message ID: <957111A2-0F6C-4A9D-9ED6-D3B685869E33@yahoo.com>
2026-05-03 04:51:19,779 - INFO - Skipping already-processed message ID: <F0E3D771-4716-472B-B375-8FCD1704055A@yahoo.com>
2026-05-03 04:51:19,779 - INFO - Skipping already-processed message ID: <2AE4154D-4DE9-4188-8CD9-BA433528599C@yahoo.com>
2026-05-03 04:51:19,780 - INFO - Skipping already-processed message ID: <2BB0CCC4-735B-4A5F-8019-A3B7CCC74D03@yahoo.com>
2026-05-03 04:51:19,780 - INFO - Skipping already-processed message ID: <797218A6-4A17-4B87-B429-61B02C7183AD@yahoo.com>
2026-05-03 04:51:19,780 - INFO - Skipping already-processed message ID: <27873746-1170-475E-9C21-7CE95948A671@yahoo.com>
2026-05-03 04:51:19,780 - INFO - Skipping already-processed message ID: <22764553-180E-42BB-9898-BC855B10E550@yahoo.com>
2026-05-03 04:51:19,780 - INFO - Skipping already-processed message ID: <C3317370-D2F5-409D-8D13-85A2F90FC6DB@yahoo.com>
2026-05-03 04:51:19,780 - INFO - Skipping already-processed message ID: <0100019de822820b-cbbf2f75-c1ed-469c-85df-98c1ab947266-000000@email.amazonses.com>
2026-05-03 04:51:19,780 - INFO - Skipping already-processed message ID: <F5FDBF7F-24C1-41B6-9793-F672681D2827@yahoo.com>
2026-05-03 04:51:19,780 - INFO - Skipping already-processed message ID: <7E3878D1-7A25-4DB5-AB91-558C9CE7A009@yahoo.com>
2026-05-03 04:51:19,780 - INFO - Skipping already-processed message ID: <1DAA720E-E8A6-4C3D-98DA-141AE8AE8BF9@yahoo.com>
2026-05-03 04:51:19,780 - INFO - Skipping already-processed message ID: <660F1C74-5A6B-4C1B-BBCE-05E53BED615E@yahoo.com>
2026-05-03 04:51:19,780 - INFO - Skipping already-processed message ID: <CF815BF6-F0CF-42BC-8956-F9AEA2E7A053@yahoo.com>
2026-05-03 04:51:19,780 - INFO - Skipping already-processed message ID: <E7CA10BA-6536-4481-BA1A-E0DAAFF3E63E@yahoo.com>
2026-05-03 04:51:19,780 - INFO - Skipping already-processed message ID: <06787DDD-1890-48CE-BA09-46B7B4AB7B53@yahoo.com>
2026-05-03 04:51:19,780 - INFO - Skipping already-processed message ID: <56406ED9-2A10-40A7-83ED-8CC1FDAD274D@yahoo.com>
2026-05-03 04:51:19,780 - INFO - Skipping already-processed message ID: <F593F874-3F7A-47E7-8C65-3ED650CF0D68@yahoo.com>
2026-05-03 04:51:19,780 - INFO - ℹ️ No new links found
2026-05-03 05:00:17,819 - INFO - 📧 Processing 20 emails...
2026-05-03 05:00:17,819 - INFO - Loading sent links...
2026-05-03 05:00:17,820 - INFO - Loaded 16 previously sent links, 26 processed message IDs
2026-05-03 05:00:17,820 - INFO - Skipping already-processed message ID: <BB136B87-2299-4B89-9A2E-B446E52DFA50@yahoo.com>
2026-05-03 05:00:17,820 - INFO - Skipping already-processed message ID: <06D43F41-BB9A-4D85-9127-6E51FC50D7FD@yahoo.com>
2026-05-03 05:00:17,820 - INFO - Skipping already-processed message ID: <957111A2-0F6C-4A9D-9ED6-D3B685869E33@yahoo.com>
2026-05-03 05:00:17,820 - INFO - Skipping already-processed message ID: <F0E3D771-4716-472B-B375-8FCD1704055A@yahoo.com>
2026-05-03 05:00:17,820 - INFO - Skipping already-processed message ID: <2AE4154D-4DE9-4188-8CD9-BA433528599C@yahoo.com>
2026-05-03 05:00:17,820 - INFO - Skipping already-processed message ID: <2BB0CCC4-735B-4A5F-8019-A3B7CCC74D03@yahoo.com>
2026-05-03 05:00:17,820 - INFO - Skipping already-processed message ID: <797218A6-4A17-4B87-B429-61B02C7183AD@yahoo.com>
2026-05-03 05:00:17,820 - INFO - Skipping already-processed message ID: <27873746-1170-475E-9C21-7CE95948A671@yahoo.com>
2026-05-03 05:00:17,820 - INFO - Skipping already-processed message ID: <22764553-180E-42BB-9898-BC855B10E550@yahoo.com>
2026-05-03 05:00:17,820 - INFO - Skipping already-processed message ID: <C3317370-D2F5-409D-8D13-85A2F90FC6DB@yahoo.com>
2026-05-03 05:00:17,820 - INFO - Skipping already-processed message ID: <0100019de822820b-cbbf2f75-c1ed-469c-85df-98c1ab947266-000000@email.amazonses.com>
2026-05-03 05:00:17,821 - INFO - Skipping already-processed message ID: <F5FDBF7F-24C1-41B6-9793-F672681D2827@yahoo.com>
2026-05-03 05:00:17,821 - INFO - Skipping already-processed message ID: <7E3878D1-7A25-4DB5-AB91-558C9CE7A009@yahoo.com>
2026-05-03 05:00:17,821 - INFO - Skipping already-processed message ID: <1DAA720E-E8A6-4C3D-98DA-141AE8AE8BF9@yahoo.com>
2026-05-03 05:00:17,821 - INFO - Skipping already-processed message ID: <660F1C74-5A6B-4C1B-BBCE-05E53BED615E@yahoo.com>
2026-05-03 05:00:17,821 - INFO - Skipping already-processed message ID: <CF815BF6-F0CF-42BC-8956-F9AEA2E7A053@yahoo.com>
2026-05-03 05:00:17,821 - INFO - Skipping already-processed message ID: <E7CA10BA-6536-4481-BA1A-E0DAAFF3E63E@yahoo.com>
2026-05-03 05:00:17,821 - INFO - Skipping already-processed message ID: <06787DDD-1890-48CE-BA09-46B7B4AB7B53@yahoo.com>
2026-05-03 05:00:17,821 - INFO - Skipping already-processed message ID: <56406ED9-2A10-40A7-83ED-8CC1FDAD274D@yahoo.com>
2026-05-03 05:00:17,821 - INFO - Skipping already-processed message ID: <F593F874-3F7A-47E7-8C65-3ED650CF0D68@yahoo.com>
2026-05-03 05:00:17,821 - INFO - ℹ️ No new links found
2026-05-03 05:31:24,934 - INFO - 📧 Processing 20 emails...
2026-05-03 05:31:24,935 - INFO - Loading sent links...
2026-05-03 05:31:24,935 - INFO - Loaded 16 previously sent links, 26 processed message IDs
2026-05-03 05:31:24,935 - INFO - Skipping already-processed message ID: <BB136B87-2299-4B89-9A2E-B446E52DFA50@yahoo.com>
2026-05-03 05:31:24,935 - INFO - Skipping already-processed message ID: <06D43F41-BB9A-4D85-9127-6E51FC50D7FD@yahoo.com>
2026-05-03 05:31:24,935 - INFO - Skipping already-processed message ID: <957111A2-0F6C-4A9D-9ED6-D3B685869E33@yahoo.com>
2026-05-03 05:31:24,935 - INFO - Skipping already-processed message ID: <F0E3D771-4716-472B-B375-8FCD1704055A@yahoo.com>
2026-05-03 05:31:24,935 - INFO - Skipping already-processed message ID: <2AE4154D-4DE9-4188-8CD9-BA433528599C@yahoo.com>
2026-05-03 05:31:24,935 - INFO - Skipping already-processed message ID: <2BB0CCC4-735B-4A5F-8019-A3B7CCC74D03@yahoo.com>
2026-05-03 05:31:24,935 - INFO - Skipping already-processed message ID: <797218A6-4A17-4B87-B429-61B02C7183AD@yahoo.com>
2026-05-03 05:31:24,936 - INFO - Skipping already-processed message ID: <27873746-1170-475E-9C21-7CE95948A671@yahoo.com>
2026-05-03 05:31:24,936 - INFO - Skipping already-processed message ID: <22764553-180E-42BB-9898-BC855B10E550@yahoo.com>
2026-05-03 05:31:24,936 - INFO - Skipping already-processed message ID: <C3317370-D2F5-409D-8D13-85A2F90FC6DB@yahoo.com>
2026-05-03 05:31:24,936 - INFO - Skipping already-processed message ID: <0100019de822820b-cbbf2f75-c1ed-469c-85df-98c1ab947266-000000@email.amazonses.com>
2026-05-03 05:31:24,936 - INFO - Skipping already-processed message ID: <F5FDBF7F-24C1-41B6-9793-F672681D2827@yahoo.com>
2026-05-03 05:31:24,936 - INFO - Skipping already-processed message ID: <7E3878D1-7A25-4DB5-AB91-558C9CE7A009@yahoo.com>
2026-05-03 05:31:24,936 - INFO - Skipping already-processed message ID: <1DAA720E-E8A6-4C3D-98DA-141AE8AE8BF9@yahoo.com>
2026-05-03 05:31:24,936 - INFO - Skipping already-processed message ID: <660F1C74-5A6B-4C1B-BBCE-05E53BED615E@yahoo.com>
2026-05-03 05:31:24,936 - INFO - Skipping already-processed message ID: <CF815BF6-F0CF-42BC-8956-F9AEA2E7A053@yahoo.com>
2026-05-03 05:31:24,936 - INFO - Skipping already-processed message ID: <E7CA10BA-6536-4481-BA1A-E0DAAFF3E63E@yahoo.com>
2026-05-03 05:31:24,936 - INFO - Skipping already-processed message ID: <06787DDD-1890-48CE-BA09-46B7B4AB7B53@yahoo.com>
2026-05-03 05:31:24,936 - INFO - Skipping already-processed message ID: <56406ED9-2A10-40A7-83ED-8CC1FDAD274D@yahoo.com>
2026-05-03 05:31:24,936 - INFO - Skipping already-processed message ID: <F593F874-3F7A-47E7-8C65-3ED650CF0D68@yahoo.com>
2026-05-03 05:31:24,936 - INFO - ℹ️ No new links found
2026-05-03 05:50:20,586 - INFO - 📧 Processing 20 emails...
2026-05-03 05:50:20,586 - INFO - Loading sent links...
2026-05-03 05:50:20,587 - INFO - Loaded 16 previously sent links, 26 processed message IDs
2026-05-03 05:50:20,587 - INFO - Skipping already-processed message ID: <BB136B87-2299-4B89-9A2E-B446E52DFA50@yahoo.com>
2026-05-03 05:50:20,587 - INFO - Skipping already-processed message ID: <06D43F41-BB9A-4D85-9127-6E51FC50D7FD@yahoo.com>
2026-05-03 05:50:20,587 - INFO - Skipping already-processed message ID: <957111A2-0F6C-4A9D-9ED6-D3B685869E33@yahoo.com>
2026-05-03 05:50:20,587 - INFO - Skipping already-processed message ID: <F0E3D771-4716-472B-B375-8FCD1704055A@yahoo.com>
2026-05-03 05:50:20,587 - INFO - Skipping already-processed message ID: <2AE4154D-4DE9-4188-8CD9-BA433528599C@yahoo.com>
2026-05-03 05:50:20,587 - INFO - Skipping already-processed message ID: <2BB0CCC4-735B-4A5F-8019-A3B7CCC74D03@yahoo.com>
2026-05-03 05:50:20,587 - INFO - Skipping already-processed message ID: <797218A6-4A17-4B87-B429-61B02C7183AD@yahoo.com>
2026-05-03 05:50:20,587 - INFO - Skipping already-processed message ID: <27873746-1170-475E-9C21-7CE95948A671@yahoo.com>
2026-05-03 05:50:20,587 - INFO - Skipping already-processed message ID: <22764553-180E-42BB-9898-BC855B10E550@yahoo.com>
2026-05-03 05:50:20,587 - INFO - Skipping already-processed message ID: <C3317370-D2F5-409D-8D13-85A2F90FC6DB@yahoo.com>
2026-05-03 05:50:20,587 - INFO - Skipping already-processed message ID: <0100019de822820b-cbbf2f75-c1ed-469c-85df-98c1ab947266-000000@email.amazonses.com>
2026-05-03 05:50:20,587 - INFO - Skipping already-processed message ID: <F5FDBF7F-24C1-41B6-9793-F672681D2827@yahoo.com>
2026-05-03 05:50:20,587 - INFO - Skipping already-processed message ID: <7E3878D1-7A25-4DB5-AB91-558C9CE7A009@yahoo.com>
2026-05-03 05:50:20,587 - INFO - Skipping already-processed message ID: <1DAA720E-E8A6-4C3D-98DA-141AE8AE8BF9@yahoo.com>
2026-05-03 05:50:20,588 - INFO - Skipping already-processed message ID: <660F1C74-5A6B-4C1B-BBCE-05E53BED615E@yahoo.com>
2026-05-03 05:50:20,588 - INFO - Skipping already-processed message ID: <CF815BF6-F0CF-42BC-8956-F9AEA2E7A053@yahoo.com>
2026-05-03 05:50:20,588 - INFO - Skipping already-processed message ID: <E7CA10BA-6536-4481-BA1A-E0DAAFF3E63E@yahoo.com>
2026-05-03 05:50:20,588 - INFO - Skipping already-processed message ID: <06787DDD-1890-48CE-BA09-46B7B4AB7B53@yahoo.com>
2026-05-03 05:50:20,588 - INFO - Skipping already-processed message ID: <56406ED9-2A10-40A7-83ED-8CC1FDAD274D@yahoo.com>
2026-05-03 05:50:20,588 - INFO - Skipping already-processed message ID: <F593F874-3F7A-47E7-8C65-3ED650CF0D68@yahoo.com>
2026-05-03 05:50:20,588 - INFO - ℹ️ No new links found
2026-05-03 06:10:32,280 - INFO - 📧 Processing 20 emails...
2026-05-03 06:10:32,281 - INFO - Loading sent links...
2026-05-03 06:10:32,281 - INFO - Loaded 16 previously sent links, 26 processed message IDs
2026-05-03 06:10:32,282 - INFO - Processing message ID: <0100019ded4898fa-aae9c82a-cf76-41f8-8c3d-402c31b8a7ed-000000@email.amazonses.com>
2026-05-03 06:10:32,363 - INFO - Subject: Hour-by-hour Weather Forecast for Today (°F)
2026-05-03 06:10:32,363 - INFO - Skipping already-processed message ID: <BB136B87-2299-4B89-9A2E-B446E52DFA50@yahoo.com>
2026-05-03 06:10:32,363 - INFO - Skipping already-processed message ID: <06D43F41-BB9A-4D85-9127-6E51FC50D7FD@yahoo.com>
2026-05-03 06:10:32,363 - INFO - Skipping already-processed message ID: <957111A2-0F6C-4A9D-9ED6-D3B685869E33@yahoo.com>
2026-05-03 06:10:32,363 - INFO - Skipping already-processed message ID: <F0E3D771-4716-472B-B375-8FCD1704055A@yahoo.com>
2026-05-03 06:10:32,363 - INFO - Skipping already-processed message ID: <2AE4154D-4DE9-4188-8CD9-BA433528599C@yahoo.com>
2026-05-03 06:10:32,363 - INFO - Skipping already-processed message ID: <2BB0CCC4-735B-4A5F-8019-A3B7CCC74D03@yahoo.com>
2026-05-03 06:10:32,363 - INFO - Skipping already-processed message ID: <797218A6-4A17-4B87-B429-61B02C7183AD@yahoo.com>
2026-05-03 06:10:32,363 - INFO - Skipping already-processed message ID: <27873746-1170-475E-9C21-7CE95948A671@yahoo.com>
2026-05-03 06:10:32,363 - INFO - Skipping already-processed message ID: <22764553-180E-42BB-9898-BC855B10E550@yahoo.com>
2026-05-03 06:10:32,363 - INFO - Skipping already-processed message ID: <C3317370-D2F5-409D-8D13-85A2F90FC6DB@yahoo.com>
2026-05-03 06:10:32,364 - INFO - Skipping already-processed message ID: <0100019de822820b-cbbf2f75-c1ed-469c-85df-98c1ab947266-000000@email.amazonses.com>
2026-05-03 06:10:32,364 - INFO - Skipping already-processed message ID: <F5FDBF7F-24C1-41B6-9793-F672681D2827@yahoo.com>
2026-05-03 06:10:32,364 - INFO - Skipping already-processed message ID: <7E3878D1-7A25-4DB5-AB91-558C9CE7A009@yahoo.com>
2026-05-03 06:10:32,364 - INFO - Skipping already-processed message ID: <1DAA720E-E8A6-4C3D-98DA-141AE8AE8BF9@yahoo.com>
2026-05-03 06:10:32,364 - INFO - Skipping already-processed message ID: <660F1C74-5A6B-4C1B-BBCE-05E53BED615E@yahoo.com>
2026-05-03 06:10:32,364 - INFO - Skipping already-processed message ID: <CF815BF6-F0CF-42BC-8956-F9AEA2E7A053@yahoo.com>
2026-05-03 06:10:32,364 - INFO - Skipping already-processed message ID: <E7CA10BA-6536-4481-BA1A-E0DAAFF3E63E@yahoo.com>
2026-05-03 06:10:32,364 - INFO - Skipping already-processed message ID: <06787DDD-1890-48CE-BA09-46B7B4AB7B53@yahoo.com>
2026-05-03 06:10:32,364 - INFO - Skipping already-processed message ID: <56406ED9-2A10-40A7-83ED-8CC1FDAD274D@yahoo.com>
2026-05-03 06:10:32,364 - INFO - ℹ️ No new links found
2026-05-03 06:40:24,059 - INFO - 📧 Processing 20 emails...
2026-05-03 06:40:24,059 - INFO - Loading sent links...
2026-05-03 06:40:24,059 - INFO - Loaded 16 previously sent links, 27 processed message IDs
2026-05-03 06:40:24,059 - INFO - Skipping already-processed message ID: <0100019ded4898fa-aae9c82a-cf76-41f8-8c3d-402c31b8a7ed-000000@email.amazonses.com>
2026-05-03 06:40:24,060 - INFO - Skipping already-processed message ID: <BB136B87-2299-4B89-9A2E-B446E52DFA50@yahoo.com>
2026-05-03 06:40:24,060 - INFO - Skipping already-processed message ID: <06D43F41-BB9A-4D85-9127-6E51FC50D7FD@yahoo.com>
2026-05-03 06:40:24,060 - INFO - Skipping already-processed message ID: <957111A2-0F6C-4A9D-9ED6-D3B685869E33@yahoo.com>
2026-05-03 06:40:24,060 - INFO - Skipping already-processed message ID: <F0E3D771-4716-472B-B375-8FCD1704055A@yahoo.com>
2026-05-03 06:40:24,060 - INFO - Skipping already-processed message ID: <2AE4154D-4DE9-4188-8CD9-BA433528599C@yahoo.com>
2026-05-03 06:40:24,060 - INFO - Skipping already-processed message ID: <2BB0CCC4-735B-4A5F-8019-A3B7CCC74D03@yahoo.com>
2026-05-03 06:40:24,060 - INFO - Skipping already-processed message ID: <797218A6-4A17-4B87-B429-61B02C7183AD@yahoo.com>
2026-05-03 06:40:24,060 - INFO - Skipping already-processed message ID: <27873746-1170-475E-9C21-7CE95948A671@yahoo.com>
2026-05-03 06:40:24,060 - INFO - Skipping already-processed message ID: <22764553-180E-42BB-9898-BC855B10E550@yahoo.com>
2026-05-03 06:40:24,060 - INFO - Skipping already-processed message ID: <C3317370-D2F5-409D-8D13-85A2F90FC6DB@yahoo.com>
2026-05-03 06:40:24,060 - INFO - Skipping already-processed message ID: <0100019de822820b-cbbf2f75-c1ed-469c-85df-98c1ab947266-000000@email.amazonses.com>
2026-05-03 06:40:24,060 - INFO - Skipping already-processed message ID: <F5FDBF7F-24C1-41B6-9793-F672681D2827@yahoo.com>
2026-05-03 06:40:24,060 - INFO - Skipping already-processed message ID: <7E3878D1-7A25-4DB5-AB91-558C9CE7A009@yahoo.com>
2026-05-03 06:40:24,060 - INFO - Skipping already-processed message ID: <1DAA720E-E8A6-4C3D-98DA-141AE8AE8BF9@yahoo.com>
2026-05-03 06:40:24,060 - INFO - Skipping already-processed message ID: <660F1C74-5A6B-4C1B-BBCE-05E53BED615E@yahoo.com>
2026-05-03 06:40:24,060 - INFO - Skipping already-processed message ID: <CF815BF6-F0CF-42BC-8956-F9AEA2E7A053@yahoo.com>
2026-05-03 06:40:24,060 - INFO - Skipping already-processed message ID: <E7CA10BA-6536-4481-BA1A-E0DAAFF3E63E@yahoo.com>
2026-05-03 06:40:24,060 - INFO - Skipping already-processed message ID: <06787DDD-1890-48CE-BA09-46B7B4AB7B53@yahoo.com>
2026-05-03 06:40:24,060 - INFO - Skipping already-processed message ID: <56406ED9-2A10-40A7-83ED-8CC1FDAD274D@yahoo.com>
2026-05-03 06:40:24,060 - INFO - ℹ️ No new links found
2026-05-03 06:40:36,141 - INFO - 📧 Processing 20 emails...
2026-05-03 06:40:36,141 - INFO - Loading sent links...
2026-05-03 06:40:36,141 - INFO - Loaded 16 previously sent links, 27 processed message IDs
2026-05-03 06:40:36,141 - INFO - Skipping already-processed message ID: <0100019ded4898fa-aae9c82a-cf76-41f8-8c3d-402c31b8a7ed-000000@email.amazonses.com>
2026-05-03 06:40:36,141 - INFO - Skipping already-processed message ID: <BB136B87-2299-4B89-9A2E-B446E52DFA50@yahoo.com>
2026-05-03 06:40:36,142 - INFO - Skipping already-processed message ID: <06D43F41-BB9A-4D85-9127-6E51FC50D7FD@yahoo.com>
2026-05-03 06:40:36,142 - INFO - Skipping already-processed message ID: <957111A2-0F6C-4A9D-9ED6-D3B685869E33@yahoo.com>
2026-05-03 06:40:36,142 - INFO - Skipping already-processed message ID: <F0E3D771-4716-472B-B375-8FCD1704055A@yahoo.com>
2026-05-03 06:40:36,142 - INFO - Skipping already-processed message ID: <2AE4154D-4DE9-4188-8CD9-BA433528599C@yahoo.com>
2026-05-03 06:40:36,142 - INFO - Skipping already-processed message ID: <2BB0CCC4-735B-4A5F-8019-A3B7CCC74D03@yahoo.com>
2026-05-03 06:40:36,142 - INFO - Skipping already-processed message ID: <797218A6-4A17-4B87-B429-61B02C7183AD@yahoo.com>
2026-05-03 06:40:36,142 - INFO - Skipping already-processed message ID: <27873746-1170-475E-9C21-7CE95948A671@yahoo.com>
2026-05-03 06:40:36,142 - INFO - Skipping already-processed message ID: <22764553-180E-42BB-9898-BC855B10E550@yahoo.com>
2026-05-03 06:40:36,142 - INFO - Skipping already-processed message ID: <C3317370-D2F5-409D-8D13-85A2F90FC6DB@yahoo.com>
2026-05-03 06:40:36,142 - INFO - Skipping already-processed message ID: <0100019de822820b-cbbf2f75-c1ed-469c-85df-98c1ab947266-000000@email.amazonses.com>
2026-05-03 06:40:36,142 - INFO - Skipping already-processed message ID: <F5FDBF7F-24C1-41B6-9793-F672681D2827@yahoo.com>
2026-05-03 06:40:36,142 - INFO - Skipping already-processed message ID: <7E3878D1-7A25-4DB5-AB91-558C9CE7A009@yahoo.com>
2026-05-03 06:40:36,142 - INFO - Skipping already-processed message ID: <1DAA720E-E8A6-4C3D-98DA-141AE8AE8BF9@yahoo.com>
2026-05-03 06:40:36,142 - INFO - Skipping already-processed message ID: <660F1C74-5A6B-4C1B-BBCE-05E53BED615E@yahoo.com>
2026-05-03 06:40:36,142 - INFO - Skipping already-processed message ID: <CF815BF6-F0CF-42BC-8956-F9AEA2E7A053@yahoo.com>
2026-05-03 06:40:36,142 - INFO - Skipping already-processed message ID: <E7CA10BA-6536-4481-BA1A-E0DAAFF3E63E@yahoo.com>
2026-05-03 06:40:36,142 - INFO - Skipping already-processed message ID: <06787DDD-1890-48CE-BA09-46B7B4AB7B53@yahoo.com>
2026-05-03 06:40:36,142 - INFO - Skipping already-processed message ID: <56406ED9-2A10-40A7-83ED-8CC1FDAD274D@yahoo.com>
2026-05-03 06:40:36,142 - INFO - ℹ️ No new links found
2026-05-03 06:50:49,907 - INFO - 📧 Processing 20 emails...
2026-05-03 06:50:49,907 - INFO - Loading sent links...
2026-05-03 06:50:49,907 - INFO - Loaded 16 previously sent links, 27 processed message IDs
2026-05-03 06:50:49,907 - INFO - Skipping already-processed message ID: <0100019ded4898fa-aae9c82a-cf76-41f8-8c3d-402c31b8a7ed-000000@email.amazonses.com>
2026-05-03 06:50:49,907 - INFO - Skipping already-processed message ID: <BB136B87-2299-4B89-9A2E-B446E52DFA50@yahoo.com>
2026-05-03 06:50:49,907 - INFO - Skipping already-processed message ID: <06D43F41-BB9A-4D85-9127-6E51FC50D7FD@yahoo.com>
2026-05-03 06:50:49,907 - INFO - Skipping already-processed message ID: <957111A2-0F6C-4A9D-9ED6-D3B685869E33@yahoo.com>
2026-05-03 06:50:49,907 - INFO - Skipping already-processed message ID: <F0E3D771-4716-472B-B375-8FCD1704055A@yahoo.com>
2026-05-03 06:50:49,907 - INFO - Skipping already-processed message ID: <2AE4154D-4DE9-4188-8CD9-BA433528599C@yahoo.com>
2026-05-03 06:50:49,907 - INFO - Skipping already-processed message ID: <2BB0CCC4-735B-4A5F-8019-A3B7CCC74D03@yahoo.com>
2026-05-03 06:50:49,907 - INFO - Skipping already-processed message ID: <797218A6-4A17-4B87-B429-61B02C7183AD@yahoo.com>
2026-05-03 06:50:49,907 - INFO - Skipping already-processed message ID: <27873746-1170-475E-9C21-7CE95948A671@yahoo.com>
2026-05-03 06:50:49,907 - INFO - Skipping already-processed message ID: <22764553-180E-42BB-9898-BC855B10E550@yahoo.com>
2026-05-03 06:50:49,907 - INFO - Skipping already-processed message ID: <C3317370-D2F5-409D-8D13-85A2F90FC6DB@yahoo.com>
2026-05-03 06:50:49,907 - INFO - Skipping already-processed message ID: <0100019de822820b-cbbf2f75-c1ed-469c-85df-98c1ab947266-000000@email.amazonses.com>
2026-05-03 06:50:49,908 - INFO - Skipping already-processed message ID: <F5FDBF7F-24C1-41B6-9793-F672681D2827@yahoo.com>
2026-05-03 06:50:49,908 - INFO - Skipping already-processed message ID: <7E3878D1-7A25-4DB5-AB91-558C9CE7A009@yahoo.com>
2026-05-03 06:50:49,908 - INFO - Skipping already-processed message ID: <1DAA720E-E8A6-4C3D-98DA-141AE8AE8BF9@yahoo.com>
2026-05-03 06:50:49,908 - INFO - Skipping already-processed message ID: <660F1C74-5A6B-4C1B-BBCE-05E53BED615E@yahoo.com>
2026-05-03 06:50:49,908 - INFO - Skipping already-processed message ID: <CF815BF6-F0CF-42BC-8956-F9AEA2E7A053@yahoo.com>
2026-05-03 06:50:49,908 - INFO - Skipping already-processed message ID: <E7CA10BA-6536-4481-BA1A-E0DAAFF3E63E@yahoo.com>
2026-05-03 06:50:49,908 - INFO - Skipping already-processed message ID: <06787DDD-1890-48CE-BA09-46B7B4AB7B53@yahoo.com>
2026-05-03 06:50:49,908 - INFO - Skipping already-processed message ID: <56406ED9-2A10-40A7-83ED-8CC1FDAD274D@yahoo.com>
2026-05-03 06:50:49,908 - INFO - ℹ️ No new links found
2026-05-03 07:00:45,718 - INFO - 📧 Processing 20 emails...
2026-05-03 07:00:45,718 - INFO - Loading sent links...
2026-05-03 07:00:45,718 - INFO - Loaded 16 previously sent links, 27 processed message IDs
2026-05-03 07:00:45,718 - INFO - Skipping already-processed message ID: <0100019ded4898fa-aae9c82a-cf76-41f8-8c3d-402c31b8a7ed-000000@email.amazonses.com>
2026-05-03 07:00:45,718 - INFO - Skipping already-processed message ID: <BB136B87-2299-4B89-9A2E-B446E52DFA50@yahoo.com>
2026-05-03 07:00:45,719 - INFO - Skipping already-processed message ID: <06D43F41-BB9A-4D85-9127-6E51FC50D7FD@yahoo.com>
2026-05-03 07:00:45,719 - INFO - Skipping already-processed message ID: <957111A2-0F6C-4A9D-9ED6-D3B685869E33@yahoo.com>
2026-05-03 07:00:45,719 - INFO - Skipping already-processed message ID: <F0E3D771-4716-472B-B375-8FCD1704055A@yahoo.com>
2026-05-03 07:00:45,719 - INFO - Skipping already-processed message ID: <2AE4154D-4DE9-4188-8CD9-BA433528599C@yahoo.com>
2026-05-03 07:00:45,719 - INFO - Skipping already-processed message ID: <2BB0CCC4-735B-4A5F-8019-A3B7CCC74D03@yahoo.com>
2026-05-03 07:00:45,719 - INFO - Skipping already-processed message ID: <797218A6-4A17-4B87-B429-61B02C7183AD@yahoo.com>
2026-05-03 07:00:45,719 - INFO - Skipping already-processed message ID: <27873746-1170-475E-9C21-7CE95948A671@yahoo.com>
2026-05-03 07:00:45,719 - INFO - Skipping already-processed message ID: <22764553-180E-42BB-9898-BC855B10E550@yahoo.com>
2026-05-03 07:00:45,719 - INFO - Skipping already-processed message ID: <C3317370-D2F5-409D-8D13-85A2F90FC6DB@yahoo.com>
2026-05-03 07:00:45,719 - INFO - Skipping already-processed message ID: <0100019de822820b-cbbf2f75-c1ed-469c-85df-98c1ab947266-000000@email.amazonses.com>
2026-05-03 07:00:45,719 - INFO - Skipping already-processed message ID: <F5FDBF7F-24C1-41B6-9793-F672681D2827@yahoo.com>
2026-05-03 07:00:45,719 - INFO - Skipping already-processed message ID: <7E3878D1-7A25-4DB5-AB91-558C9CE7A009@yahoo.com>
2026-05-03 07:00:45,719 - INFO - Skipping already-processed message ID: <1DAA720E-E8A6-4C3D-98DA-141AE8AE8BF9@yahoo.com>
2026-05-03 07:00:45,719 - INFO - Skipping already-processed message ID: <660F1C74-5A6B-4C1B-BBCE-05E53BED615E@yahoo.com>
2026-05-03 07:00:45,719 - INFO - Skipping already-processed message ID: <CF815BF6-F0CF-42BC-8956-F9AEA2E7A053@yahoo.com>
2026-05-03 07:00:45,719 - INFO - Skipping already-processed message ID: <E7CA10BA-6536-4481-BA1A-E0DAAFF3E63E@yahoo.com>
2026-05-03 07:00:45,719 - INFO - Skipping already-processed message ID: <06787DDD-1890-48CE-BA09-46B7B4AB7B53@yahoo.com>
2026-05-03 07:00:45,719 - INFO - Skipping already-processed message ID: <56406ED9-2A10-40A7-83ED-8CC1FDAD274D@yahoo.com>
2026-05-03 07:00:45,719 - INFO - ℹ️ No new links found
2026-05-03 07:20:24,178 - INFO - 📧 Processing 20 emails...
2026-05-03 07:20:24,178 - INFO - Loading sent links...
2026-05-03 07:20:24,179 - INFO - Loaded 16 previously sent links, 27 processed message IDs
2026-05-03 07:20:24,179 - INFO - Skipping already-processed message ID: <0100019ded4898fa-aae9c82a-cf76-41f8-8c3d-402c31b8a7ed-000000@email.amazonses.com>
2026-05-03 07:20:24,179 - INFO - Skipping already-processed message ID: <BB136B87-2299-4B89-9A2E-B446E52DFA50@yahoo.com>
2026-05-03 07:20:24,179 - INFO - Skipping already-processed message ID: <06D43F41-BB9A-4D85-9127-6E51FC50D7FD@yahoo.com>
2026-05-03 07:20:24,179 - INFO - Skipping already-processed message ID: <957111A2-0F6C-4A9D-9ED6-D3B685869E33@yahoo.com>
2026-05-03 07:20:24,179 - INFO - Skipping already-processed message ID: <F0E3D771-4716-472B-B375-8FCD1704055A@yahoo.com>
2026-05-03 07:20:24,179 - INFO - Skipping already-processed message ID: <2AE4154D-4DE9-4188-8CD9-BA433528599C@yahoo.com>
2026-05-03 07:20:24,179 - INFO - Skipping already-processed message ID: <2BB0CCC4-735B-4A5F-8019-A3B7CCC74D03@yahoo.com>
2026-05-03 07:20:24,179 - INFO - Skipping already-processed message ID: <797218A6-4A17-4B87-B429-61B02C7183AD@yahoo.com>
2026-05-03 07:20:24,180 - INFO - Skipping already-processed message ID: <27873746-1170-475E-9C21-7CE95948A671@yahoo.com>
2026-05-03 07:20:24,180 - INFO - Skipping already-processed message ID: <22764553-180E-42BB-9898-BC855B10E550@yahoo.com>
2026-05-03 07:20:24,180 - INFO - Skipping already-processed message ID: <C3317370-D2F5-409D-8D13-85A2F90FC6DB@yahoo.com>
2026-05-03 07:20:24,180 - INFO - Skipping already-processed message ID: <0100019de822820b-cbbf2f75-c1ed-469c-85df-98c1ab947266-000000@email.amazonses.com>
2026-05-03 07:20:24,180 - INFO - Skipping already-processed message ID: <F5FDBF7F-24C1-41B6-9793-F672681D2827@yahoo.com>
2026-05-03 07:20:24,180 - INFO - Skipping already-processed message ID: <7E3878D1-7A25-4DB5-AB91-558C9CE7A009@yahoo.com>
2026-05-03 07:20:24,180 - INFO - Skipping already-processed message ID: <1DAA720E-E8A6-4C3D-98DA-141AE8AE8BF9@yahoo.com>
2026-05-03 07:20:24,180 - INFO - Skipping already-processed message ID: <660F1C74-5A6B-4C1B-BBCE-05E53BED615E@yahoo.com>
2026-05-03 07:20:24,180 - INFO - Skipping already-processed message ID: <CF815BF6-F0CF-42BC-8956-F9AEA2E7A053@yahoo.com>
2026-05-03 07:20:24,180 - INFO - Skipping already-processed message ID: <E7CA10BA-6536-4481-BA1A-E0DAAFF3E63E@yahoo.com>
2026-05-03 07:20:24,180 - INFO - Skipping already-processed message ID: <06787DDD-1890-48CE-BA09-46B7B4AB7B53@yahoo.com>
2026-05-03 07:20:24,180 - INFO - Skipping already-processed message ID: <56406ED9-2A10-40A7-83ED-8CC1FDAD274D@yahoo.com>
2026-05-03 07:20:24,180 - INFO - ℹ️ No new links found
2026-05-03 07:22:03,215 - INFO - 📧 Processing 20 emails...
2026-05-03 07:22:03,215 - INFO - Loading sent links...
2026-05-03 07:22:03,216 - INFO - Loaded 16 previously sent links, 27 processed message IDs
2026-05-03 07:22:03,216 - INFO - Skipping already-processed message ID: <0100019ded4898fa-aae9c82a-cf76-41f8-8c3d-402c31b8a7ed-000000@email.amazonses.com>
2026-05-03 07:22:03,216 - INFO - Skipping already-processed message ID: <BB136B87-2299-4B89-9A2E-B446E52DFA50@yahoo.com>
2026-05-03 07:22:03,216 - INFO - Skipping already-processed message ID: <06D43F41-BB9A-4D85-9127-6E51FC50D7FD@yahoo.com>
2026-05-03 07:22:03,216 - INFO - Skipping already-processed message ID: <957111A2-0F6C-4A9D-9ED6-D3B685869E33@yahoo.com>
2026-05-03 07:22:03,216 - INFO - Skipping already-processed message ID: <F0E3D771-4716-472B-B375-8FCD1704055A@yahoo.com>
2026-05-03 07:22:03,216 - INFO - Skipping already-processed message ID: <2AE4154D-4DE9-4188-8CD9-BA433528599C@yahoo.com>
2026-05-03 07:22:03,216 - INFO - Skipping already-processed message ID: <2BB0CCC4-735B-4A5F-8019-A3B7CCC74D03@yahoo.com>
2026-05-03 07:22:03,216 - INFO - Skipping already-processed message ID: <797218A6-4A17-4B87-B429-61B02C7183AD@yahoo.com>
2026-05-03 07:22:03,216 - INFO - Skipping already-processed message ID: <27873746-1170-475E-9C21-7CE95948A671@yahoo.com>
2026-05-03 07:22:03,216 - INFO - Skipping already-processed message ID: <22764553-180E-42BB-9898-BC855B10E550@yahoo.com>
2026-05-03 07:22:03,216 - INFO - Skipping already-processed message ID: <C3317370-D2F5-409D-8D13-85A2F90FC6DB@yahoo.com>
2026-05-03 07:22:03,216 - INFO - Skipping already-processed message ID: <0100019de822820b-cbbf2f75-c1ed-469c-85df-98c1ab947266-000000@email.amazonses.com>
2026-05-03 07:22:03,216 - INFO - Skipping already-processed message ID: <F5FDBF7F-24C1-41B6-9793-F672681D2827@yahoo.com>
2026-05-03 07:22:03,216 - INFO - Skipping already-processed message ID: <7E3878D1-7A25-4DB5-AB91-558C9CE7A009@yahoo.com>
2026-05-03 07:22:03,217 - INFO - Skipping already-processed message ID: <1DAA720E-E8A6-4C3D-98DA-141AE8AE8BF9@yahoo.com>
2026-05-03 07:22:03,217 - INFO - Skipping already-processed message ID: <660F1C74-5A6B-4C1B-BBCE-05E53BED615E@yahoo.com>
2026-05-03 07:22:03,217 - INFO - Skipping already-processed message ID: <CF815BF6-F0CF-42BC-8956-F9AEA2E7A053@yahoo.com>
2026-05-03 07:22:03,217 - INFO - Skipping already-processed message ID: <E7CA10BA-6536-4481-BA1A-E0DAAFF3E63E@yahoo.com>
2026-05-03 07:22:03,217 - INFO - Skipping already-processed message ID: <06787DDD-1890-48CE-BA09-46B7B4AB7B53@yahoo.com>
2026-05-03 07:22:03,217 - INFO - Skipping already-processed message ID: <56406ED9-2A10-40A7-83ED-8CC1FDAD274D@yahoo.com>
2026-05-03 07:22:03,217 - INFO - ℹ️ No new links found
2026-05-03 07:30:23,389 - INFO - 📧 Processing 20 emails...
2026-05-03 07:30:23,389 - INFO - Loading sent links...
2026-05-03 07:30:23,390 - INFO - Loaded 16 previously sent links, 27 processed message IDs
2026-05-03 07:30:23,390 - INFO - Skipping already-processed message ID: <0100019ded4898fa-aae9c82a-cf76-41f8-8c3d-402c31b8a7ed-000000@email.amazonses.com>
2026-05-03 07:30:23,390 - INFO - Skipping already-processed message ID: <BB136B87-2299-4B89-9A2E-B446E52DFA50@yahoo.com>
2026-05-03 07:30:23,390 - INFO - Skipping already-processed message ID: <06D43F41-BB9A-4D85-9127-6E51FC50D7FD@yahoo.com>
2026-05-03 07:30:23,390 - INFO - Skipping already-processed message ID: <957111A2-0F6C-4A9D-9ED6-D3B685869E33@yahoo.com>
2026-05-03 07:30:23,390 - INFO - Skipping already-processed message ID: <F0E3D771-4716-472B-B375-8FCD1704055A@yahoo.com>
2026-05-03 07:30:23,390 - INFO - Skipping already-processed message ID: <2AE4154D-4DE9-4188-8CD9-BA433528599C@yahoo.com>
2026-05-03 07:30:23,390 - INFO - Skipping already-processed message ID: <2BB0CCC4-735B-4A5F-8019-A3B7CCC74D03@yahoo.com>
2026-05-03 07:30:23,390 - INFO - Skipping already-processed message ID: <797218A6-4A17-4B87-B429-61B02C7183AD@yahoo.com>
2026-05-03 07:30:23,390 - INFO - Skipping already-processed message ID: <27873746-1170-475E-9C21-7CE95948A671@yahoo.com>
2026-05-03 07:30:23,390 - INFO - Skipping already-processed message ID: <22764553-180E-42BB-9898-BC855B10E550@yahoo.com>
2026-05-03 07:30:23,390 - INFO - Skipping already-processed message ID: <C3317370-D2F5-409D-8D13-85A2F90FC6DB@yahoo.com>
2026-05-03 07:30:23,391 - INFO - Skipping already-processed message ID: <0100019de822820b-cbbf2f75-c1ed-469c-85df-98c1ab947266-000000@email.amazonses.com>
2026-05-03 07:30:23,391 - INFO - Skipping already-processed message ID: <F5FDBF7F-24C1-41B6-9793-F672681D2827@yahoo.com>
2026-05-03 07:30:23,391 - INFO - Skipping already-processed message ID: <7E3878D1-7A25-4DB5-AB91-558C9CE7A009@yahoo.com>
2026-05-03 07:30:23,391 - INFO - Skipping already-processed message ID: <1DAA720E-E8A6-4C3D-98DA-141AE8AE8BF9@yahoo.com>
2026-05-03 07:30:23,391 - INFO - Skipping already-processed message ID: <660F1C74-5A6B-4C1B-BBCE-05E53BED615E@yahoo.com>
2026-05-03 07:30:23,391 - INFO - Skipping already-processed message ID: <CF815BF6-F0CF-42BC-8956-F9AEA2E7A053@yahoo.com>
2026-05-03 07:30:23,391 - INFO - Skipping already-processed message ID: <E7CA10BA-6536-4481-BA1A-E0DAAFF3E63E@yahoo.com>
2026-05-03 07:30:23,391 - INFO - Skipping already-processed message ID: <06787DDD-1890-48CE-BA09-46B7B4AB7B53@yahoo.com>
2026-05-03 07:30:23,391 - INFO - Skipping already-processed message ID: <56406ED9-2A10-40A7-83ED-8CC1FDAD274D@yahoo.com>
2026-05-03 07:30:23,391 - INFO - ℹ️ No new links found
2026-05-03 07:40:24,819 - INFO - 📧 Processing 20 emails...
2026-05-03 07:40:24,820 - INFO - Loading sent links...
2026-05-03 07:40:24,820 - INFO - Loaded 16 previously sent links, 27 processed message IDs
2026-05-03 07:40:24,820 - INFO - Skipping already-processed message ID: <0100019ded4898fa-aae9c82a-cf76-41f8-8c3d-402c31b8a7ed-000000@email.amazonses.com>
2026-05-03 07:40:24,820 - INFO - Skipping already-processed message ID: <BB136B87-2299-4B89-9A2E-B446E52DFA50@yahoo.com>
2026-05-03 07:40:24,820 - INFO - Skipping already-processed message ID: <06D43F41-BB9A-4D85-9127-6E51FC50D7FD@yahoo.com>
2026-05-03 07:40:24,820 - INFO - Skipping already-processed message ID: <957111A2-0F6C-4A9D-9ED6-D3B685869E33@yahoo.com>
2026-05-03 07:40:24,821 - INFO - Skipping already-processed message ID: <F0E3D771-4716-472B-B375-8FCD1704055A@yahoo.com>
2026-05-03 07:40:24,821 - INFO - Skipping already-processed message ID: <2AE4154D-4DE9-4188-8CD9-BA433528599C@yahoo.com>
2026-05-03 07:40:24,821 - INFO - Skipping already-processed message ID: <2BB0CCC4-735B-4A5F-8019-A3B7CCC74D03@yahoo.com>
2026-05-03 07:40:24,821 - INFO - Skipping already-processed message ID: <797218A6-4A17-4B87-B429-61B02C7183AD@yahoo.com>
2026-05-03 07:40:24,821 - INFO - Skipping already-processed message ID: <27873746-1170-475E-9C21-7CE95948A671@yahoo.com>
2026-05-03 07:40:24,821 - INFO - Skipping already-processed message ID: <22764553-180E-42BB-9898-BC855B10E550@yahoo.com>
2026-05-03 07:40:24,821 - INFO - Skipping already-processed message ID: <C3317370-D2F5-409D-8D13-85A2F90FC6DB@yahoo.com>
2026-05-03 07:40:24,821 - INFO - Skipping already-processed message ID: <0100019de822820b-cbbf2f75-c1ed-469c-85df-98c1ab947266-000000@email.amazonses.com>
2026-05-03 07:40:24,821 - INFO - Skipping already-processed message ID: <F5FDBF7F-24C1-41B6-9793-F672681D2827@yahoo.com>
2026-05-03 07:40:24,821 - INFO - Skipping already-processed message ID: <7E3878D1-7A25-4DB5-AB91-558C9CE7A009@yahoo.com>
2026-05-03 07:40:24,821 - INFO - Skipping already-processed message ID: <1DAA720E-E8A6-4C3D-98DA-141AE8AE8BF9@yahoo.com>
2026-05-03 07:40:24,821 - INFO - Skipping already-processed message ID: <660F1C74-5A6B-4C1B-BBCE-05E53BED615E@yahoo.com>
2026-05-03 07:40:24,821 - INFO - Skipping already-processed message ID: <CF815BF6-F0CF-42BC-8956-F9AEA2E7A053@yahoo.com>
2026-05-03 07:40:24,821 - INFO - Skipping already-processed message ID: <E7CA10BA-6536-4481-BA1A-E0DAAFF3E63E@yahoo.com>
2026-05-03 07:40:24,821 - INFO - Skipping already-processed message ID: <06787DDD-1890-48CE-BA09-46B7B4AB7B53@yahoo.com>
2026-05-03 07:40:24,821 - INFO - Skipping already-processed message ID: <56406ED9-2A10-40A7-83ED-8CC1FDAD274D@yahoo.com>
2026-05-03 07:40:24,821 - INFO - ℹ️ No new links found
2026-05-03 08:00:16,967 - INFO - 📧 Processing 20 emails...
2026-05-03 08:00:16,968 - INFO - Loading sent links...
2026-05-03 08:00:16,968 - INFO - Loaded 16 previously sent links, 27 processed message IDs
2026-05-03 08:00:16,968 - INFO - Skipping already-processed message ID: <0100019ded4898fa-aae9c82a-cf76-41f8-8c3d-402c31b8a7ed-000000@email.amazonses.com>
2026-05-03 08:00:16,968 - INFO - Skipping already-processed message ID: <BB136B87-2299-4B89-9A2E-B446E52DFA50@yahoo.com>
2026-05-03 08:00:16,968 - INFO - Skipping already-processed message ID: <06D43F41-BB9A-4D85-9127-6E51FC50D7FD@yahoo.com>
2026-05-03 08:00:16,968 - INFO - Skipping already-processed message ID: <957111A2-0F6C-4A9D-9ED6-D3B685869E33@yahoo.com>
2026-05-03 08:00:16,968 - INFO - Skipping already-processed message ID: <F0E3D771-4716-472B-B375-8FCD1704055A@yahoo.com>
2026-05-03 08:00:16,968 - INFO - Skipping already-processed message ID: <2AE4154D-4DE9-4188-8CD9-BA433528599C@yahoo.com>
2026-05-03 08:00:16,968 - INFO - Skipping already-processed message ID: <2BB0CCC4-735B-4A5F-8019-A3B7CCC74D03@yahoo.com>
2026-05-03 08:00:16,968 - INFO - Skipping already-processed message ID: <797218A6-4A17-4B87-B429-61B02C7183AD@yahoo.com>
2026-05-03 08:00:16,968 - INFO - Skipping already-processed message ID: <27873746-1170-475E-9C21-7CE95948A671@yahoo.com>
2026-05-03 08:00:16,968 - INFO - Skipping already-processed message ID: <22764553-180E-42BB-9898-BC855B10E550@yahoo.com>
2026-05-03 08:00:16,968 - INFO - Skipping already-processed message ID: <C3317370-D2F5-409D-8D13-85A2F90FC6DB@yahoo.com>
2026-05-03 08:00:16,969 - INFO - Skipping already-processed message ID: <0100019de822820b-cbbf2f75-c1ed-469c-85df-98c1ab947266-000000@email.amazonses.com>
2026-05-03 08:00:16,969 - INFO - Skipping already-processed message ID: <F5FDBF7F-24C1-41B6-9793-F672681D2827@yahoo.com>
2026-05-03 08:00:16,969 - INFO - Skipping already-processed message ID: <7E3878D1-7A25-4DB5-AB91-558C9CE7A009@yahoo.com>
2026-05-03 08:00:16,969 - INFO - Skipping already-processed message ID: <1DAA720E-E8A6-4C3D-98DA-141AE8AE8BF9@yahoo.com>
2026-05-03 08:00:16,969 - INFO - Skipping already-processed message ID: <660F1C74-5A6B-4C1B-BBCE-05E53BED615E@yahoo.com>
2026-05-03 08:00:16,969 - INFO - Skipping already-processed message ID: <CF815BF6-F0CF-42BC-8956-F9AEA2E7A053@yahoo.com>
2026-05-03 08:00:16,969 - INFO - Skipping already-processed message ID: <E7CA10BA-6536-4481-BA1A-E0DAAFF3E63E@yahoo.com>
2026-05-03 08:00:16,969 - INFO - Skipping already-processed message ID: <06787DDD-1890-48CE-BA09-46B7B4AB7B53@yahoo.com>
2026-05-03 08:00:16,969 - INFO - Skipping already-processed message ID: <56406ED9-2A10-40A7-83ED-8CC1FDAD274D@yahoo.com>
2026-05-03 08:00:16,969 - INFO - ℹ️ No new links found
2026-05-03 08:10:15,889 - INFO - 📧 Processing 20 emails...
2026-05-03 08:10:15,889 - INFO - Loading sent links...
2026-05-03 08:10:15,890 - INFO - Loaded 16 previously sent links, 27 processed message IDs
2026-05-03 08:10:15,890 - INFO - Skipping already-processed message ID: <0100019ded4898fa-aae9c82a-cf76-41f8-8c3d-402c31b8a7ed-000000@email.amazonses.com>
2026-05-03 08:10:15,890 - INFO - Skipping already-processed message ID: <BB136B87-2299-4B89-9A2E-B446E52DFA50@yahoo.com>
2026-05-03 08:10:15,890 - INFO - Skipping already-processed message ID: <06D43F41-BB9A-4D85-9127-6E51FC50D7FD@yahoo.com>
2026-05-03 08:10:15,890 - INFO - Skipping already-processed message ID: <957111A2-0F6C-4A9D-9ED6-D3B685869E33@yahoo.com>
2026-05-03 08:10:15,890 - INFO - Skipping already-processed message ID: <F0E3D771-4716-472B-B375-8FCD1704055A@yahoo.com>
2026-05-03 08:10:15,890 - INFO - Skipping already-processed message ID: <2AE4154D-4DE9-4188-8CD9-BA433528599C@yahoo.com>
2026-05-03 08:10:15,890 - INFO - Skipping already-processed message ID: <2BB0CCC4-735B-4A5F-8019-A3B7CCC74D03@yahoo.com>
2026-05-03 08:10:15,890 - INFO - Skipping already-processed message ID: <797218A6-4A17-4B87-B429-61B02C7183AD@yahoo.com>
2026-05-03 08:10:15,890 - INFO - Skipping already-processed message ID: <27873746-1170-475E-9C21-7CE95948A671@yahoo.com>
2026-05-03 08:10:15,890 - INFO - Skipping already-processed message ID: <22764553-180E-42BB-9898-BC855B10E550@yahoo.com>
2026-05-03 08:10:15,890 - INFO - Skipping already-processed message ID: <C3317370-D2F5-409D-8D13-85A2F90FC6DB@yahoo.com>
2026-05-03 08:10:15,890 - INFO - Skipping already-processed message ID: <0100019de822820b-cbbf2f75-c1ed-469c-85df-98c1ab947266-000000@email.amazonses.com>
2026-05-03 08:10:15,890 - INFO - Skipping already-processed message ID: <F5FDBF7F-24C1-41B6-9793-F672681D2827@yahoo.com>
2026-05-03 08:10:15,890 - INFO - Skipping already-processed message ID: <7E3878D1-7A25-4DB5-AB91-558C9CE7A009@yahoo.com>
2026-05-03 08:10:15,890 - INFO - Skipping already-processed message ID: <1DAA720E-E8A6-4C3D-98DA-141AE8AE8BF9@yahoo.com>
2026-05-03 08:10:15,891 - INFO - Skipping already-processed message ID: <660F1C74-5A6B-4C1B-BBCE-05E53BED615E@yahoo.com>
2026-05-03 08:10:15,891 - INFO - Skipping already-processed message ID: <CF815BF6-F0CF-42BC-8956-F9AEA2E7A053@yahoo.com>
2026-05-03 08:10:15,891 - INFO - Skipping already-processed message ID: <E7CA10BA-6536-4481-BA1A-E0DAAFF3E63E@yahoo.com>
2026-05-03 08:10:15,891 - INFO - Skipping already-processed message ID: <06787DDD-1890-48CE-BA09-46B7B4AB7B53@yahoo.com>
2026-05-03 08:10:15,891 - INFO - Skipping already-processed message ID: <56406ED9-2A10-40A7-83ED-8CC1FDAD274D@yahoo.com>
2026-05-03 08:10:15,891 - INFO - ℹ️ No new links found
2026-05-03 08:30:20,951 - INFO - 📧 Processing 20 emails...
2026-05-03 08:30:20,951 - INFO - Loading sent links...
2026-05-03 08:30:20,951 - INFO - Loaded 16 previously sent links, 27 processed message IDs
2026-05-03 08:30:20,951 - INFO - Skipping already-processed message ID: <0100019ded4898fa-aae9c82a-cf76-41f8-8c3d-402c31b8a7ed-000000@email.amazonses.com>
2026-05-03 08:30:20,951 - INFO - Skipping already-processed message ID: <BB136B87-2299-4B89-9A2E-B446E52DFA50@yahoo.com>
2026-05-03 08:30:20,951 - INFO - Skipping already-processed message ID: <06D43F41-BB9A-4D85-9127-6E51FC50D7FD@yahoo.com>
2026-05-03 08:30:20,952 - INFO - Skipping already-processed message ID: <957111A2-0F6C-4A9D-9ED6-D3B685869E33@yahoo.com>
2026-05-03 08:30:20,952 - INFO - Skipping already-processed message ID: <F0E3D771-4716-472B-B375-8FCD1704055A@yahoo.com>
2026-05-03 08:30:20,952 - INFO - Skipping already-processed message ID: <2AE4154D-4DE9-4188-8CD9-BA433528599C@yahoo.com>
2026-05-03 08:30:20,952 - INFO - Skipping already-processed message ID: <2BB0CCC4-735B-4A5F-8019-A3B7CCC74D03@yahoo.com>
2026-05-03 08:30:20,952 - INFO - Skipping already-processed message ID: <797218A6-4A17-4B87-B429-61B02C7183AD@yahoo.com>
2026-05-03 08:30:20,952 - INFO - Skipping already-processed message ID: <27873746-1170-475E-9C21-7CE95948A671@yahoo.com>
2026-05-03 08:30:20,952 - INFO - Skipping already-processed message ID: <22764553-180E-42BB-9898-BC855B10E550@yahoo.com>
2026-05-03 08:30:20,952 - INFO - Skipping already-processed message ID: <C3317370-D2F5-409D-8D13-85A2F90FC6DB@yahoo.com>
2026-05-03 08:30:20,952 - INFO - Skipping already-processed message ID: <0100019de822820b-cbbf2f75-c1ed-469c-85df-98c1ab947266-000000@email.amazonses.com>
2026-05-03 08:30:20,952 - INFO - Skipping already-processed message ID: <F5FDBF7F-24C1-41B6-9793-F672681D2827@yahoo.com>
2026-05-03 08:30:20,952 - INFO - Skipping already-processed message ID: <7E3878D1-7A25-4DB5-AB91-558C9CE7A009@yahoo.com>
2026-05-03 08:30:20,952 - INFO - Skipping already-processed message ID: <1DAA720E-E8A6-4C3D-98DA-141AE8AE8BF9@yahoo.com>
2026-05-03 08:30:20,952 - INFO - Skipping already-processed message ID: <660F1C74-5A6B-4C1B-BBCE-05E53BED615E@yahoo.com>
2026-05-03 08:30:20,952 - INFO - Skipping already-processed message ID: <CF815BF6-F0CF-42BC-8956-F9AEA2E7A053@yahoo.com>
2026-05-03 08:30:20,952 - INFO - Skipping already-processed message ID: <E7CA10BA-6536-4481-BA1A-E0DAAFF3E63E@yahoo.com>
2026-05-03 08:30:20,952 - INFO - Skipping already-processed message ID: <06787DDD-1890-48CE-BA09-46B7B4AB7B53@yahoo.com>
2026-05-03 08:30:20,952 - INFO - Skipping already-processed message ID: <56406ED9-2A10-40A7-83ED-8CC1FDAD274D@yahoo.com>
2026-05-03 08:30:20,952 - INFO - ℹ️ No new links found
2026-05-03 08:40:16,839 - INFO - 📧 Processing 20 emails...
2026-05-03 08:40:16,840 - INFO - Loading sent links...
2026-05-03 08:40:16,840 - INFO - Loaded 16 previously sent links, 27 processed message IDs
2026-05-03 08:40:16,840 - INFO - Skipping already-processed message ID: <0100019ded4898fa-aae9c82a-cf76-41f8-8c3d-402c31b8a7ed-000000@email.amazonses.com>
2026-05-03 08:40:16,840 - INFO - Skipping already-processed message ID: <BB136B87-2299-4B89-9A2E-B446E52DFA50@yahoo.com>
2026-05-03 08:40:16,840 - INFO - Skipping already-processed message ID: <06D43F41-BB9A-4D85-9127-6E51FC50D7FD@yahoo.com>
2026-05-03 08:40:16,840 - INFO - Skipping already-processed message ID: <957111A2-0F6C-4A9D-9ED6-D3B685869E33@yahoo.com>
2026-05-03 08:40:16,840 - INFO - Skipping already-processed message ID: <F0E3D771-4716-472B-B375-8FCD1704055A@yahoo.com>
2026-05-03 08:40:16,840 - INFO - Skipping already-processed message ID: <2AE4154D-4DE9-4188-8CD9-BA433528599C@yahoo.com>
2026-05-03 08:40:16,840 - INFO - Skipping already-processed message ID: <2BB0CCC4-735B-4A5F-8019-A3B7CCC74D03@yahoo.com>
2026-05-03 08:40:16,840 - INFO - Skipping already-processed message ID: <797218A6-4A17-4B87-B429-61B02C7183AD@yahoo.com>
2026-05-03 08:40:16,841 - INFO - Skipping already-processed message ID: <27873746-1170-475E-9C21-7CE95948A671@yahoo.com>
2026-05-03 08:40:16,841 - INFO - Skipping already-processed message ID: <22764553-180E-42BB-9898-BC855B10E550@yahoo.com>
2026-05-03 08:40:16,841 - INFO - Skipping already-processed message ID: <C3317370-D2F5-409D-8D13-85A2F90FC6DB@yahoo.com>
2026-05-03 08:40:16,841 - INFO - Skipping already-processed message ID: <0100019de822820b-cbbf2f75-c1ed-469c-85df-98c1ab947266-000000@email.amazonses.com>
2026-05-03 08:40:16,841 - INFO - Skipping already-processed message ID: <F5FDBF7F-24C1-41B6-9793-F672681D2827@yahoo.com>
2026-05-03 08:40:16,841 - INFO - Skipping already-processed message ID: <7E3878D1-7A25-4DB5-AB91-558C9CE7A009@yahoo.com>
2026-05-03 08:40:16,841 - INFO - Skipping already-processed message ID: <1DAA720E-E8A6-4C3D-98DA-141AE8AE8BF9@yahoo.com>
2026-05-03 08:40:16,841 - INFO - Skipping already-processed message ID: <660F1C74-5A6B-4C1B-BBCE-05E53BED615E@yahoo.com>
2026-05-03 08:40:16,841 - INFO - Skipping already-processed message ID: <CF815BF6-F0CF-42BC-8956-F9AEA2E7A053@yahoo.com>
2026-05-03 08:40:16,841 - INFO - Skipping already-processed message ID: <E7CA10BA-6536-4481-BA1A-E0DAAFF3E63E@yahoo.com>
2026-05-03 08:40:16,841 - INFO - Skipping already-processed message ID: <06787DDD-1890-48CE-BA09-46B7B4AB7B53@yahoo.com>
2026-05-03 08:40:16,841 - INFO - Skipping already-processed message ID: <56406ED9-2A10-40A7-83ED-8CC1FDAD274D@yahoo.com>
2026-05-03 08:40:16,841 - INFO - ℹ️ No new links found
2026-05-03 08:50:20,600 - INFO - 📧 Processing 20 emails...
2026-05-03 08:50:20,600 - INFO - Loading sent links...
2026-05-03 08:50:20,601 - INFO - Loaded 16 previously sent links, 27 processed message IDs
2026-05-03 08:50:20,601 - INFO - Skipping already-processed message ID: <0100019ded4898fa-aae9c82a-cf76-41f8-8c3d-402c31b8a7ed-000000@email.amazonses.com>
2026-05-03 08:50:20,601 - INFO - Skipping already-processed message ID: <BB136B87-2299-4B89-9A2E-B446E52DFA50@yahoo.com>
2026-05-03 08:50:20,601 - INFO - Skipping already-processed message ID: <06D43F41-BB9A-4D85-9127-6E51FC50D7FD@yahoo.com>
2026-05-03 08:50:20,601 - INFO - Skipping already-processed message ID: <957111A2-0F6C-4A9D-9ED6-D3B685869E33@yahoo.com>
2026-05-03 08:50:20,601 - INFO - Skipping already-processed message ID: <F0E3D771-4716-472B-B375-8FCD1704055A@yahoo.com>
2026-05-03 08:50:20,601 - INFO - Skipping already-processed message ID: <2AE4154D-4DE9-4188-8CD9-BA433528599C@yahoo.com>
2026-05-03 08:50:20,601 - INFO - Skipping already-processed message ID: <2BB0CCC4-735B-4A5F-8019-A3B7CCC74D03@yahoo.com>
2026-05-03 08:50:20,601 - INFO - Skipping already-processed message ID: <797218A6-4A17-4B87-B429-61B02C7183AD@yahoo.com>
2026-05-03 08:50:20,601 - INFO - Skipping already-processed message ID: <27873746-1170-475E-9C21-7CE95948A671@yahoo.com>
2026-05-03 08:50:20,601 - INFO - Skipping already-processed message ID: <22764553-180E-42BB-9898-BC855B10E550@yahoo.com>
2026-05-03 08:50:20,601 - INFO - Skipping already-processed message ID: <C3317370-D2F5-409D-8D13-85A2F90FC6DB@yahoo.com>
2026-05-03 08:50:20,601 - INFO - Skipping already-processed message ID: <0100019de822820b-cbbf2f75-c1ed-469c-85df-98c1ab947266-000000@email.amazonses.com>
2026-05-03 08:50:20,601 - INFO - Skipping already-processed message ID: <F5FDBF7F-24C1-41B6-9793-F672681D2827@yahoo.com>
2026-05-03 08:50:20,602 - INFO - Skipping already-processed message ID: <7E3878D1-7A25-4DB5-AB91-558C9CE7A009@yahoo.com>
2026-05-03 08:50:20,602 - INFO - Skipping already-processed message ID: <1DAA720E-E8A6-4C3D-98DA-141AE8AE8BF9@yahoo.com>
2026-05-03 08:50:20,602 - INFO - Skipping already-processed message ID: <660F1C74-5A6B-4C1B-BBCE-05E53BED615E@yahoo.com>
2026-05-03 08:50:20,602 - INFO - Skipping already-processed message ID: <CF815BF6-F0CF-42BC-8956-F9AEA2E7A053@yahoo.com>
2026-05-03 08:50:20,602 - INFO - Skipping already-processed message ID: <E7CA10BA-6536-4481-BA1A-E0DAAFF3E63E@yahoo.com>
2026-05-03 08:50:20,602 - INFO - Skipping already-processed message ID: <06787DDD-1890-48CE-BA09-46B7B4AB7B53@yahoo.com>
2026-05-03 08:50:20,602 - INFO - Skipping already-processed message ID: <56406ED9-2A10-40A7-83ED-8CC1FDAD274D@yahoo.com>
2026-05-03 08:50:20,602 - INFO - ℹ️ No new links found
2026-05-03 09:10:18,629 - INFO - 📧 Processing 20 emails...
2026-05-03 09:10:18,629 - INFO - Loading sent links...
2026-05-03 09:10:18,630 - INFO - Loaded 16 previously sent links, 27 processed message IDs
2026-05-03 09:10:18,630 - INFO - Skipping already-processed message ID: <0100019ded4898fa-aae9c82a-cf76-41f8-8c3d-402c31b8a7ed-000000@email.amazonses.com>
2026-05-03 09:10:18,630 - INFO - Skipping already-processed message ID: <BB136B87-2299-4B89-9A2E-B446E52DFA50@yahoo.com>
2026-05-03 09:10:18,630 - INFO - Skipping already-processed message ID: <06D43F41-BB9A-4D85-9127-6E51FC50D7FD@yahoo.com>
2026-05-03 09:10:18,630 - INFO - Skipping already-processed message ID: <957111A2-0F6C-4A9D-9ED6-D3B685869E33@yahoo.com>
2026-05-03 09:10:18,630 - INFO - Skipping already-processed message ID: <F0E3D771-4716-472B-B375-8FCD1704055A@yahoo.com>
2026-05-03 09:10:18,630 - INFO - Skipping already-processed message ID: <2AE4154D-4DE9-4188-8CD9-BA433528599C@yahoo.com>
2026-05-03 09:10:18,630 - INFO - Skipping already-processed message ID: <2BB0CCC4-735B-4A5F-8019-A3B7CCC74D03@yahoo.com>
2026-05-03 09:10:18,630 - INFO - Skipping already-processed message ID: <797218A6-4A17-4B87-B429-61B02C7183AD@yahoo.com>
2026-05-03 09:10:18,630 - INFO - Skipping already-processed message ID: <27873746-1170-475E-9C21-7CE95948A671@yahoo.com>
2026-05-03 09:10:18,630 - INFO - Skipping already-processed message ID: <22764553-180E-42BB-9898-BC855B10E550@yahoo.com>
2026-05-03 09:10:18,630 - INFO - Skipping already-processed message ID: <C3317370-D2F5-409D-8D13-85A2F90FC6DB@yahoo.com>
2026-05-03 09:10:18,630 - INFO - Skipping already-processed message ID: <0100019de822820b-cbbf2f75-c1ed-469c-85df-98c1ab947266-000000@email.amazonses.com>
2026-05-03 09:10:18,630 - INFO - Skipping already-processed message ID: <F5FDBF7F-24C1-41B6-9793-F672681D2827@yahoo.com>
2026-05-03 09:10:18,631 - INFO - Skipping already-processed message ID: <7E3878D1-7A25-4DB5-AB91-558C9CE7A009@yahoo.com>
2026-05-03 09:10:18,631 - INFO - Skipping already-processed message ID: <1DAA720E-E8A6-4C3D-98DA-141AE8AE8BF9@yahoo.com>
2026-05-03 09:10:18,631 - INFO - Skipping already-processed message ID: <660F1C74-5A6B-4C1B-BBCE-05E53BED615E@yahoo.com>
2026-05-03 09:10:18,631 - INFO - Skipping already-processed message ID: <CF815BF6-F0CF-42BC-8956-F9AEA2E7A053@yahoo.com>
2026-05-03 09:10:18,631 - INFO - Skipping already-processed message ID: <E7CA10BA-6536-4481-BA1A-E0DAAFF3E63E@yahoo.com>
2026-05-03 09:10:18,631 - INFO - Skipping already-processed message ID: <06787DDD-1890-48CE-BA09-46B7B4AB7B53@yahoo.com>
2026-05-03 09:10:18,631 - INFO - Skipping already-processed message ID: <56406ED9-2A10-40A7-83ED-8CC1FDAD274D@yahoo.com>
2026-05-03 09:10:18,631 - INFO - ℹ️ No new links found
2026-05-03 09:20:15,100 - INFO - 📧 Processing 20 emails...
2026-05-03 09:20:15,100 - INFO - Loading sent links...
2026-05-03 09:20:15,100 - INFO - Loaded 16 previously sent links, 27 processed message IDs
2026-05-03 09:20:15,100 - INFO - Skipping already-processed message ID: <0100019ded4898fa-aae9c82a-cf76-41f8-8c3d-402c31b8a7ed-000000@email.amazonses.com>
2026-05-03 09:20:15,100 - INFO - Skipping already-processed message ID: <BB136B87-2299-4B89-9A2E-B446E52DFA50@yahoo.com>
2026-05-03 09:20:15,100 - INFO - Skipping already-processed message ID: <06D43F41-BB9A-4D85-9127-6E51FC50D7FD@yahoo.com>
2026-05-03 09:20:15,101 - INFO - Skipping already-processed message ID: <957111A2-0F6C-4A9D-9ED6-D3B685869E33@yahoo.com>
2026-05-03 09:20:15,101 - INFO - Skipping already-processed message ID: <F0E3D771-4716-472B-B375-8FCD1704055A@yahoo.com>
2026-05-03 09:20:15,101 - INFO - Skipping already-processed message ID: <2AE4154D-4DE9-4188-8CD9-BA433528599C@yahoo.com>
2026-05-03 09:20:15,101 - INFO - Skipping already-processed message ID: <2BB0CCC4-735B-4A5F-8019-A3B7CCC74D03@yahoo.com>
2026-05-03 09:20:15,101 - INFO - Skipping already-processed message ID: <797218A6-4A17-4B87-B429-61B02C7183AD@yahoo.com>
2026-05-03 09:20:15,101 - INFO - Skipping already-processed message ID: <27873746-1170-475E-9C21-7CE95948A671@yahoo.com>
2026-05-03 09:20:15,101 - INFO - Skipping already-processed message ID: <22764553-180E-42BB-9898-BC855B10E550@yahoo.com>
2026-05-03 09:20:15,101 - INFO - Skipping already-processed message ID: <C3317370-D2F5-409D-8D13-85A2F90FC6DB@yahoo.com>
2026-05-03 09:20:15,101 - INFO - Skipping already-processed message ID: <0100019de822820b-cbbf2f75-c1ed-469c-85df-98c1ab947266-000000@email.amazonses.com>
2026-05-03 09:20:15,101 - INFO - Skipping already-processed message ID: <F5FDBF7F-24C1-41B6-9793-F672681D2827@yahoo.com>
2026-05-03 09:20:15,101 - INFO - Skipping already-processed message ID: <7E3878D1-7A25-4DB5-AB91-558C9CE7A009@yahoo.com>
2026-05-03 09:20:15,101 - INFO - Skipping already-processed message ID: <1DAA720E-E8A6-4C3D-98DA-141AE8AE8BF9@yahoo.com>
2026-05-03 09:20:15,101 - INFO - Skipping already-processed message ID: <660F1C74-5A6B-4C1B-BBCE-05E53BED615E@yahoo.com>
2026-05-03 09:20:15,101 - INFO - Skipping already-processed message ID: <CF815BF6-F0CF-42BC-8956-F9AEA2E7A053@yahoo.com>
2026-05-03 09:20:15,101 - INFO - Skipping already-processed message ID: <E7CA10BA-6536-4481-BA1A-E0DAAFF3E63E@yahoo.com>
2026-05-03 09:20:15,101 - INFO - Skipping already-processed message ID: <06787DDD-1890-48CE-BA09-46B7B4AB7B53@yahoo.com>
2026-05-03 09:20:15,101 - INFO - Skipping already-processed message ID: <56406ED9-2A10-40A7-83ED-8CC1FDAD274D@yahoo.com>
2026-05-03 09:20:15,101 - INFO - ℹ️ No new links found
2026-05-03 09:40:17,163 - INFO - 📧 Processing 20 emails...
2026-05-03 09:40:17,163 - INFO - Loading sent links...
2026-05-03 09:40:17,163 - INFO - Loaded 16 previously sent links, 27 processed message IDs
2026-05-03 09:40:17,163 - INFO - Processing message ID: <F65C4CD9-DDD7-4CA3-B54B-CF0DEC0DFDEE@yahoo.com>
2026-05-03 09:40:17,247 - INFO - Subject: Fwd: 10/19 新澤西州宣恩堂中文主日崇拜連結
2026-05-03 09:40:17,247 - INFO - Message content: Fwd: 10/19 新澤西州宣恩堂中文主日崇拜連結 Sent from my iPhone

Begin forwarded message:

> From: CLGNJ Church of Living Grace <church@clgnj.org>
> Date: October 17, 2025 at 3:51:54 PM EDT
> To: CLGNJ Church of Living Grace <church@clgnj.org>
> Subject: 10/19 新澤西州宣恩堂中文主日崇拜連結
> 
> ﻿
> 10/19 中文崇拜連結
> https://youtube.com/live/lI9E7QvPRUw
> 
> 請參閱隨附
> 1) 10/19 崇拜程序表
> 2) 宣教代禱書信
> 3) We Got You Fed - 冬季食品捐贈活動傳單 
Sent from my iPhone

Begin forwarded message:

> From: CLGNJ Church of Living Grace <church@clgnj.org>
> Date: October 17, 2025 at 3:51:54 PM EDT
> To: CLGNJ Church of Living Grace <church@clgnj.org>
2026-05-03 09:40:17,248 - INFO - New YouTube link ID: lI9E7QvPRUw
2026-05-03 09:40:17,248 - INFO - ➡️ 🕊️ Live Stream: https://youtube.com/live/lI9E7QvPRUw
2026-05-03 09:40:17,248 - INFO - Skipping already-processed message ID: <0100019ded4898fa-aae9c82a-cf76-41f8-8c3d-402c31b8a7ed-000000@email.amazonses.com>
2026-05-03 09:40:17,248 - INFO - Skipping already-processed message ID: <BB136B87-2299-4B89-9A2E-B446E52DFA50@yahoo.com>
2026-05-03 09:40:17,248 - INFO - Skipping already-processed message ID: <06D43F41-BB9A-4D85-9127-6E51FC50D7FD@yahoo.com>
2026-05-03 09:40:17,248 - INFO - Skipping already-processed message ID: <957111A2-0F6C-4A9D-9ED6-D3B685869E33@yahoo.com>
2026-05-03 09:40:17,248 - INFO - Skipping already-processed message ID: <F0E3D771-4716-472B-B375-8FCD1704055A@yahoo.com>
2026-05-03 09:40:17,248 - INFO - Skipping already-processed message ID: <2AE4154D-4DE9-4188-8CD9-BA433528599C@yahoo.com>
2026-05-03 09:40:17,248 - INFO - Skipping already-processed message ID: <2BB0CCC4-735B-4A5F-8019-A3B7CCC74D03@yahoo.com>
2026-05-03 09:40:17,248 - INFO - Skipping already-processed message ID: <797218A6-4A17-4B87-B429-61B02C7183AD@yahoo.com>
2026-05-03 09:40:17,248 - INFO - Skipping already-processed message ID: <27873746-1170-475E-9C21-7CE95948A671@yahoo.com>
2026-05-03 09:40:17,248 - INFO - Skipping already-processed message ID: <22764553-180E-42BB-9898-BC855B10E550@yahoo.com>
2026-05-03 09:40:17,248 - INFO - Skipping already-processed message ID: <C3317370-D2F5-409D-8D13-85A2F90FC6DB@yahoo.com>
2026-05-03 09:40:17,248 - INFO - Skipping already-processed message ID: <0100019de822820b-cbbf2f75-c1ed-469c-85df-98c1ab947266-000000@email.amazonses.com>
2026-05-03 09:40:17,248 - INFO - Skipping already-processed message ID: <F5FDBF7F-24C1-41B6-9793-F672681D2827@yahoo.com>
2026-05-03 09:40:17,249 - INFO - Skipping already-processed message ID: <7E3878D1-7A25-4DB5-AB91-558C9CE7A009@yahoo.com>
2026-05-03 09:40:17,249 - INFO - Skipping already-processed message ID: <1DAA720E-E8A6-4C3D-98DA-141AE8AE8BF9@yahoo.com>
2026-05-03 09:40:17,249 - INFO - Skipping already-processed message ID: <660F1C74-5A6B-4C1B-BBCE-05E53BED615E@yahoo.com>
2026-05-03 09:40:17,249 - INFO - Skipping already-processed message ID: <CF815BF6-F0CF-42BC-8956-F9AEA2E7A053@yahoo.com>
2026-05-03 09:40:17,249 - INFO - Skipping already-processed message ID: <E7CA10BA-6536-4481-BA1A-E0DAAFF3E63E@yahoo.com>
2026-05-03 09:40:17,249 - INFO - Skipping already-processed message ID: <06787DDD-1890-48CE-BA09-46B7B4AB7B53@yahoo.com>
2026-05-03 09:40:17,249 - INFO - Saving 17 sent links...
2026-05-03 09:40:17,249 - INFO - ✅ Sent 1 link(s)
2026-05-03 09:50:16,234 - INFO - 📧 Processing 20 emails...
2026-05-03 09:50:16,235 - INFO - Loading sent links...
2026-05-03 09:50:16,235 - INFO - Loaded 17 previously sent links, 28 processed message IDs
2026-05-03 09:50:16,235 - INFO - Skipping already-processed message ID: <F65C4CD9-DDD7-4CA3-B54B-CF0DEC0DFDEE@yahoo.com>
2026-05-03 09:50:16,235 - INFO - Skipping already-processed message ID: <0100019ded4898fa-aae9c82a-cf76-41f8-8c3d-402c31b8a7ed-000000@email.amazonses.com>
2026-05-03 09:50:16,235 - INFO - Skipping already-processed message ID: <BB136B87-2299-4B89-9A2E-B446E52DFA50@yahoo.com>
2026-05-03 09:50:16,235 - INFO - Skipping already-processed message ID: <06D43F41-BB9A-4D85-9127-6E51FC50D7FD@yahoo.com>
2026-05-03 09:50:16,235 - INFO - Skipping already-processed message ID: <957111A2-0F6C-4A9D-9ED6-D3B685869E33@yahoo.com>
2026-05-03 09:50:16,235 - INFO - Skipping already-processed message ID: <F0E3D771-4716-472B-B375-8FCD1704055A@yahoo.com>
2026-05-03 09:50:16,236 - INFO - Skipping already-processed message ID: <2AE4154D-4DE9-4188-8CD9-BA433528599C@yahoo.com>
2026-05-03 09:50:16,236 - INFO - Skipping already-processed message ID: <2BB0CCC4-735B-4A5F-8019-A3B7CCC74D03@yahoo.com>
2026-05-03 09:50:16,236 - INFO - Skipping already-processed message ID: <797218A6-4A17-4B87-B429-61B02C7183AD@yahoo.com>
2026-05-03 09:50:16,236 - INFO - Skipping already-processed message ID: <27873746-1170-475E-9C21-7CE95948A671@yahoo.com>
2026-05-03 09:50:16,236 - INFO - Skipping already-processed message ID: <22764553-180E-42BB-9898-BC855B10E550@yahoo.com>
2026-05-03 09:50:16,236 - INFO - Skipping already-processed message ID: <C3317370-D2F5-409D-8D13-85A2F90FC6DB@yahoo.com>
2026-05-03 09:50:16,236 - INFO - Skipping already-processed message ID: <0100019de822820b-cbbf2f75-c1ed-469c-85df-98c1ab947266-000000@email.amazonses.com>
2026-05-03 09:50:16,236 - INFO - Skipping already-processed message ID: <F5FDBF7F-24C1-41B6-9793-F672681D2827@yahoo.com>
2026-05-03 09:50:16,236 - INFO - Skipping already-processed message ID: <7E3878D1-7A25-4DB5-AB91-558C9CE7A009@yahoo.com>
2026-05-03 09:50:16,236 - INFO - Skipping already-processed message ID: <1DAA720E-E8A6-4C3D-98DA-141AE8AE8BF9@yahoo.com>
2026-05-03 09:50:16,236 - INFO - Skipping already-processed message ID: <660F1C74-5A6B-4C1B-BBCE-05E53BED615E@yahoo.com>
2026-05-03 09:50:16,236 - INFO - Skipping already-processed message ID: <CF815BF6-F0CF-42BC-8956-F9AEA2E7A053@yahoo.com>
2026-05-03 09:50:16,236 - INFO - Skipping already-processed message ID: <E7CA10BA-6536-4481-BA1A-E0DAAFF3E63E@yahoo.com>
2026-05-03 09:50:16,236 - INFO - Skipping already-processed message ID: <06787DDD-1890-48CE-BA09-46B7B4AB7B53@yahoo.com>
2026-05-03 09:50:16,236 - INFO - ℹ️ No new links found
2026-05-03 10:00:38,506 - INFO - 📧 Processing 20 emails...
2026-05-03 10:00:38,506 - INFO - Loading sent links...
2026-05-03 10:00:38,506 - INFO - Loaded 17 previously sent links, 28 processed message IDs
2026-05-03 10:00:38,506 - INFO - Skipping already-processed message ID: <F65C4CD9-DDD7-4CA3-B54B-CF0DEC0DFDEE@yahoo.com>
2026-05-03 10:00:38,507 - INFO - Skipping already-processed message ID: <0100019ded4898fa-aae9c82a-cf76-41f8-8c3d-402c31b8a7ed-000000@email.amazonses.com>
2026-05-03 10:00:38,507 - INFO - Skipping already-processed message ID: <BB136B87-2299-4B89-9A2E-B446E52DFA50@yahoo.com>
2026-05-03 10:00:38,507 - INFO - Skipping already-processed message ID: <06D43F41-BB9A-4D85-9127-6E51FC50D7FD@yahoo.com>
2026-05-03 10:00:38,507 - INFO - Skipping already-processed message ID: <957111A2-0F6C-4A9D-9ED6-D3B685869E33@yahoo.com>
2026-05-03 10:00:38,507 - INFO - Skipping already-processed message ID: <F0E3D771-4716-472B-B375-8FCD1704055A@yahoo.com>
2026-05-03 10:00:38,507 - INFO - Skipping already-processed message ID: <2AE4154D-4DE9-4188-8CD9-BA433528599C@yahoo.com>
2026-05-03 10:00:38,507 - INFO - Skipping already-processed message ID: <2BB0CCC4-735B-4A5F-8019-A3B7CCC74D03@yahoo.com>
2026-05-03 10:00:38,507 - INFO - Skipping already-processed message ID: <797218A6-4A17-4B87-B429-61B02C7183AD@yahoo.com>
2026-05-03 10:00:38,507 - INFO - Skipping already-processed message ID: <27873746-1170-475E-9C21-7CE95948A671@yahoo.com>
2026-05-03 10:00:38,507 - INFO - Skipping already-processed message ID: <22764553-180E-42BB-9898-BC855B10E550@yahoo.com>
2026-05-03 10:00:38,507 - INFO - Skipping already-processed message ID: <C3317370-D2F5-409D-8D13-85A2F90FC6DB@yahoo.com>
2026-05-03 10:00:38,507 - INFO - Skipping already-processed message ID: <0100019de822820b-cbbf2f75-c1ed-469c-85df-98c1ab947266-000000@email.amazonses.com>
2026-05-03 10:00:38,507 - INFO - Skipping already-processed message ID: <F5FDBF7F-24C1-41B6-9793-F672681D2827@yahoo.com>
2026-05-03 10:00:38,507 - INFO - Skipping already-processed message ID: <7E3878D1-7A25-4DB5-AB91-558C9CE7A009@yahoo.com>
2026-05-03 10:00:38,507 - INFO - Skipping already-processed message ID: <1DAA720E-E8A6-4C3D-98DA-141AE8AE8BF9@yahoo.com>
2026-05-03 10:00:38,507 - INFO - Skipping already-processed message ID: <660F1C74-5A6B-4C1B-BBCE-05E53BED615E@yahoo.com>
2026-05-03 10:00:38,507 - INFO - Skipping already-processed message ID: <CF815BF6-F0CF-42BC-8956-F9AEA2E7A053@yahoo.com>
2026-05-03 10:00:38,507 - INFO - Skipping already-processed message ID: <E7CA10BA-6536-4481-BA1A-E0DAAFF3E63E@yahoo.com>
2026-05-03 10:00:38,507 - INFO - Skipping already-processed message ID: <06787DDD-1890-48CE-BA09-46B7B4AB7B53@yahoo.com>
2026-05-03 10:00:38,507 - INFO - ℹ️ No new links found
2026-05-03 10:10:18,100 - INFO - 📧 Processing 20 emails...
2026-05-03 10:10:18,100 - INFO - Loading sent links...
2026-05-03 10:10:18,101 - INFO - Loaded 17 previously sent links, 28 processed message IDs
2026-05-03 10:10:18,101 - INFO - Skipping already-processed message ID: <F65C4CD9-DDD7-4CA3-B54B-CF0DEC0DFDEE@yahoo.com>
2026-05-03 10:10:18,101 - INFO - Skipping already-processed message ID: <0100019ded4898fa-aae9c82a-cf76-41f8-8c3d-402c31b8a7ed-000000@email.amazonses.com>
2026-05-03 10:10:18,101 - INFO - Skipping already-processed message ID: <BB136B87-2299-4B89-9A2E-B446E52DFA50@yahoo.com>
2026-05-03 10:10:18,101 - INFO - Skipping already-processed message ID: <06D43F41-BB9A-4D85-9127-6E51FC50D7FD@yahoo.com>
2026-05-03 10:10:18,101 - INFO - Skipping already-processed message ID: <957111A2-0F6C-4A9D-9ED6-D3B685869E33@yahoo.com>
2026-05-03 10:10:18,101 - INFO - Skipping already-processed message ID: <F0E3D771-4716-472B-B375-8FCD1704055A@yahoo.com>
2026-05-03 10:10:18,101 - INFO - Skipping already-processed message ID: <2AE4154D-4DE9-4188-8CD9-BA433528599C@yahoo.com>
2026-05-03 10:10:18,101 - INFO - Skipping already-processed message ID: <2BB0CCC4-735B-4A5F-8019-A3B7CCC74D03@yahoo.com>
2026-05-03 10:10:18,101 - INFO - Skipping already-processed message ID: <797218A6-4A17-4B87-B429-61B02C7183AD@yahoo.com>
2026-05-03 10:10:18,101 - INFO - Skipping already-processed message ID: <27873746-1170-475E-9C21-7CE95948A671@yahoo.com>
2026-05-03 10:10:18,101 - INFO - Skipping already-processed message ID: <22764553-180E-42BB-9898-BC855B10E550@yahoo.com>
2026-05-03 10:10:18,101 - INFO - Skipping already-processed message ID: <C3317370-D2F5-409D-8D13-85A2F90FC6DB@yahoo.com>
2026-05-03 10:10:18,101 - INFO - Skipping already-processed message ID: <0100019de822820b-cbbf2f75-c1ed-469c-85df-98c1ab947266-000000@email.amazonses.com>
2026-05-03 10:10:18,101 - INFO - Skipping already-processed message ID: <F5FDBF7F-24C1-41B6-9793-F672681D2827@yahoo.com>
2026-05-03 10:10:18,101 - INFO - Skipping already-processed message ID: <7E3878D1-7A25-4DB5-AB91-558C9CE7A009@yahoo.com>
2026-05-03 10:10:18,101 - INFO - Skipping already-processed message ID: <1DAA720E-E8A6-4C3D-98DA-141AE8AE8BF9@yahoo.com>
2026-05-03 10:10:18,101 - INFO - Skipping already-processed message ID: <660F1C74-5A6B-4C1B-BBCE-05E53BED615E@yahoo.com>
2026-05-03 10:10:18,102 - INFO - Skipping already-processed message ID: <CF815BF6-F0CF-42BC-8956-F9AEA2E7A053@yahoo.com>
2026-05-03 10:10:18,102 - INFO - Skipping already-processed message ID: <E7CA10BA-6536-4481-BA1A-E0DAAFF3E63E@yahoo.com>
2026-05-03 10:10:18,102 - INFO - Skipping already-processed message ID: <06787DDD-1890-48CE-BA09-46B7B4AB7B53@yahoo.com>
2026-05-03 10:10:18,102 - INFO - ℹ️ No new links found
2026-05-03 10:30:36,688 - INFO - 📧 Processing 20 emails...
2026-05-03 10:30:36,689 - INFO - Loading sent links...
2026-05-03 10:30:36,689 - INFO - Loaded 17 previously sent links, 28 processed message IDs
2026-05-03 10:30:36,689 - INFO - Skipping already-processed message ID: <F65C4CD9-DDD7-4CA3-B54B-CF0DEC0DFDEE@yahoo.com>
2026-05-03 10:30:36,689 - INFO - Skipping already-processed message ID: <0100019ded4898fa-aae9c82a-cf76-41f8-8c3d-402c31b8a7ed-000000@email.amazonses.com>
2026-05-03 10:30:36,689 - INFO - Skipping already-processed message ID: <BB136B87-2299-4B89-9A2E-B446E52DFA50@yahoo.com>
2026-05-03 10:30:36,689 - INFO - Skipping already-processed message ID: <06D43F41-BB9A-4D85-9127-6E51FC50D7FD@yahoo.com>
2026-05-03 10:30:36,689 - INFO - Skipping already-processed message ID: <957111A2-0F6C-4A9D-9ED6-D3B685869E33@yahoo.com>
2026-05-03 10:30:36,689 - INFO - Skipping already-processed message ID: <F0E3D771-4716-472B-B375-8FCD1704055A@yahoo.com>
2026-05-03 10:30:36,689 - INFO - Skipping already-processed message ID: <2AE4154D-4DE9-4188-8CD9-BA433528599C@yahoo.com>
2026-05-03 10:30:36,689 - INFO - Skipping already-processed message ID: <2BB0CCC4-735B-4A5F-8019-A3B7CCC74D03@yahoo.com>
2026-05-03 10:30:36,689 - INFO - Skipping already-processed message ID: <797218A6-4A17-4B87-B429-61B02C7183AD@yahoo.com>
2026-05-03 10:30:36,689 - INFO - Skipping already-processed message ID: <27873746-1170-475E-9C21-7CE95948A671@yahoo.com>
2026-05-03 10:30:36,689 - INFO - Skipping already-processed message ID: <22764553-180E-42BB-9898-BC855B10E550@yahoo.com>
2026-05-03 10:30:36,690 - INFO - Skipping already-processed message ID: <C3317370-D2F5-409D-8D13-85A2F90FC6DB@yahoo.com>
2026-05-03 10:30:36,690 - INFO - Skipping already-processed message ID: <0100019de822820b-cbbf2f75-c1ed-469c-85df-98c1ab947266-000000@email.amazonses.com>
2026-05-03 10:30:36,690 - INFO - Skipping already-processed message ID: <F5FDBF7F-24C1-41B6-9793-F672681D2827@yahoo.com>
2026-05-03 10:30:36,690 - INFO - Skipping already-processed message ID: <7E3878D1-7A25-4DB5-AB91-558C9CE7A009@yahoo.com>
2026-05-03 10:30:36,690 - INFO - Skipping already-processed message ID: <1DAA720E-E8A6-4C3D-98DA-141AE8AE8BF9@yahoo.com>
2026-05-03 10:30:36,690 - INFO - Skipping already-processed message ID: <660F1C74-5A6B-4C1B-BBCE-05E53BED615E@yahoo.com>
2026-05-03 10:30:36,690 - INFO - Skipping already-processed message ID: <CF815BF6-F0CF-42BC-8956-F9AEA2E7A053@yahoo.com>
2026-05-03 10:30:36,690 - INFO - Skipping already-processed message ID: <E7CA10BA-6536-4481-BA1A-E0DAAFF3E63E@yahoo.com>
2026-05-03 10:30:36,690 - INFO - Skipping already-processed message ID: <06787DDD-1890-48CE-BA09-46B7B4AB7B53@yahoo.com>
2026-05-03 10:30:36,690 - INFO - ℹ️ No new links found
2026-05-03 10:40:30,466 - INFO - 📧 Processing 20 emails...
2026-05-03 10:40:30,467 - INFO - Loading sent links...
2026-05-03 10:40:30,467 - INFO - Loaded 17 previously sent links, 28 processed message IDs
2026-05-03 10:40:30,467 - INFO - Skipping already-processed message ID: <F65C4CD9-DDD7-4CA3-B54B-CF0DEC0DFDEE@yahoo.com>
2026-05-03 10:40:30,467 - INFO - Skipping already-processed message ID: <0100019ded4898fa-aae9c82a-cf76-41f8-8c3d-402c31b8a7ed-000000@email.amazonses.com>
2026-05-03 10:40:30,467 - INFO - Skipping already-processed message ID: <BB136B87-2299-4B89-9A2E-B446E52DFA50@yahoo.com>
2026-05-03 10:40:30,467 - INFO - Skipping already-processed message ID: <06D43F41-BB9A-4D85-9127-6E51FC50D7FD@yahoo.com>
2026-05-03 10:40:30,467 - INFO - Skipping already-processed message ID: <957111A2-0F6C-4A9D-9ED6-D3B685869E33@yahoo.com>
2026-05-03 10:40:30,467 - INFO - Skipping already-processed message ID: <F0E3D771-4716-472B-B375-8FCD1704055A@yahoo.com>
2026-05-03 10:40:30,467 - INFO - Skipping already-processed message ID: <2AE4154D-4DE9-4188-8CD9-BA433528599C@yahoo.com>
2026-05-03 10:40:30,467 - INFO - Skipping already-processed message ID: <2BB0CCC4-735B-4A5F-8019-A3B7CCC74D03@yahoo.com>
2026-05-03 10:40:30,467 - INFO - Skipping already-processed message ID: <797218A6-4A17-4B87-B429-61B02C7183AD@yahoo.com>
2026-05-03 10:40:30,467 - INFO - Skipping already-processed message ID: <27873746-1170-475E-9C21-7CE95948A671@yahoo.com>
2026-05-03 10:40:30,467 - INFO - Skipping already-processed message ID: <22764553-180E-42BB-9898-BC855B10E550@yahoo.com>
2026-05-03 10:40:30,467 - INFO - Skipping already-processed message ID: <C3317370-D2F5-409D-8D13-85A2F90FC6DB@yahoo.com>
2026-05-03 10:40:30,467 - INFO - Skipping already-processed message ID: <0100019de822820b-cbbf2f75-c1ed-469c-85df-98c1ab947266-000000@email.amazonses.com>
2026-05-03 10:40:30,468 - INFO - Skipping already-processed message ID: <F5FDBF7F-24C1-41B6-9793-F672681D2827@yahoo.com>
2026-05-03 10:40:30,468 - INFO - Skipping already-processed message ID: <7E3878D1-7A25-4DB5-AB91-558C9CE7A009@yahoo.com>
2026-05-03 10:40:30,468 - INFO - Skipping already-processed message ID: <1DAA720E-E8A6-4C3D-98DA-141AE8AE8BF9@yahoo.com>
2026-05-03 10:40:30,468 - INFO - Skipping already-processed message ID: <660F1C74-5A6B-4C1B-BBCE-05E53BED615E@yahoo.com>
2026-05-03 10:40:30,468 - INFO - Skipping already-processed message ID: <CF815BF6-F0CF-42BC-8956-F9AEA2E7A053@yahoo.com>
2026-05-03 10:40:30,468 - INFO - Skipping already-processed message ID: <E7CA10BA-6536-4481-BA1A-E0DAAFF3E63E@yahoo.com>
2026-05-03 10:40:30,468 - INFO - Skipping already-processed message ID: <06787DDD-1890-48CE-BA09-46B7B4AB7B53@yahoo.com>
2026-05-03 10:40:30,468 - INFO - ℹ️ No new links found
2026-05-03 10:50:16,918 - INFO - 📧 Processing 20 emails...
2026-05-03 10:50:16,918 - INFO - Loading sent links...
2026-05-03 10:50:16,918 - INFO - Loaded 17 previously sent links, 28 processed message IDs
2026-05-03 10:50:16,918 - INFO - Skipping already-processed message ID: <F65C4CD9-DDD7-4CA3-B54B-CF0DEC0DFDEE@yahoo.com>
2026-05-03 10:50:16,918 - INFO - Skipping already-processed message ID: <0100019ded4898fa-aae9c82a-cf76-41f8-8c3d-402c31b8a7ed-000000@email.amazonses.com>
2026-05-03 10:50:16,918 - INFO - Skipping already-processed message ID: <BB136B87-2299-4B89-9A2E-B446E52DFA50@yahoo.com>
2026-05-03 10:50:16,919 - INFO - Skipping already-processed message ID: <06D43F41-BB9A-4D85-9127-6E51FC50D7FD@yahoo.com>
2026-05-03 10:50:16,919 - INFO - Skipping already-processed message ID: <957111A2-0F6C-4A9D-9ED6-D3B685869E33@yahoo.com>
2026-05-03 10:50:16,919 - INFO - Skipping already-processed message ID: <F0E3D771-4716-472B-B375-8FCD1704055A@yahoo.com>
2026-05-03 10:50:16,919 - INFO - Skipping already-processed message ID: <2AE4154D-4DE9-4188-8CD9-BA433528599C@yahoo.com>
2026-05-03 10:50:16,919 - INFO - Skipping already-processed message ID: <2BB0CCC4-735B-4A5F-8019-A3B7CCC74D03@yahoo.com>
2026-05-03 10:50:16,919 - INFO - Skipping already-processed message ID: <797218A6-4A17-4B87-B429-61B02C7183AD@yahoo.com>
2026-05-03 10:50:16,919 - INFO - Skipping already-processed message ID: <27873746-1170-475E-9C21-7CE95948A671@yahoo.com>
2026-05-03 10:50:16,919 - INFO - Skipping already-processed message ID: <22764553-180E-42BB-9898-BC855B10E550@yahoo.com>
2026-05-03 10:50:16,919 - INFO - Skipping already-processed message ID: <C3317370-D2F5-409D-8D13-85A2F90FC6DB@yahoo.com>
2026-05-03 10:50:16,919 - INFO - Skipping already-processed message ID: <0100019de822820b-cbbf2f75-c1ed-469c-85df-98c1ab947266-000000@email.amazonses.com>
2026-05-03 10:50:16,919 - INFO - Skipping already-processed message ID: <F5FDBF7F-24C1-41B6-9793-F672681D2827@yahoo.com>
2026-05-03 10:50:16,919 - INFO - Skipping already-processed message ID: <7E3878D1-7A25-4DB5-AB91-558C9CE7A009@yahoo.com>
2026-05-03 10:50:16,919 - INFO - Skipping already-processed message ID: <1DAA720E-E8A6-4C3D-98DA-141AE8AE8BF9@yahoo.com>
2026-05-03 10:50:16,919 - INFO - Skipping already-processed message ID: <660F1C74-5A6B-4C1B-BBCE-05E53BED615E@yahoo.com>
2026-05-03 10:50:16,919 - INFO - Skipping already-processed message ID: <CF815BF6-F0CF-42BC-8956-F9AEA2E7A053@yahoo.com>
2026-05-03 10:50:16,919 - INFO - Skipping already-processed message ID: <E7CA10BA-6536-4481-BA1A-E0DAAFF3E63E@yahoo.com>
2026-05-03 10:50:16,919 - INFO - Skipping already-processed message ID: <06787DDD-1890-48CE-BA09-46B7B4AB7B53@yahoo.com>
2026-05-03 10:50:16,919 - INFO - ℹ️ No new links found
2026-05-03 11:00:19,290 - INFO - 📧 Processing 20 emails...
2026-05-03 11:00:19,290 - INFO - Loading sent links...
2026-05-03 11:00:19,291 - INFO - Loaded 17 previously sent links, 28 processed message IDs
2026-05-03 11:00:19,291 - INFO - Skipping already-processed message ID: <F65C4CD9-DDD7-4CA3-B54B-CF0DEC0DFDEE@yahoo.com>
2026-05-03 11:00:19,291 - INFO - Skipping already-processed message ID: <0100019ded4898fa-aae9c82a-cf76-41f8-8c3d-402c31b8a7ed-000000@email.amazonses.com>
2026-05-03 11:00:19,291 - INFO - Skipping already-processed message ID: <BB136B87-2299-4B89-9A2E-B446E52DFA50@yahoo.com>
2026-05-03 11:00:19,291 - INFO - Skipping already-processed message ID: <06D43F41-BB9A-4D85-9127-6E51FC50D7FD@yahoo.com>
2026-05-03 11:00:19,291 - INFO - Skipping already-processed message ID: <957111A2-0F6C-4A9D-9ED6-D3B685869E33@yahoo.com>
2026-05-03 11:00:19,291 - INFO - Skipping already-processed message ID: <F0E3D771-4716-472B-B375-8FCD1704055A@yahoo.com>
2026-05-03 11:00:19,291 - INFO - Skipping already-processed message ID: <2AE4154D-4DE9-4188-8CD9-BA433528599C@yahoo.com>
2026-05-03 11:00:19,291 - INFO - Skipping already-processed message ID: <2BB0CCC4-735B-4A5F-8019-A3B7CCC74D03@yahoo.com>
2026-05-03 11:00:19,291 - INFO - Skipping already-processed message ID: <797218A6-4A17-4B87-B429-61B02C7183AD@yahoo.com>
2026-05-03 11:00:19,291 - INFO - Skipping already-processed message ID: <27873746-1170-475E-9C21-7CE95948A671@yahoo.com>
2026-05-03 11:00:19,291 - INFO - Skipping already-processed message ID: <22764553-180E-42BB-9898-BC855B10E550@yahoo.com>
2026-05-03 11:00:19,291 - INFO - Skipping already-processed message ID: <C3317370-D2F5-409D-8D13-85A2F90FC6DB@yahoo.com>
2026-05-03 11:00:19,292 - INFO - Skipping already-processed message ID: <0100019de822820b-cbbf2f75-c1ed-469c-85df-98c1ab947266-000000@email.amazonses.com>
2026-05-03 11:00:19,292 - INFO - Skipping already-processed message ID: <F5FDBF7F-24C1-41B6-9793-F672681D2827@yahoo.com>
2026-05-03 11:00:19,292 - INFO - Skipping already-processed message ID: <7E3878D1-7A25-4DB5-AB91-558C9CE7A009@yahoo.com>
2026-05-03 11:00:19,292 - INFO - Skipping already-processed message ID: <1DAA720E-E8A6-4C3D-98DA-141AE8AE8BF9@yahoo.com>
2026-05-03 11:00:19,292 - INFO - Skipping already-processed message ID: <660F1C74-5A6B-4C1B-BBCE-05E53BED615E@yahoo.com>
2026-05-03 11:00:19,292 - INFO - Skipping already-processed message ID: <CF815BF6-F0CF-42BC-8956-F9AEA2E7A053@yahoo.com>
2026-05-03 11:00:19,292 - INFO - Skipping already-processed message ID: <E7CA10BA-6536-4481-BA1A-E0DAAFF3E63E@yahoo.com>
2026-05-03 11:00:19,292 - INFO - Skipping already-processed message ID: <06787DDD-1890-48CE-BA09-46B7B4AB7B53@yahoo.com>
2026-05-03 11:00:19,292 - INFO - ℹ️ No new links found
2026-05-03 11:10:35,293 - INFO - 📧 Processing 20 emails...
2026-05-03 11:10:35,293 - INFO - Loading sent links...
2026-05-03 11:10:35,293 - INFO - Loaded 17 previously sent links, 28 processed message IDs
2026-05-03 11:10:35,293 - INFO - Skipping already-processed message ID: <F65C4CD9-DDD7-4CA3-B54B-CF0DEC0DFDEE@yahoo.com>
2026-05-03 11:10:35,293 - INFO - Skipping already-processed message ID: <0100019ded4898fa-aae9c82a-cf76-41f8-8c3d-402c31b8a7ed-000000@email.amazonses.com>
2026-05-03 11:10:35,293 - INFO - Skipping already-processed message ID: <BB136B87-2299-4B89-9A2E-B446E52DFA50@yahoo.com>
2026-05-03 11:10:35,293 - INFO - Skipping already-processed message ID: <06D43F41-BB9A-4D85-9127-6E51FC50D7FD@yahoo.com>
2026-05-03 11:10:35,293 - INFO - Skipping already-processed message ID: <957111A2-0F6C-4A9D-9ED6-D3B685869E33@yahoo.com>
2026-05-03 11:10:35,293 - INFO - Skipping already-processed message ID: <F0E3D771-4716-472B-B375-8FCD1704055A@yahoo.com>
2026-05-03 11:10:35,293 - INFO - Skipping already-processed message ID: <2AE4154D-4DE9-4188-8CD9-BA433528599C@yahoo.com>
2026-05-03 11:10:35,294 - INFO - Skipping already-processed message ID: <2BB0CCC4-735B-4A5F-8019-A3B7CCC74D03@yahoo.com>
2026-05-03 11:10:35,294 - INFO - Skipping already-processed message ID: <797218A6-4A17-4B87-B429-61B02C7183AD@yahoo.com>
2026-05-03 11:10:35,294 - INFO - Skipping already-processed message ID: <27873746-1170-475E-9C21-7CE95948A671@yahoo.com>
2026-05-03 11:10:35,294 - INFO - Skipping already-processed message ID: <22764553-180E-42BB-9898-BC855B10E550@yahoo.com>
2026-05-03 11:10:35,294 - INFO - Skipping already-processed message ID: <C3317370-D2F5-409D-8D13-85A2F90FC6DB@yahoo.com>
2026-05-03 11:10:35,294 - INFO - Skipping already-processed message ID: <0100019de822820b-cbbf2f75-c1ed-469c-85df-98c1ab947266-000000@email.amazonses.com>
2026-05-03 11:10:35,294 - INFO - Skipping already-processed message ID: <F5FDBF7F-24C1-41B6-9793-F672681D2827@yahoo.com>
2026-05-03 11:10:35,294 - INFO - Skipping already-processed message ID: <7E3878D1-7A25-4DB5-AB91-558C9CE7A009@yahoo.com>
2026-05-03 11:10:35,294 - INFO - Skipping already-processed message ID: <1DAA720E-E8A6-4C3D-98DA-141AE8AE8BF9@yahoo.com>
2026-05-03 11:10:35,294 - INFO - Skipping already-processed message ID: <660F1C74-5A6B-4C1B-BBCE-05E53BED615E@yahoo.com>
2026-05-03 11:10:35,294 - INFO - Skipping already-processed message ID: <CF815BF6-F0CF-42BC-8956-F9AEA2E7A053@yahoo.com>
2026-05-03 11:10:35,294 - INFO - Skipping already-processed message ID: <E7CA10BA-6536-4481-BA1A-E0DAAFF3E63E@yahoo.com>
2026-05-03 11:10:35,294 - INFO - Skipping already-processed message ID: <06787DDD-1890-48CE-BA09-46B7B4AB7B53@yahoo.com>
2026-05-03 11:10:35,294 - INFO - ℹ️ No new links found
2026-05-03 11:20:33,428 - INFO - 📧 Processing 20 emails...
2026-05-03 11:20:33,428 - INFO - Loading sent links...
2026-05-03 11:20:33,429 - INFO - Loaded 17 previously sent links, 28 processed message IDs
2026-05-03 11:20:33,429 - INFO - Skipping already-processed message ID: <F65C4CD9-DDD7-4CA3-B54B-CF0DEC0DFDEE@yahoo.com>
2026-05-03 11:20:33,429 - INFO - Skipping already-processed message ID: <0100019ded4898fa-aae9c82a-cf76-41f8-8c3d-402c31b8a7ed-000000@email.amazonses.com>
2026-05-03 11:20:33,429 - INFO - Skipping already-processed message ID: <BB136B87-2299-4B89-9A2E-B446E52DFA50@yahoo.com>
2026-05-03 11:20:33,429 - INFO - Skipping already-processed message ID: <06D43F41-BB9A-4D85-9127-6E51FC50D7FD@yahoo.com>
2026-05-03 11:20:33,429 - INFO - Skipping already-processed message ID: <957111A2-0F6C-4A9D-9ED6-D3B685869E33@yahoo.com>
2026-05-03 11:20:33,429 - INFO - Skipping already-processed message ID: <F0E3D771-4716-472B-B375-8FCD1704055A@yahoo.com>
2026-05-03 11:20:33,429 - INFO - Skipping already-processed message ID: <2AE4154D-4DE9-4188-8CD9-BA433528599C@yahoo.com>
2026-05-03 11:20:33,429 - INFO - Skipping already-processed message ID: <2BB0CCC4-735B-4A5F-8019-A3B7CCC74D03@yahoo.com>
2026-05-03 11:20:33,429 - INFO - Skipping already-processed message ID: <797218A6-4A17-4B87-B429-61B02C7183AD@yahoo.com>
2026-05-03 11:20:33,429 - INFO - Skipping already-processed message ID: <27873746-1170-475E-9C21-7CE95948A671@yahoo.com>
2026-05-03 11:20:33,429 - INFO - Skipping already-processed message ID: <22764553-180E-42BB-9898-BC855B10E550@yahoo.com>
2026-05-03 11:20:33,429 - INFO - Skipping already-processed message ID: <C3317370-D2F5-409D-8D13-85A2F90FC6DB@yahoo.com>
2026-05-03 11:20:33,429 - INFO - Skipping already-processed message ID: <0100019de822820b-cbbf2f75-c1ed-469c-85df-98c1ab947266-000000@email.amazonses.com>
2026-05-03 11:20:33,430 - INFO - Skipping already-processed message ID: <F5FDBF7F-24C1-41B6-9793-F672681D2827@yahoo.com>
2026-05-03 11:20:33,430 - INFO - Skipping already-processed message ID: <7E3878D1-7A25-4DB5-AB91-558C9CE7A009@yahoo.com>
2026-05-03 11:20:33,430 - INFO - Skipping already-processed message ID: <1DAA720E-E8A6-4C3D-98DA-141AE8AE8BF9@yahoo.com>
2026-05-03 11:20:33,430 - INFO - Skipping already-processed message ID: <660F1C74-5A6B-4C1B-BBCE-05E53BED615E@yahoo.com>
2026-05-03 11:20:33,430 - INFO - Skipping already-processed message ID: <CF815BF6-F0CF-42BC-8956-F9AEA2E7A053@yahoo.com>
2026-05-03 11:20:33,430 - INFO - Skipping already-processed message ID: <E7CA10BA-6536-4481-BA1A-E0DAAFF3E63E@yahoo.com>
2026-05-03 11:20:33,430 - INFO - Skipping already-processed message ID: <06787DDD-1890-48CE-BA09-46B7B4AB7B53@yahoo.com>
2026-05-03 11:20:33,430 - INFO - ℹ️ No new links found
2026-05-03 11:30:28,234 - INFO - 📧 Processing 20 emails...
2026-05-03 11:30:28,234 - INFO - Loading sent links...
2026-05-03 11:30:28,235 - INFO - Loaded 17 previously sent links, 28 processed message IDs
2026-05-03 11:30:28,235 - INFO - Skipping already-processed message ID: <F65C4CD9-DDD7-4CA3-B54B-CF0DEC0DFDEE@yahoo.com>
2026-05-03 11:30:28,235 - INFO - Skipping already-processed message ID: <0100019ded4898fa-aae9c82a-cf76-41f8-8c3d-402c31b8a7ed-000000@email.amazonses.com>
2026-05-03 11:30:28,235 - INFO - Skipping already-processed message ID: <BB136B87-2299-4B89-9A2E-B446E52DFA50@yahoo.com>
2026-05-03 11:30:28,235 - INFO - Skipping already-processed message ID: <06D43F41-BB9A-4D85-9127-6E51FC50D7FD@yahoo.com>
2026-05-03 11:30:28,235 - INFO - Skipping already-processed message ID: <957111A2-0F6C-4A9D-9ED6-D3B685869E33@yahoo.com>
2026-05-03 11:30:28,235 - INFO - Skipping already-processed message ID: <F0E3D771-4716-472B-B375-8FCD1704055A@yahoo.com>
2026-05-03 11:30:28,235 - INFO - Skipping already-processed message ID: <2AE4154D-4DE9-4188-8CD9-BA433528599C@yahoo.com>
2026-05-03 11:30:28,235 - INFO - Skipping already-processed message ID: <2BB0CCC4-735B-4A5F-8019-A3B7CCC74D03@yahoo.com>
2026-05-03 11:30:28,235 - INFO - Skipping already-processed message ID: <797218A6-4A17-4B87-B429-61B02C7183AD@yahoo.com>
2026-05-03 11:30:28,235 - INFO - Skipping already-processed message ID: <27873746-1170-475E-9C21-7CE95948A671@yahoo.com>
2026-05-03 11:30:28,235 - INFO - Skipping already-processed message ID: <22764553-180E-42BB-9898-BC855B10E550@yahoo.com>
2026-05-03 11:30:28,235 - INFO - Skipping already-processed message ID: <C3317370-D2F5-409D-8D13-85A2F90FC6DB@yahoo.com>
2026-05-03 11:30:28,235 - INFO - Skipping already-processed message ID: <0100019de822820b-cbbf2f75-c1ed-469c-85df-98c1ab947266-000000@email.amazonses.com>
2026-05-03 11:30:28,235 - INFO - Skipping already-processed message ID: <F5FDBF7F-24C1-41B6-9793-F672681D2827@yahoo.com>
2026-05-03 11:30:28,235 - INFO - Skipping already-processed message ID: <7E3878D1-7A25-4DB5-AB91-558C9CE7A009@yahoo.com>
2026-05-03 11:30:28,235 - INFO - Skipping already-processed message ID: <1DAA720E-E8A6-4C3D-98DA-141AE8AE8BF9@yahoo.com>
2026-05-03 11:30:28,235 - INFO - Skipping already-processed message ID: <660F1C74-5A6B-4C1B-BBCE-05E53BED615E@yahoo.com>
2026-05-03 11:30:28,236 - INFO - Skipping already-processed message ID: <CF815BF6-F0CF-42BC-8956-F9AEA2E7A053@yahoo.com>
2026-05-03 11:30:28,236 - INFO - Skipping already-processed message ID: <E7CA10BA-6536-4481-BA1A-E0DAAFF3E63E@yahoo.com>
2026-05-03 11:30:28,236 - INFO - Skipping already-processed message ID: <06787DDD-1890-48CE-BA09-46B7B4AB7B53@yahoo.com>
2026-05-03 11:30:28,236 - INFO - ℹ️ No new links found
2026-05-03 11:30:46,689 - INFO - 📧 Processing 20 emails...
2026-05-03 11:30:46,689 - INFO - Loading sent links...
2026-05-03 11:30:46,689 - INFO - Loaded 17 previously sent links, 28 processed message IDs
2026-05-03 11:30:46,689 - INFO - Skipping already-processed message ID: <F65C4CD9-DDD7-4CA3-B54B-CF0DEC0DFDEE@yahoo.com>
2026-05-03 11:30:46,689 - INFO - Skipping already-processed message ID: <0100019ded4898fa-aae9c82a-cf76-41f8-8c3d-402c31b8a7ed-000000@email.amazonses.com>
2026-05-03 11:30:46,689 - INFO - Skipping already-processed message ID: <BB136B87-2299-4B89-9A2E-B446E52DFA50@yahoo.com>
2026-05-03 11:30:46,689 - INFO - Skipping already-processed message ID: <06D43F41-BB9A-4D85-9127-6E51FC50D7FD@yahoo.com>
2026-05-03 11:30:46,689 - INFO - Skipping already-processed message ID: <957111A2-0F6C-4A9D-9ED6-D3B685869E33@yahoo.com>
2026-05-03 11:30:46,690 - INFO - Skipping already-processed message ID: <F0E3D771-4716-472B-B375-8FCD1704055A@yahoo.com>
2026-05-03 11:30:46,690 - INFO - Skipping already-processed message ID: <2AE4154D-4DE9-4188-8CD9-BA433528599C@yahoo.com>
2026-05-03 11:30:46,690 - INFO - Skipping already-processed message ID: <2BB0CCC4-735B-4A5F-8019-A3B7CCC74D03@yahoo.com>
2026-05-03 11:30:46,690 - INFO - Skipping already-processed message ID: <797218A6-4A17-4B87-B429-61B02C7183AD@yahoo.com>
2026-05-03 11:30:46,690 - INFO - Skipping already-processed message ID: <27873746-1170-475E-9C21-7CE95948A671@yahoo.com>
2026-05-03 11:30:46,690 - INFO - Skipping already-processed message ID: <22764553-180E-42BB-9898-BC855B10E550@yahoo.com>
2026-05-03 11:30:46,690 - INFO - Skipping already-processed message ID: <C3317370-D2F5-409D-8D13-85A2F90FC6DB@yahoo.com>
2026-05-03 11:30:46,690 - INFO - Skipping already-processed message ID: <0100019de822820b-cbbf2f75-c1ed-469c-85df-98c1ab947266-000000@email.amazonses.com>
2026-05-03 11:30:46,690 - INFO - Skipping already-processed message ID: <F5FDBF7F-24C1-41B6-9793-F672681D2827@yahoo.com>
2026-05-03 11:30:46,690 - INFO - Skipping already-processed message ID: <7E3878D1-7A25-4DB5-AB91-558C9CE7A009@yahoo.com>
2026-05-03 11:30:46,690 - INFO - Skipping already-processed message ID: <1DAA720E-E8A6-4C3D-98DA-141AE8AE8BF9@yahoo.com>
2026-05-03 11:30:46,690 - INFO - Skipping already-processed message ID: <660F1C74-5A6B-4C1B-BBCE-05E53BED615E@yahoo.com>
2026-05-03 11:30:46,690 - INFO - Skipping already-processed message ID: <CF815BF6-F0CF-42BC-8956-F9AEA2E7A053@yahoo.com>
2026-05-03 11:30:46,690 - INFO - Skipping already-processed message ID: <E7CA10BA-6536-4481-BA1A-E0DAAFF3E63E@yahoo.com>
2026-05-03 11:30:46,690 - INFO - Skipping already-processed message ID: <06787DDD-1890-48CE-BA09-46B7B4AB7B53@yahoo.com>
2026-05-03 11:30:46,690 - INFO - ℹ️ No new links found
2026-05-03 11:40:34,832 - INFO - 📧 Processing 20 emails...
2026-05-03 11:40:34,832 - INFO - Loading sent links...
2026-05-03 11:40:34,833 - INFO - Loaded 17 previously sent links, 28 processed message IDs
2026-05-03 11:40:34,833 - INFO - Skipping already-processed message ID: <F65C4CD9-DDD7-4CA3-B54B-CF0DEC0DFDEE@yahoo.com>
2026-05-03 11:40:34,833 - INFO - Skipping already-processed message ID: <0100019ded4898fa-aae9c82a-cf76-41f8-8c3d-402c31b8a7ed-000000@email.amazonses.com>
2026-05-03 11:40:34,833 - INFO - Skipping already-processed message ID: <BB136B87-2299-4B89-9A2E-B446E52DFA50@yahoo.com>
2026-05-03 11:40:34,833 - INFO - Skipping already-processed message ID: <06D43F41-BB9A-4D85-9127-6E51FC50D7FD@yahoo.com>
2026-05-03 11:40:34,833 - INFO - Skipping already-processed message ID: <957111A2-0F6C-4A9D-9ED6-D3B685869E33@yahoo.com>
2026-05-03 11:40:34,833 - INFO - Skipping already-processed message ID: <F0E3D771-4716-472B-B375-8FCD1704055A@yahoo.com>
2026-05-03 11:40:34,833 - INFO - Skipping already-processed message ID: <2AE4154D-4DE9-4188-8CD9-BA433528599C@yahoo.com>
2026-05-03 11:40:34,833 - INFO - Skipping already-processed message ID: <2BB0CCC4-735B-4A5F-8019-A3B7CCC74D03@yahoo.com>
2026-05-03 11:40:34,833 - INFO - Skipping already-processed message ID: <797218A6-4A17-4B87-B429-61B02C7183AD@yahoo.com>
2026-05-03 11:40:34,833 - INFO - Skipping already-processed message ID: <27873746-1170-475E-9C21-7CE95948A671@yahoo.com>
2026-05-03 11:40:34,833 - INFO - Skipping already-processed message ID: <22764553-180E-42BB-9898-BC855B10E550@yahoo.com>
2026-05-03 11:40:34,833 - INFO - Skipping already-processed message ID: <C3317370-D2F5-409D-8D13-85A2F90FC6DB@yahoo.com>
2026-05-03 11:40:34,833 - INFO - Skipping already-processed message ID: <0100019de822820b-cbbf2f75-c1ed-469c-85df-98c1ab947266-000000@email.amazonses.com>
2026-05-03 11:40:34,833 - INFO - Skipping already-processed message ID: <F5FDBF7F-24C1-41B6-9793-F672681D2827@yahoo.com>
2026-05-03 11:40:34,833 - INFO - Skipping already-processed message ID: <7E3878D1-7A25-4DB5-AB91-558C9CE7A009@yahoo.com>
2026-05-03 11:40:34,833 - INFO - Skipping already-processed message ID: <1DAA720E-E8A6-4C3D-98DA-141AE8AE8BF9@yahoo.com>
2026-05-03 11:40:34,833 - INFO - Skipping already-processed message ID: <660F1C74-5A6B-4C1B-BBCE-05E53BED615E@yahoo.com>
2026-05-03 11:40:34,833 - INFO - Skipping already-processed message ID: <CF815BF6-F0CF-42BC-8956-F9AEA2E7A053@yahoo.com>
2026-05-03 11:40:34,833 - INFO - Skipping already-processed message ID: <E7CA10BA-6536-4481-BA1A-E0DAAFF3E63E@yahoo.com>
2026-05-03 11:40:34,833 - INFO - Skipping already-processed message ID: <06787DDD-1890-48CE-BA09-46B7B4AB7B53@yahoo.com>
2026-05-03 11:40:34,833 - INFO - ℹ️ No new links found
2026-05-03 11:41:43,844 - INFO - 📧 Processing 20 emails...
2026-05-03 11:41:43,844 - INFO - Loading sent links...
2026-05-03 11:41:43,845 - INFO - Loaded 17 previously sent links, 28 processed message IDs
2026-05-03 11:41:43,845 - INFO - Skipping already-processed message ID: <F65C4CD9-DDD7-4CA3-B54B-CF0DEC0DFDEE@yahoo.com>
2026-05-03 11:41:43,845 - INFO - Skipping already-processed message ID: <0100019ded4898fa-aae9c82a-cf76-41f8-8c3d-402c31b8a7ed-000000@email.amazonses.com>
2026-05-03 11:41:43,845 - INFO - Skipping already-processed message ID: <BB136B87-2299-4B89-9A2E-B446E52DFA50@yahoo.com>
2026-05-03 11:41:43,845 - INFO - Skipping already-processed message ID: <06D43F41-BB9A-4D85-9127-6E51FC50D7FD@yahoo.com>
2026-05-03 11:41:43,845 - INFO - Skipping already-processed message ID: <957111A2-0F6C-4A9D-9ED6-D3B685869E33@yahoo.com>
2026-05-03 11:41:43,845 - INFO - Skipping already-processed message ID: <F0E3D771-4716-472B-B375-8FCD1704055A@yahoo.com>
2026-05-03 11:41:43,845 - INFO - Skipping already-processed message ID: <2AE4154D-4DE9-4188-8CD9-BA433528599C@yahoo.com>
2026-05-03 11:41:43,845 - INFO - Skipping already-processed message ID: <2BB0CCC4-735B-4A5F-8019-A3B7CCC74D03@yahoo.com>
2026-05-03 11:41:43,845 - INFO - Skipping already-processed message ID: <797218A6-4A17-4B87-B429-61B02C7183AD@yahoo.com>
2026-05-03 11:41:43,845 - INFO - Skipping already-processed message ID: <27873746-1170-475E-9C21-7CE95948A671@yahoo.com>
2026-05-03 11:41:43,845 - INFO - Skipping already-processed message ID: <22764553-180E-42BB-9898-BC855B10E550@yahoo.com>
2026-05-03 11:41:43,845 - INFO - Skipping already-processed message ID: <C3317370-D2F5-409D-8D13-85A2F90FC6DB@yahoo.com>
2026-05-03 11:41:43,845 - INFO - Skipping already-processed message ID: <0100019de822820b-cbbf2f75-c1ed-469c-85df-98c1ab947266-000000@email.amazonses.com>
2026-05-03 11:41:43,845 - INFO - Skipping already-processed message ID: <F5FDBF7F-24C1-41B6-9793-F672681D2827@yahoo.com>
2026-05-03 11:41:43,845 - INFO - Skipping already-processed message ID: <7E3878D1-7A25-4DB5-AB91-558C9CE7A009@yahoo.com>
2026-05-03 11:41:43,845 - INFO - Skipping already-processed message ID: <1DAA720E-E8A6-4C3D-98DA-141AE8AE8BF9@yahoo.com>
2026-05-03 11:41:43,846 - INFO - Skipping already-processed message ID: <660F1C74-5A6B-4C1B-BBCE-05E53BED615E@yahoo.com>
2026-05-03 11:41:43,846 - INFO - Skipping already-processed message ID: <CF815BF6-F0CF-42BC-8956-F9AEA2E7A053@yahoo.com>
2026-05-03 11:41:43,846 - INFO - Skipping already-processed message ID: <E7CA10BA-6536-4481-BA1A-E0DAAFF3E63E@yahoo.com>
2026-05-03 11:41:43,846 - INFO - Skipping already-processed message ID: <06787DDD-1890-48CE-BA09-46B7B4AB7B53@yahoo.com>
2026-05-03 11:41:43,846 - INFO - ℹ️ No new links found
2026-05-03 11:50:17,517 - INFO - 📧 Processing 20 emails...
2026-05-03 11:50:17,518 - INFO - Loading sent links...
2026-05-03 11:50:17,518 - INFO - Loaded 17 previously sent links, 28 processed message IDs
2026-05-03 11:50:17,518 - INFO - Skipping already-processed message ID: <F65C4CD9-DDD7-4CA3-B54B-CF0DEC0DFDEE@yahoo.com>
2026-05-03 11:50:17,518 - INFO - Skipping already-processed message ID: <0100019ded4898fa-aae9c82a-cf76-41f8-8c3d-402c31b8a7ed-000000@email.amazonses.com>
2026-05-03 11:50:17,518 - INFO - Skipping already-processed message ID: <BB136B87-2299-4B89-9A2E-B446E52DFA50@yahoo.com>
2026-05-03 11:50:17,518 - INFO - Skipping already-processed message ID: <06D43F41-BB9A-4D85-9127-6E51FC50D7FD@yahoo.com>
2026-05-03 11:50:17,519 - INFO - Skipping already-processed message ID: <957111A2-0F6C-4A9D-9ED6-D3B685869E33@yahoo.com>
2026-05-03 11:50:17,519 - INFO - Skipping already-processed message ID: <F0E3D771-4716-472B-B375-8FCD1704055A@yahoo.com>
2026-05-03 11:50:17,519 - INFO - Skipping already-processed message ID: <2AE4154D-4DE9-4188-8CD9-BA433528599C@yahoo.com>
2026-05-03 11:50:17,519 - INFO - Skipping already-processed message ID: <2BB0CCC4-735B-4A5F-8019-A3B7CCC74D03@yahoo.com>
2026-05-03 11:50:17,519 - INFO - Skipping already-processed message ID: <797218A6-4A17-4B87-B429-61B02C7183AD@yahoo.com>
2026-05-03 11:50:17,519 - INFO - Skipping already-processed message ID: <27873746-1170-475E-9C21-7CE95948A671@yahoo.com>
2026-05-03 11:50:17,519 - INFO - Skipping already-processed message ID: <22764553-180E-42BB-9898-BC855B10E550@yahoo.com>
2026-05-03 11:50:17,519 - INFO - Skipping already-processed message ID: <C3317370-D2F5-409D-8D13-85A2F90FC6DB@yahoo.com>
2026-05-03 11:50:17,519 - INFO - Skipping already-processed message ID: <0100019de822820b-cbbf2f75-c1ed-469c-85df-98c1ab947266-000000@email.amazonses.com>
2026-05-03 11:50:17,519 - INFO - Skipping already-processed message ID: <F5FDBF7F-24C1-41B6-9793-F672681D2827@yahoo.com>
2026-05-03 11:50:17,519 - INFO - Skipping already-processed message ID: <7E3878D1-7A25-4DB5-AB91-558C9CE7A009@yahoo.com>
2026-05-03 11:50:17,519 - INFO - Skipping already-processed message ID: <1DAA720E-E8A6-4C3D-98DA-141AE8AE8BF9@yahoo.com>
2026-05-03 11:50:17,519 - INFO - Skipping already-processed message ID: <660F1C74-5A6B-4C1B-BBCE-05E53BED615E@yahoo.com>
2026-05-03 11:50:17,519 - INFO - Skipping already-processed message ID: <CF815BF6-F0CF-42BC-8956-F9AEA2E7A053@yahoo.com>
2026-05-03 11:50:17,519 - INFO - Skipping already-processed message ID: <E7CA10BA-6536-4481-BA1A-E0DAAFF3E63E@yahoo.com>
2026-05-03 11:50:17,519 - INFO - Skipping already-processed message ID: <06787DDD-1890-48CE-BA09-46B7B4AB7B53@yahoo.com>
2026-05-03 11:50:17,519 - INFO - ℹ️ No new links found
2026-05-03 12:00:29,621 - INFO - 📧 Processing 20 emails...
2026-05-03 12:00:29,621 - INFO - Loading sent links...
2026-05-03 12:00:29,622 - INFO - Loaded 17 previously sent links, 28 processed message IDs
2026-05-03 12:00:29,622 - INFO - Skipping already-processed message ID: <F65C4CD9-DDD7-4CA3-B54B-CF0DEC0DFDEE@yahoo.com>
2026-05-03 12:00:29,622 - INFO - Skipping already-processed message ID: <0100019ded4898fa-aae9c82a-cf76-41f8-8c3d-402c31b8a7ed-000000@email.amazonses.com>
2026-05-03 12:00:29,622 - INFO - Skipping already-processed message ID: <BB136B87-2299-4B89-9A2E-B446E52DFA50@yahoo.com>
2026-05-03 12:00:29,622 - INFO - Skipping already-processed message ID: <06D43F41-BB9A-4D85-9127-6E51FC50D7FD@yahoo.com>
2026-05-03 12:00:29,622 - INFO - Skipping already-processed message ID: <957111A2-0F6C-4A9D-9ED6-D3B685869E33@yahoo.com>
2026-05-03 12:00:29,622 - INFO - Skipping already-processed message ID: <F0E3D771-4716-472B-B375-8FCD1704055A@yahoo.com>
2026-05-03 12:00:29,622 - INFO - Skipping already-processed message ID: <2AE4154D-4DE9-4188-8CD9-BA433528599C@yahoo.com>
2026-05-03 12:00:29,622 - INFO - Skipping already-processed message ID: <2BB0CCC4-735B-4A5F-8019-A3B7CCC74D03@yahoo.com>
2026-05-03 12:00:29,622 - INFO - Skipping already-processed message ID: <797218A6-4A17-4B87-B429-61B02C7183AD@yahoo.com>
2026-05-03 12:00:29,622 - INFO - Skipping already-processed message ID: <27873746-1170-475E-9C21-7CE95948A671@yahoo.com>
2026-05-03 12:00:29,622 - INFO - Skipping already-processed message ID: <22764553-180E-42BB-9898-BC855B10E550@yahoo.com>
2026-05-03 12:00:29,622 - INFO - Skipping already-processed message ID: <C3317370-D2F5-409D-8D13-85A2F90FC6DB@yahoo.com>
2026-05-03 12:00:29,622 - INFO - Skipping already-processed message ID: <0100019de822820b-cbbf2f75-c1ed-469c-85df-98c1ab947266-000000@email.amazonses.com>
2026-05-03 12:00:29,622 - INFO - Skipping already-processed message ID: <F5FDBF7F-24C1-41B6-9793-F672681D2827@yahoo.com>
2026-05-03 12:00:29,622 - INFO - Skipping already-processed message ID: <7E3878D1-7A25-4DB5-AB91-558C9CE7A009@yahoo.com>
2026-05-03 12:00:29,622 - INFO - Skipping already-processed message ID: <1DAA720E-E8A6-4C3D-98DA-141AE8AE8BF9@yahoo.com>
2026-05-03 12:00:29,622 - INFO - Skipping already-processed message ID: <660F1C74-5A6B-4C1B-BBCE-05E53BED615E@yahoo.com>
2026-05-03 12:00:29,622 - INFO - Skipping already-processed message ID: <CF815BF6-F0CF-42BC-8956-F9AEA2E7A053@yahoo.com>
2026-05-03 12:00:29,623 - INFO - Skipping already-processed message ID: <E7CA10BA-6536-4481-BA1A-E0DAAFF3E63E@yahoo.com>
2026-05-03 12:00:29,623 - INFO - Skipping already-processed message ID: <06787DDD-1890-48CE-BA09-46B7B4AB7B53@yahoo.com>
2026-05-03 12:00:29,623 - INFO - ℹ️ No new links found
2026-05-03 12:30:22,764 - INFO - 📧 Processing 20 emails...
2026-05-03 12:30:22,764 - INFO - Loading sent links...
2026-05-03 12:30:22,764 - INFO - Loaded 17 previously sent links, 28 processed message IDs
2026-05-03 12:30:22,764 - INFO - Skipping already-processed message ID: <F65C4CD9-DDD7-4CA3-B54B-CF0DEC0DFDEE@yahoo.com>
2026-05-03 12:30:22,764 - INFO - Skipping already-processed message ID: <0100019ded4898fa-aae9c82a-cf76-41f8-8c3d-402c31b8a7ed-000000@email.amazonses.com>
2026-05-03 12:30:22,764 - INFO - Skipping already-processed message ID: <BB136B87-2299-4B89-9A2E-B446E52DFA50@yahoo.com>
2026-05-03 12:30:22,764 - INFO - Skipping already-processed message ID: <06D43F41-BB9A-4D85-9127-6E51FC50D7FD@yahoo.com>
2026-05-03 12:30:22,764 - INFO - Skipping already-processed message ID: <957111A2-0F6C-4A9D-9ED6-D3B685869E33@yahoo.com>
2026-05-03 12:30:22,765 - INFO - Skipping already-processed message ID: <F0E3D771-4716-472B-B375-8FCD1704055A@yahoo.com>
2026-05-03 12:30:22,765 - INFO - Skipping already-processed message ID: <2AE4154D-4DE9-4188-8CD9-BA433528599C@yahoo.com>
2026-05-03 12:30:22,765 - INFO - Skipping already-processed message ID: <2BB0CCC4-735B-4A5F-8019-A3B7CCC74D03@yahoo.com>
2026-05-03 12:30:22,765 - INFO - Skipping already-processed message ID: <797218A6-4A17-4B87-B429-61B02C7183AD@yahoo.com>
2026-05-03 12:30:22,765 - INFO - Skipping already-processed message ID: <27873746-1170-475E-9C21-7CE95948A671@yahoo.com>
2026-05-03 12:30:22,765 - INFO - Skipping already-processed message ID: <22764553-180E-42BB-9898-BC855B10E550@yahoo.com>
2026-05-03 12:30:22,765 - INFO - Skipping already-processed message ID: <C3317370-D2F5-409D-8D13-85A2F90FC6DB@yahoo.com>
2026-05-03 12:30:22,765 - INFO - Skipping already-processed message ID: <0100019de822820b-cbbf2f75-c1ed-469c-85df-98c1ab947266-000000@email.amazonses.com>
2026-05-03 12:30:22,765 - INFO - Skipping already-processed message ID: <F5FDBF7F-24C1-41B6-9793-F672681D2827@yahoo.com>
2026-05-03 12:30:22,765 - INFO - Skipping already-processed message ID: <7E3878D1-7A25-4DB5-AB91-558C9CE7A009@yahoo.com>
2026-05-03 12:30:22,765 - INFO - Skipping already-processed message ID: <1DAA720E-E8A6-4C3D-98DA-141AE8AE8BF9@yahoo.com>
2026-05-03 12:30:22,765 - INFO - Skipping already-processed message ID: <660F1C74-5A6B-4C1B-BBCE-05E53BED615E@yahoo.com>
2026-05-03 12:30:22,765 - INFO - Skipping already-processed message ID: <CF815BF6-F0CF-42BC-8956-F9AEA2E7A053@yahoo.com>
2026-05-03 12:30:22,765 - INFO - Skipping already-processed message ID: <E7CA10BA-6536-4481-BA1A-E0DAAFF3E63E@yahoo.com>
2026-05-03 12:30:22,765 - INFO - Skipping already-processed message ID: <06787DDD-1890-48CE-BA09-46B7B4AB7B53@yahoo.com>
2026-05-03 12:30:22,765 - INFO - ℹ️ No new links found
2026-05-03 12:40:44,599 - INFO - 📧 Processing 20 emails...
2026-05-03 12:40:44,599 - INFO - Loading sent links...
2026-05-03 12:40:44,599 - INFO - Loaded 17 previously sent links, 28 processed message IDs
2026-05-03 12:40:44,599 - INFO - Skipping already-processed message ID: <F65C4CD9-DDD7-4CA3-B54B-CF0DEC0DFDEE@yahoo.com>
2026-05-03 12:40:44,599 - INFO - Skipping already-processed message ID: <0100019ded4898fa-aae9c82a-cf76-41f8-8c3d-402c31b8a7ed-000000@email.amazonses.com>
2026-05-03 12:40:44,599 - INFO - Skipping already-processed message ID: <BB136B87-2299-4B89-9A2E-B446E52DFA50@yahoo.com>
2026-05-03 12:40:44,600 - INFO - Skipping already-processed message ID: <06D43F41-BB9A-4D85-9127-6E51FC50D7FD@yahoo.com>
2026-05-03 12:40:44,600 - INFO - Skipping already-processed message ID: <957111A2-0F6C-4A9D-9ED6-D3B685869E33@yahoo.com>
2026-05-03 12:40:44,600 - INFO - Skipping already-processed message ID: <F0E3D771-4716-472B-B375-8FCD1704055A@yahoo.com>
2026-05-03 12:40:44,600 - INFO - Skipping already-processed message ID: <2AE4154D-4DE9-4188-8CD9-BA433528599C@yahoo.com>
2026-05-03 12:40:44,600 - INFO - Skipping already-processed message ID: <2BB0CCC4-735B-4A5F-8019-A3B7CCC74D03@yahoo.com>
2026-05-03 12:40:44,600 - INFO - Skipping already-processed message ID: <797218A6-4A17-4B87-B429-61B02C7183AD@yahoo.com>
2026-05-03 12:40:44,600 - INFO - Skipping already-processed message ID: <27873746-1170-475E-9C21-7CE95948A671@yahoo.com>
2026-05-03 12:40:44,600 - INFO - Skipping already-processed message ID: <22764553-180E-42BB-9898-BC855B10E550@yahoo.com>
2026-05-03 12:40:44,600 - INFO - Skipping already-processed message ID: <C3317370-D2F5-409D-8D13-85A2F90FC6DB@yahoo.com>
2026-05-03 12:40:44,600 - INFO - Skipping already-processed message ID: <0100019de822820b-cbbf2f75-c1ed-469c-85df-98c1ab947266-000000@email.amazonses.com>
2026-05-03 12:40:44,600 - INFO - Skipping already-processed message ID: <F5FDBF7F-24C1-41B6-9793-F672681D2827@yahoo.com>
2026-05-03 12:40:44,600 - INFO - Skipping already-processed message ID: <7E3878D1-7A25-4DB5-AB91-558C9CE7A009@yahoo.com>
2026-05-03 12:40:44,600 - INFO - Skipping already-processed message ID: <1DAA720E-E8A6-4C3D-98DA-141AE8AE8BF9@yahoo.com>
2026-05-03 12:40:44,600 - INFO - Skipping already-processed message ID: <660F1C74-5A6B-4C1B-BBCE-05E53BED615E@yahoo.com>
2026-05-03 12:40:44,600 - INFO - Skipping already-processed message ID: <CF815BF6-F0CF-42BC-8956-F9AEA2E7A053@yahoo.com>
2026-05-03 12:40:44,600 - INFO - Skipping already-processed message ID: <E7CA10BA-6536-4481-BA1A-E0DAAFF3E63E@yahoo.com>
2026-05-03 12:40:44,600 - INFO - Skipping already-processed message ID: <06787DDD-1890-48CE-BA09-46B7B4AB7B53@yahoo.com>
2026-05-03 12:40:44,600 - INFO - ℹ️ No new links found
2026-05-03 12:50:35,201 - INFO - 📧 Processing 20 emails...
2026-05-03 12:50:35,201 - INFO - Loading sent links...
2026-05-03 12:50:35,201 - INFO - Loaded 17 previously sent links, 28 processed message IDs
2026-05-03 12:50:35,201 - INFO - Skipping already-processed message ID: <F65C4CD9-DDD7-4CA3-B54B-CF0DEC0DFDEE@yahoo.com>
2026-05-03 12:50:35,201 - INFO - Skipping already-processed message ID: <0100019ded4898fa-aae9c82a-cf76-41f8-8c3d-402c31b8a7ed-000000@email.amazonses.com>
2026-05-03 12:50:35,202 - INFO - Skipping already-processed message ID: <BB136B87-2299-4B89-9A2E-B446E52DFA50@yahoo.com>
2026-05-03 12:50:35,202 - INFO - Skipping already-processed message ID: <06D43F41-BB9A-4D85-9127-6E51FC50D7FD@yahoo.com>
2026-05-03 12:50:35,202 - INFO - Skipping already-processed message ID: <957111A2-0F6C-4A9D-9ED6-D3B685869E33@yahoo.com>
2026-05-03 12:50:35,202 - INFO - Skipping already-processed message ID: <F0E3D771-4716-472B-B375-8FCD1704055A@yahoo.com>
2026-05-03 12:50:35,202 - INFO - Skipping already-processed message ID: <2AE4154D-4DE9-4188-8CD9-BA433528599C@yahoo.com>
2026-05-03 12:50:35,202 - INFO - Skipping already-processed message ID: <2BB0CCC4-735B-4A5F-8019-A3B7CCC74D03@yahoo.com>
2026-05-03 12:50:35,202 - INFO - Skipping already-processed message ID: <797218A6-4A17-4B87-B429-61B02C7183AD@yahoo.com>
2026-05-03 12:50:35,202 - INFO - Skipping already-processed message ID: <27873746-1170-475E-9C21-7CE95948A671@yahoo.com>
2026-05-03 12:50:35,202 - INFO - Skipping already-processed message ID: <22764553-180E-42BB-9898-BC855B10E550@yahoo.com>
2026-05-03 12:50:35,202 - INFO - Skipping already-processed message ID: <C3317370-D2F5-409D-8D13-85A2F90FC6DB@yahoo.com>
2026-05-03 12:50:35,202 - INFO - Skipping already-processed message ID: <0100019de822820b-cbbf2f75-c1ed-469c-85df-98c1ab947266-000000@email.amazonses.com>
2026-05-03 12:50:35,202 - INFO - Skipping already-processed message ID: <F5FDBF7F-24C1-41B6-9793-F672681D2827@yahoo.com>
2026-05-03 12:50:35,202 - INFO - Skipping already-processed message ID: <7E3878D1-7A25-4DB5-AB91-558C9CE7A009@yahoo.com>
2026-05-03 12:50:35,202 - INFO - Skipping already-processed message ID: <1DAA720E-E8A6-4C3D-98DA-141AE8AE8BF9@yahoo.com>
2026-05-03 12:50:35,202 - INFO - Skipping already-processed message ID: <660F1C74-5A6B-4C1B-BBCE-05E53BED615E@yahoo.com>
2026-05-03 12:50:35,202 - INFO - Skipping already-processed message ID: <CF815BF6-F0CF-42BC-8956-F9AEA2E7A053@yahoo.com>
2026-05-03 12:50:35,202 - INFO - Skipping already-processed message ID: <E7CA10BA-6536-4481-BA1A-E0DAAFF3E63E@yahoo.com>
2026-05-03 12:50:35,202 - INFO - Skipping already-processed message ID: <06787DDD-1890-48CE-BA09-46B7B4AB7B53@yahoo.com>
2026-05-03 12:50:35,202 - INFO - ℹ️ No new links found
2026-05-03 13:00:21,681 - INFO - 📧 Processing 20 emails...
2026-05-03 13:00:21,681 - INFO - Loading sent links...
2026-05-03 13:00:21,682 - INFO - Loaded 17 previously sent links, 28 processed message IDs
2026-05-03 13:00:21,682 - INFO - Skipping already-processed message ID: <F65C4CD9-DDD7-4CA3-B54B-CF0DEC0DFDEE@yahoo.com>
2026-05-03 13:00:21,682 - INFO - Skipping already-processed message ID: <0100019ded4898fa-aae9c82a-cf76-41f8-8c3d-402c31b8a7ed-000000@email.amazonses.com>
2026-05-03 13:00:21,682 - INFO - Skipping already-processed message ID: <BB136B87-2299-4B89-9A2E-B446E52DFA50@yahoo.com>
2026-05-03 13:00:21,682 - INFO - Skipping already-processed message ID: <06D43F41-BB9A-4D85-9127-6E51FC50D7FD@yahoo.com>
2026-05-03 13:00:21,682 - INFO - Skipping already-processed message ID: <957111A2-0F6C-4A9D-9ED6-D3B685869E33@yahoo.com>
2026-05-03 13:00:21,682 - INFO - Skipping already-processed message ID: <F0E3D771-4716-472B-B375-8FCD1704055A@yahoo.com>
2026-05-03 13:00:21,682 - INFO - Skipping already-processed message ID: <2AE4154D-4DE9-4188-8CD9-BA433528599C@yahoo.com>
2026-05-03 13:00:21,682 - INFO - Skipping already-processed message ID: <2BB0CCC4-735B-4A5F-8019-A3B7CCC74D03@yahoo.com>
2026-05-03 13:00:21,682 - INFO - Skipping already-processed message ID: <797218A6-4A17-4B87-B429-61B02C7183AD@yahoo.com>
2026-05-03 13:00:21,682 - INFO - Skipping already-processed message ID: <27873746-1170-475E-9C21-7CE95948A671@yahoo.com>
2026-05-03 13:00:21,682 - INFO - Skipping already-processed message ID: <22764553-180E-42BB-9898-BC855B10E550@yahoo.com>
2026-05-03 13:00:21,682 - INFO - Skipping already-processed message ID: <C3317370-D2F5-409D-8D13-85A2F90FC6DB@yahoo.com>
2026-05-03 13:00:21,682 - INFO - Skipping already-processed message ID: <0100019de822820b-cbbf2f75-c1ed-469c-85df-98c1ab947266-000000@email.amazonses.com>
2026-05-03 13:00:21,682 - INFO - Skipping already-processed message ID: <F5FDBF7F-24C1-41B6-9793-F672681D2827@yahoo.com>
2026-05-03 13:00:21,682 - INFO - Skipping already-processed message ID: <7E3878D1-7A25-4DB5-AB91-558C9CE7A009@yahoo.com>
2026-05-03 13:00:21,682 - INFO - Skipping already-processed message ID: <1DAA720E-E8A6-4C3D-98DA-141AE8AE8BF9@yahoo.com>
2026-05-03 13:00:21,682 - INFO - Skipping already-processed message ID: <660F1C74-5A6B-4C1B-BBCE-05E53BED615E@yahoo.com>
2026-05-03 13:00:21,682 - INFO - Skipping already-processed message ID: <CF815BF6-F0CF-42BC-8956-F9AEA2E7A053@yahoo.com>
2026-05-03 13:00:21,682 - INFO - Skipping already-processed message ID: <E7CA10BA-6536-4481-BA1A-E0DAAFF3E63E@yahoo.com>
2026-05-03 13:00:21,683 - INFO - Skipping already-processed message ID: <06787DDD-1890-48CE-BA09-46B7B4AB7B53@yahoo.com>
2026-05-03 13:00:21,683 - INFO - ℹ️ No new links found
2026-05-03 13:10:20,757 - INFO - 📧 Processing 20 emails...
2026-05-03 13:10:20,758 - INFO - Loading sent links...
2026-05-03 13:10:20,758 - INFO - Loaded 17 previously sent links, 28 processed message IDs
2026-05-03 13:10:20,758 - INFO - Skipping already-processed message ID: <F65C4CD9-DDD7-4CA3-B54B-CF0DEC0DFDEE@yahoo.com>
2026-05-03 13:10:20,758 - INFO - Skipping already-processed message ID: <0100019ded4898fa-aae9c82a-cf76-41f8-8c3d-402c31b8a7ed-000000@email.amazonses.com>
2026-05-03 13:10:20,758 - INFO - Skipping already-processed message ID: <BB136B87-2299-4B89-9A2E-B446E52DFA50@yahoo.com>
2026-05-03 13:10:20,758 - INFO - Skipping already-processed message ID: <06D43F41-BB9A-4D85-9127-6E51FC50D7FD@yahoo.com>
2026-05-03 13:10:20,758 - INFO - Skipping already-processed message ID: <957111A2-0F6C-4A9D-9ED6-D3B685869E33@yahoo.com>
2026-05-03 13:10:20,758 - INFO - Skipping already-processed message ID: <F0E3D771-4716-472B-B375-8FCD1704055A@yahoo.com>
2026-05-03 13:10:20,758 - INFO - Skipping already-processed message ID: <2AE4154D-4DE9-4188-8CD9-BA433528599C@yahoo.com>
2026-05-03 13:10:20,758 - INFO - Skipping already-processed message ID: <2BB0CCC4-735B-4A5F-8019-A3B7CCC74D03@yahoo.com>
2026-05-03 13:10:20,758 - INFO - Skipping already-processed message ID: <797218A6-4A17-4B87-B429-61B02C7183AD@yahoo.com>
2026-05-03 13:10:20,758 - INFO - Skipping already-processed message ID: <27873746-1170-475E-9C21-7CE95948A671@yahoo.com>
2026-05-03 13:10:20,758 - INFO - Skipping already-processed message ID: <22764553-180E-42BB-9898-BC855B10E550@yahoo.com>
2026-05-03 13:10:20,758 - INFO - Skipping already-processed message ID: <C3317370-D2F5-409D-8D13-85A2F90FC6DB@yahoo.com>
2026-05-03 13:10:20,758 - INFO - Skipping already-processed message ID: <0100019de822820b-cbbf2f75-c1ed-469c-85df-98c1ab947266-000000@email.amazonses.com>
2026-05-03 13:10:20,759 - INFO - Skipping already-processed message ID: <F5FDBF7F-24C1-41B6-9793-F672681D2827@yahoo.com>
2026-05-03 13:10:20,759 - INFO - Skipping already-processed message ID: <7E3878D1-7A25-4DB5-AB91-558C9CE7A009@yahoo.com>
2026-05-03 13:10:20,759 - INFO - Skipping already-processed message ID: <1DAA720E-E8A6-4C3D-98DA-141AE8AE8BF9@yahoo.com>
2026-05-03 13:10:20,759 - INFO - Skipping already-processed message ID: <660F1C74-5A6B-4C1B-BBCE-05E53BED615E@yahoo.com>
2026-05-03 13:10:20,759 - INFO - Skipping already-processed message ID: <CF815BF6-F0CF-42BC-8956-F9AEA2E7A053@yahoo.com>
2026-05-03 13:10:20,759 - INFO - Skipping already-processed message ID: <E7CA10BA-6536-4481-BA1A-E0DAAFF3E63E@yahoo.com>
2026-05-03 13:10:20,759 - INFO - Skipping already-processed message ID: <06787DDD-1890-48CE-BA09-46B7B4AB7B53@yahoo.com>
2026-05-03 13:10:20,759 - INFO - ℹ️ No new links found
2026-05-03 13:20:36,606 - INFO - 📧 Processing 20 emails...
2026-05-03 13:20:36,607 - INFO - Loading sent links...
2026-05-03 13:20:36,607 - INFO - Loaded 17 previously sent links, 28 processed message IDs
2026-05-03 13:20:36,607 - INFO - Skipping already-processed message ID: <F65C4CD9-DDD7-4CA3-B54B-CF0DEC0DFDEE@yahoo.com>
2026-05-03 13:20:36,607 - INFO - Skipping already-processed message ID: <0100019ded4898fa-aae9c82a-cf76-41f8-8c3d-402c31b8a7ed-000000@email.amazonses.com>
2026-05-03 13:20:36,607 - INFO - Skipping already-processed message ID: <BB136B87-2299-4B89-9A2E-B446E52DFA50@yahoo.com>
2026-05-03 13:20:36,607 - INFO - Skipping already-processed message ID: <06D43F41-BB9A-4D85-9127-6E51FC50D7FD@yahoo.com>
2026-05-03 13:20:36,607 - INFO - Skipping already-processed message ID: <957111A2-0F6C-4A9D-9ED6-D3B685869E33@yahoo.com>
2026-05-03 13:20:36,607 - INFO - Skipping already-processed message ID: <F0E3D771-4716-472B-B375-8FCD1704055A@yahoo.com>
2026-05-03 13:20:36,607 - INFO - Skipping already-processed message ID: <2AE4154D-4DE9-4188-8CD9-BA433528599C@yahoo.com>
2026-05-03 13:20:36,607 - INFO - Skipping already-processed message ID: <2BB0CCC4-735B-4A5F-8019-A3B7CCC74D03@yahoo.com>
2026-05-03 13:20:36,607 - INFO - Skipping already-processed message ID: <797218A6-4A17-4B87-B429-61B02C7183AD@yahoo.com>
2026-05-03 13:20:36,608 - INFO - Skipping already-processed message ID: <27873746-1170-475E-9C21-7CE95948A671@yahoo.com>
2026-05-03 13:20:36,608 - INFO - Skipping already-processed message ID: <22764553-180E-42BB-9898-BC855B10E550@yahoo.com>
2026-05-03 13:20:36,608 - INFO - Skipping already-processed message ID: <C3317370-D2F5-409D-8D13-85A2F90FC6DB@yahoo.com>
2026-05-03 13:20:36,608 - INFO - Skipping already-processed message ID: <0100019de822820b-cbbf2f75-c1ed-469c-85df-98c1ab947266-000000@email.amazonses.com>
2026-05-03 13:20:36,608 - INFO - Skipping already-processed message ID: <F5FDBF7F-24C1-41B6-9793-F672681D2827@yahoo.com>
2026-05-03 13:20:36,608 - INFO - Skipping already-processed message ID: <7E3878D1-7A25-4DB5-AB91-558C9CE7A009@yahoo.com>
2026-05-03 13:20:36,608 - INFO - Skipping already-processed message ID: <1DAA720E-E8A6-4C3D-98DA-141AE8AE8BF9@yahoo.com>
2026-05-03 13:20:36,608 - INFO - Skipping already-processed message ID: <660F1C74-5A6B-4C1B-BBCE-05E53BED615E@yahoo.com>
2026-05-03 13:20:36,608 - INFO - Skipping already-processed message ID: <CF815BF6-F0CF-42BC-8956-F9AEA2E7A053@yahoo.com>
2026-05-03 13:20:36,608 - INFO - Skipping already-processed message ID: <E7CA10BA-6536-4481-BA1A-E0DAAFF3E63E@yahoo.com>
2026-05-03 13:20:36,608 - INFO - Skipping already-processed message ID: <06787DDD-1890-48CE-BA09-46B7B4AB7B53@yahoo.com>
2026-05-03 13:20:36,608 - INFO - ℹ️ No new links found
2026-05-03 13:21:23,835 - INFO - 📧 Processing 20 emails...
2026-05-03 13:21:23,835 - INFO - Loading sent links...
2026-05-03 13:21:23,836 - INFO - Loaded 17 previously sent links, 28 processed message IDs
2026-05-03 13:21:23,836 - INFO - Skipping already-processed message ID: <F65C4CD9-DDD7-4CA3-B54B-CF0DEC0DFDEE@yahoo.com>
2026-05-03 13:21:23,836 - INFO - Skipping already-processed message ID: <0100019ded4898fa-aae9c82a-cf76-41f8-8c3d-402c31b8a7ed-000000@email.amazonses.com>
2026-05-03 13:21:23,836 - INFO - Skipping already-processed message ID: <BB136B87-2299-4B89-9A2E-B446E52DFA50@yahoo.com>
2026-05-03 13:21:23,836 - INFO - Skipping already-processed message ID: <06D43F41-BB9A-4D85-9127-6E51FC50D7FD@yahoo.com>
2026-05-03 13:21:23,836 - INFO - Skipping already-processed message ID: <957111A2-0F6C-4A9D-9ED6-D3B685869E33@yahoo.com>
2026-05-03 13:21:23,836 - INFO - Skipping already-processed message ID: <F0E3D771-4716-472B-B375-8FCD1704055A@yahoo.com>
2026-05-03 13:21:23,836 - INFO - Skipping already-processed message ID: <2AE4154D-4DE9-4188-8CD9-BA433528599C@yahoo.com>
2026-05-03 13:21:23,836 - INFO - Skipping already-processed message ID: <2BB0CCC4-735B-4A5F-8019-A3B7CCC74D03@yahoo.com>
2026-05-03 13:21:23,836 - INFO - Skipping already-processed message ID: <797218A6-4A17-4B87-B429-61B02C7183AD@yahoo.com>
2026-05-03 13:21:23,836 - INFO - Skipping already-processed message ID: <27873746-1170-475E-9C21-7CE95948A671@yahoo.com>
2026-05-03 13:21:23,836 - INFO - Skipping already-processed message ID: <22764553-180E-42BB-9898-BC855B10E550@yahoo.com>
2026-05-03 13:21:23,836 - INFO - Skipping already-processed message ID: <C3317370-D2F5-409D-8D13-85A2F90FC6DB@yahoo.com>
2026-05-03 13:21:23,836 - INFO - Skipping already-processed message ID: <0100019de822820b-cbbf2f75-c1ed-469c-85df-98c1ab947266-000000@email.amazonses.com>
2026-05-03 13:21:23,836 - INFO - Skipping already-processed message ID: <F5FDBF7F-24C1-41B6-9793-F672681D2827@yahoo.com>
2026-05-03 13:21:23,836 - INFO - Skipping already-processed message ID: <7E3878D1-7A25-4DB5-AB91-558C9CE7A009@yahoo.com>
2026-05-03 13:21:23,836 - INFO - Skipping already-processed message ID: <1DAA720E-E8A6-4C3D-98DA-141AE8AE8BF9@yahoo.com>
2026-05-03 13:21:23,836 - INFO - Skipping already-processed message ID: <660F1C74-5A6B-4C1B-BBCE-05E53BED615E@yahoo.com>
2026-05-03 13:21:23,836 - INFO - Skipping already-processed message ID: <CF815BF6-F0CF-42BC-8956-F9AEA2E7A053@yahoo.com>
2026-05-03 13:21:23,836 - INFO - Skipping already-processed message ID: <E7CA10BA-6536-4481-BA1A-E0DAAFF3E63E@yahoo.com>
2026-05-03 13:21:23,836 - INFO - Skipping already-processed message ID: <06787DDD-1890-48CE-BA09-46B7B4AB7B53@yahoo.com>
2026-05-03 13:21:23,836 - INFO - ℹ️ No new links found
2026-05-03 13:30:43,088 - INFO - 📧 Processing 20 emails...
2026-05-03 13:30:43,088 - INFO - Loading sent links...
2026-05-03 13:30:43,089 - INFO - Loaded 17 previously sent links, 28 processed message IDs
2026-05-03 13:30:43,089 - INFO - Skipping already-processed message ID: <F65C4CD9-DDD7-4CA3-B54B-CF0DEC0DFDEE@yahoo.com>
2026-05-03 13:30:43,089 - INFO - Skipping already-processed message ID: <0100019ded4898fa-aae9c82a-cf76-41f8-8c3d-402c31b8a7ed-000000@email.amazonses.com>
2026-05-03 13:30:43,089 - INFO - Skipping already-processed message ID: <BB136B87-2299-4B89-9A2E-B446E52DFA50@yahoo.com>
2026-05-03 13:30:43,089 - INFO - Skipping already-processed message ID: <06D43F41-BB9A-4D85-9127-6E51FC50D7FD@yahoo.com>
2026-05-03 13:30:43,089 - INFO - Skipping already-processed message ID: <957111A2-0F6C-4A9D-9ED6-D3B685869E33@yahoo.com>
2026-05-03 13:30:43,089 - INFO - Skipping already-processed message ID: <F0E3D771-4716-472B-B375-8FCD1704055A@yahoo.com>
2026-05-03 13:30:43,089 - INFO - Skipping already-processed message ID: <2AE4154D-4DE9-4188-8CD9-BA433528599C@yahoo.com>
2026-05-03 13:30:43,089 - INFO - Skipping already-processed message ID: <2BB0CCC4-735B-4A5F-8019-A3B7CCC74D03@yahoo.com>
2026-05-03 13:30:43,089 - INFO - Skipping already-processed message ID: <797218A6-4A17-4B87-B429-61B02C7183AD@yahoo.com>
2026-05-03 13:30:43,089 - INFO - Skipping already-processed message ID: <27873746-1170-475E-9C21-7CE95948A671@yahoo.com>
2026-05-03 13:30:43,089 - INFO - Skipping already-processed message ID: <22764553-180E-42BB-9898-BC855B10E550@yahoo.com>
2026-05-03 13:30:43,089 - INFO - Skipping already-processed message ID: <C3317370-D2F5-409D-8D13-85A2F90FC6DB@yahoo.com>
2026-05-03 13:30:43,089 - INFO - Skipping already-processed message ID: <0100019de822820b-cbbf2f75-c1ed-469c-85df-98c1ab947266-000000@email.amazonses.com>
2026-05-03 13:30:43,089 - INFO - Skipping already-processed message ID: <F5FDBF7F-24C1-41B6-9793-F672681D2827@yahoo.com>
2026-05-03 13:30:43,089 - INFO - Skipping already-processed message ID: <7E3878D1-7A25-4DB5-AB91-558C9CE7A009@yahoo.com>
2026-05-03 13:30:43,089 - INFO - Skipping already-processed message ID: <1DAA720E-E8A6-4C3D-98DA-141AE8AE8BF9@yahoo.com>
2026-05-03 13:30:43,089 - INFO - Skipping already-processed message ID: <660F1C74-5A6B-4C1B-BBCE-05E53BED615E@yahoo.com>
2026-05-03 13:30:43,089 - INFO - Skipping already-processed message ID: <CF815BF6-F0CF-42BC-8956-F9AEA2E7A053@yahoo.com>
2026-05-03 13:30:43,089 - INFO - Skipping already-processed message ID: <E7CA10BA-6536-4481-BA1A-E0DAAFF3E63E@yahoo.com>
2026-05-03 13:30:43,089 - INFO - Skipping already-processed message ID: <06787DDD-1890-48CE-BA09-46B7B4AB7B53@yahoo.com>
2026-05-03 13:30:43,089 - INFO - ℹ️ No new links found
2026-05-03 13:40:16,687 - INFO - 📧 Processing 20 emails...
2026-05-03 13:40:16,687 - INFO - Loading sent links...
2026-05-03 13:40:16,688 - INFO - Loaded 17 previously sent links, 28 processed message IDs
2026-05-03 13:40:16,688 - INFO - Skipping already-processed message ID: <F65C4CD9-DDD7-4CA3-B54B-CF0DEC0DFDEE@yahoo.com>
2026-05-03 13:40:16,688 - INFO - Skipping already-processed message ID: <0100019ded4898fa-aae9c82a-cf76-41f8-8c3d-402c31b8a7ed-000000@email.amazonses.com>
2026-05-03 13:40:16,688 - INFO - Skipping already-processed message ID: <BB136B87-2299-4B89-9A2E-B446E52DFA50@yahoo.com>
2026-05-03 13:40:16,688 - INFO - Skipping already-processed message ID: <06D43F41-BB9A-4D85-9127-6E51FC50D7FD@yahoo.com>
2026-05-03 13:40:16,688 - INFO - Skipping already-processed message ID: <957111A2-0F6C-4A9D-9ED6-D3B685869E33@yahoo.com>
2026-05-03 13:40:16,688 - INFO - Skipping already-processed message ID: <F0E3D771-4716-472B-B375-8FCD1704055A@yahoo.com>
2026-05-03 13:40:16,688 - INFO - Skipping already-processed message ID: <2AE4154D-4DE9-4188-8CD9-BA433528599C@yahoo.com>
2026-05-03 13:40:16,688 - INFO - Skipping already-processed message ID: <2BB0CCC4-735B-4A5F-8019-A3B7CCC74D03@yahoo.com>
2026-05-03 13:40:16,688 - INFO - Skipping already-processed message ID: <797218A6-4A17-4B87-B429-61B02C7183AD@yahoo.com>
2026-05-03 13:40:16,688 - INFO - Skipping already-processed message ID: <27873746-1170-475E-9C21-7CE95948A671@yahoo.com>
2026-05-03 13:40:16,688 - INFO - Skipping already-processed message ID: <22764553-180E-42BB-9898-BC855B10E550@yahoo.com>
2026-05-03 13:40:16,688 - INFO - Skipping already-processed message ID: <C3317370-D2F5-409D-8D13-85A2F90FC6DB@yahoo.com>
2026-05-03 13:40:16,689 - INFO - Skipping already-processed message ID: <0100019de822820b-cbbf2f75-c1ed-469c-85df-98c1ab947266-000000@email.amazonses.com>
2026-05-03 13:40:16,689 - INFO - Skipping already-processed message ID: <F5FDBF7F-24C1-41B6-9793-F672681D2827@yahoo.com>
2026-05-03 13:40:16,689 - INFO - Skipping already-processed message ID: <7E3878D1-7A25-4DB5-AB91-558C9CE7A009@yahoo.com>
2026-05-03 13:40:16,689 - INFO - Skipping already-processed message ID: <1DAA720E-E8A6-4C3D-98DA-141AE8AE8BF9@yahoo.com>
2026-05-03 13:40:16,689 - INFO - Skipping already-processed message ID: <660F1C74-5A6B-4C1B-BBCE-05E53BED615E@yahoo.com>
2026-05-03 13:40:16,689 - INFO - Skipping already-processed message ID: <CF815BF6-F0CF-42BC-8956-F9AEA2E7A053@yahoo.com>
2026-05-03 13:40:16,689 - INFO - Skipping already-processed message ID: <E7CA10BA-6536-4481-BA1A-E0DAAFF3E63E@yahoo.com>
2026-05-03 13:40:16,689 - INFO - Skipping already-processed message ID: <06787DDD-1890-48CE-BA09-46B7B4AB7B53@yahoo.com>
2026-05-03 13:40:16,689 - INFO - ℹ️ No new links found
2026-05-03 13:50:19,711 - INFO - 📧 Processing 20 emails...
2026-05-03 13:50:19,712 - INFO - Loading sent links...
2026-05-03 13:50:19,712 - INFO - Loaded 17 previously sent links, 28 processed message IDs
2026-05-03 13:50:19,712 - INFO - Skipping already-processed message ID: <F65C4CD9-DDD7-4CA3-B54B-CF0DEC0DFDEE@yahoo.com>
2026-05-03 13:50:19,712 - INFO - Skipping already-processed message ID: <0100019ded4898fa-aae9c82a-cf76-41f8-8c3d-402c31b8a7ed-000000@email.amazonses.com>
2026-05-03 13:50:19,712 - INFO - Skipping already-processed message ID: <BB136B87-2299-4B89-9A2E-B446E52DFA50@yahoo.com>
2026-05-03 13:50:19,712 - INFO - Skipping already-processed message ID: <06D43F41-BB9A-4D85-9127-6E51FC50D7FD@yahoo.com>
2026-05-03 13:50:19,713 - INFO - Skipping already-processed message ID: <957111A2-0F6C-4A9D-9ED6-D3B685869E33@yahoo.com>
2026-05-03 13:50:19,713 - INFO - Skipping already-processed message ID: <F0E3D771-4716-472B-B375-8FCD1704055A@yahoo.com>
2026-05-03 13:50:19,713 - INFO - Skipping already-processed message ID: <2AE4154D-4DE9-4188-8CD9-BA433528599C@yahoo.com>
2026-05-03 13:50:19,713 - INFO - Skipping already-processed message ID: <2BB0CCC4-735B-4A5F-8019-A3B7CCC74D03@yahoo.com>
2026-05-03 13:50:19,713 - INFO - Skipping already-processed message ID: <797218A6-4A17-4B87-B429-61B02C7183AD@yahoo.com>
2026-05-03 13:50:19,713 - INFO - Skipping already-processed message ID: <27873746-1170-475E-9C21-7CE95948A671@yahoo.com>
2026-05-03 13:50:19,713 - INFO - Skipping already-processed message ID: <22764553-180E-42BB-9898-BC855B10E550@yahoo.com>
2026-05-03 13:50:19,713 - INFO - Skipping already-processed message ID: <C3317370-D2F5-409D-8D13-85A2F90FC6DB@yahoo.com>
2026-05-03 13:50:19,713 - INFO - Skipping already-processed message ID: <0100019de822820b-cbbf2f75-c1ed-469c-85df-98c1ab947266-000000@email.amazonses.com>
2026-05-03 13:50:19,713 - INFO - Skipping already-processed message ID: <F5FDBF7F-24C1-41B6-9793-F672681D2827@yahoo.com>
2026-05-03 13:50:19,713 - INFO - Skipping already-processed message ID: <7E3878D1-7A25-4DB5-AB91-558C9CE7A009@yahoo.com>
2026-05-03 13:50:19,713 - INFO - Skipping already-processed message ID: <1DAA720E-E8A6-4C3D-98DA-141AE8AE8BF9@yahoo.com>
2026-05-03 13:50:19,713 - INFO - Skipping already-processed message ID: <660F1C74-5A6B-4C1B-BBCE-05E53BED615E@yahoo.com>
2026-05-03 13:50:19,713 - INFO - Skipping already-processed message ID: <CF815BF6-F0CF-42BC-8956-F9AEA2E7A053@yahoo.com>
2026-05-03 13:50:19,713 - INFO - Skipping already-processed message ID: <E7CA10BA-6536-4481-BA1A-E0DAAFF3E63E@yahoo.com>
2026-05-03 13:50:19,713 - INFO - Skipping already-processed message ID: <06787DDD-1890-48CE-BA09-46B7B4AB7B53@yahoo.com>
2026-05-03 13:50:19,713 - INFO - ℹ️ No new links found
2026-05-03 13:50:43,961 - INFO - 📧 Processing 20 emails...
2026-05-03 13:50:43,961 - INFO - Loading sent links...
2026-05-03 13:50:43,962 - INFO - Loaded 17 previously sent links, 28 processed message IDs
2026-05-03 13:50:43,962 - INFO - Skipping already-processed message ID: <F65C4CD9-DDD7-4CA3-B54B-CF0DEC0DFDEE@yahoo.com>
2026-05-03 13:50:43,962 - INFO - Skipping already-processed message ID: <0100019ded4898fa-aae9c82a-cf76-41f8-8c3d-402c31b8a7ed-000000@email.amazonses.com>
2026-05-03 13:50:43,962 - INFO - Skipping already-processed message ID: <BB136B87-2299-4B89-9A2E-B446E52DFA50@yahoo.com>
2026-05-03 13:50:43,962 - INFO - Skipping already-processed message ID: <06D43F41-BB9A-4D85-9127-6E51FC50D7FD@yahoo.com>
2026-05-03 13:50:43,962 - INFO - Skipping already-processed message ID: <957111A2-0F6C-4A9D-9ED6-D3B685869E33@yahoo.com>
2026-05-03 13:50:43,962 - INFO - Skipping already-processed message ID: <F0E3D771-4716-472B-B375-8FCD1704055A@yahoo.com>
2026-05-03 13:50:43,962 - INFO - Skipping already-processed message ID: <2AE4154D-4DE9-4188-8CD9-BA433528599C@yahoo.com>
2026-05-03 13:50:43,962 - INFO - Skipping already-processed message ID: <2BB0CCC4-735B-4A5F-8019-A3B7CCC74D03@yahoo.com>
2026-05-03 13:50:43,962 - INFO - Skipping already-processed message ID: <797218A6-4A17-4B87-B429-61B02C7183AD@yahoo.com>
2026-05-03 13:50:43,962 - INFO - Skipping already-processed message ID: <27873746-1170-475E-9C21-7CE95948A671@yahoo.com>
2026-05-03 13:50:43,962 - INFO - Skipping already-processed message ID: <22764553-180E-42BB-9898-BC855B10E550@yahoo.com>
2026-05-03 13:50:43,962 - INFO - Skipping already-processed message ID: <C3317370-D2F5-409D-8D13-85A2F90FC6DB@yahoo.com>
2026-05-03 13:50:43,962 - INFO - Skipping already-processed message ID: <0100019de822820b-cbbf2f75-c1ed-469c-85df-98c1ab947266-000000@email.amazonses.com>
2026-05-03 13:50:43,962 - INFO - Skipping already-processed message ID: <F5FDBF7F-24C1-41B6-9793-F672681D2827@yahoo.com>
2026-05-03 13:50:43,962 - INFO - Skipping already-processed message ID: <7E3878D1-7A25-4DB5-AB91-558C9CE7A009@yahoo.com>
2026-05-03 13:50:43,962 - INFO - Skipping already-processed message ID: <1DAA720E-E8A6-4C3D-98DA-141AE8AE8BF9@yahoo.com>
2026-05-03 13:50:43,962 - INFO - Skipping already-processed message ID: <660F1C74-5A6B-4C1B-BBCE-05E53BED615E@yahoo.com>
2026-05-03 13:50:43,962 - INFO - Skipping already-processed message ID: <CF815BF6-F0CF-42BC-8956-F9AEA2E7A053@yahoo.com>
2026-05-03 13:50:43,962 - INFO - Skipping already-processed message ID: <E7CA10BA-6536-4481-BA1A-E0DAAFF3E63E@yahoo.com>
2026-05-03 13:50:43,962 - INFO - Skipping already-processed message ID: <06787DDD-1890-48CE-BA09-46B7B4AB7B53@yahoo.com>
2026-05-03 13:50:43,962 - INFO - ℹ️ No new links found
2026-05-03 14:00:50,292 - INFO - 📧 Processing 20 emails...
2026-05-03 14:00:50,292 - INFO - Loading sent links...
2026-05-03 14:00:50,292 - INFO - Loaded 17 previously sent links, 28 processed message IDs
2026-05-03 14:00:50,292 - INFO - Skipping already-processed message ID: <F65C4CD9-DDD7-4CA3-B54B-CF0DEC0DFDEE@yahoo.com>
2026-05-03 14:00:50,292 - INFO - Skipping already-processed message ID: <0100019ded4898fa-aae9c82a-cf76-41f8-8c3d-402c31b8a7ed-000000@email.amazonses.com>
2026-05-03 14:00:50,292 - INFO - Skipping already-processed message ID: <BB136B87-2299-4B89-9A2E-B446E52DFA50@yahoo.com>
2026-05-03 14:00:50,292 - INFO - Skipping already-processed message ID: <06D43F41-BB9A-4D85-9127-6E51FC50D7FD@yahoo.com>
2026-05-03 14:00:50,293 - INFO - Skipping already-processed message ID: <957111A2-0F6C-4A9D-9ED6-D3B685869E33@yahoo.com>
2026-05-03 14:00:50,293 - INFO - Skipping already-processed message ID: <F0E3D771-4716-472B-B375-8FCD1704055A@yahoo.com>
2026-05-03 14:00:50,293 - INFO - Skipping already-processed message ID: <2AE4154D-4DE9-4188-8CD9-BA433528599C@yahoo.com>
2026-05-03 14:00:50,293 - INFO - Skipping already-processed message ID: <2BB0CCC4-735B-4A5F-8019-A3B7CCC74D03@yahoo.com>
2026-05-03 14:00:50,293 - INFO - Skipping already-processed message ID: <797218A6-4A17-4B87-B429-61B02C7183AD@yahoo.com>
2026-05-03 14:00:50,293 - INFO - Skipping already-processed message ID: <27873746-1170-475E-9C21-7CE95948A671@yahoo.com>
2026-05-03 14:00:50,293 - INFO - Skipping already-processed message ID: <22764553-180E-42BB-9898-BC855B10E550@yahoo.com>
2026-05-03 14:00:50,293 - INFO - Skipping already-processed message ID: <C3317370-D2F5-409D-8D13-85A2F90FC6DB@yahoo.com>
2026-05-03 14:00:50,293 - INFO - Skipping already-processed message ID: <0100019de822820b-cbbf2f75-c1ed-469c-85df-98c1ab947266-000000@email.amazonses.com>
2026-05-03 14:00:50,293 - INFO - Skipping already-processed message ID: <F5FDBF7F-24C1-41B6-9793-F672681D2827@yahoo.com>
2026-05-03 14:00:50,293 - INFO - Skipping already-processed message ID: <7E3878D1-7A25-4DB5-AB91-558C9CE7A009@yahoo.com>
2026-05-03 14:00:50,293 - INFO - Skipping already-processed message ID: <1DAA720E-E8A6-4C3D-98DA-141AE8AE8BF9@yahoo.com>
2026-05-03 14:00:50,293 - INFO - Skipping already-processed message ID: <660F1C74-5A6B-4C1B-BBCE-05E53BED615E@yahoo.com>
2026-05-03 14:00:50,293 - INFO - Skipping already-processed message ID: <CF815BF6-F0CF-42BC-8956-F9AEA2E7A053@yahoo.com>
2026-05-03 14:00:50,293 - INFO - Skipping already-processed message ID: <E7CA10BA-6536-4481-BA1A-E0DAAFF3E63E@yahoo.com>
2026-05-03 14:00:50,293 - INFO - Skipping already-processed message ID: <06787DDD-1890-48CE-BA09-46B7B4AB7B53@yahoo.com>
2026-05-03 14:00:50,293 - INFO - ℹ️ No new links found
2026-05-03 14:20:32,590 - INFO - 📧 Processing 20 emails...
2026-05-03 14:20:32,590 - INFO - Loading sent links...
2026-05-03 14:20:32,590 - INFO - Loaded 17 previously sent links, 28 processed message IDs
2026-05-03 14:20:32,591 - INFO - Skipping already-processed message ID: <F65C4CD9-DDD7-4CA3-B54B-CF0DEC0DFDEE@yahoo.com>
2026-05-03 14:20:32,591 - INFO - Skipping already-processed message ID: <0100019ded4898fa-aae9c82a-cf76-41f8-8c3d-402c31b8a7ed-000000@email.amazonses.com>
2026-05-03 14:20:32,591 - INFO - Skipping already-processed message ID: <BB136B87-2299-4B89-9A2E-B446E52DFA50@yahoo.com>
2026-05-03 14:20:32,591 - INFO - Skipping already-processed message ID: <06D43F41-BB9A-4D85-9127-6E51FC50D7FD@yahoo.com>
2026-05-03 14:20:32,591 - INFO - Skipping already-processed message ID: <957111A2-0F6C-4A9D-9ED6-D3B685869E33@yahoo.com>
2026-05-03 14:20:32,591 - INFO - Skipping already-processed message ID: <F0E3D771-4716-472B-B375-8FCD1704055A@yahoo.com>
2026-05-03 14:20:32,591 - INFO - Skipping already-processed message ID: <2AE4154D-4DE9-4188-8CD9-BA433528599C@yahoo.com>
2026-05-03 14:20:32,591 - INFO - Skipping already-processed message ID: <2BB0CCC4-735B-4A5F-8019-A3B7CCC74D03@yahoo.com>
2026-05-03 14:20:32,591 - INFO - Skipping already-processed message ID: <797218A6-4A17-4B87-B429-61B02C7183AD@yahoo.com>
2026-05-03 14:20:32,591 - INFO - Skipping already-processed message ID: <27873746-1170-475E-9C21-7CE95948A671@yahoo.com>
2026-05-03 14:20:32,591 - INFO - Skipping already-processed message ID: <22764553-180E-42BB-9898-BC855B10E550@yahoo.com>
2026-05-03 14:20:32,591 - INFO - Skipping already-processed message ID: <C3317370-D2F5-409D-8D13-85A2F90FC6DB@yahoo.com>
2026-05-03 14:20:32,591 - INFO - Skipping already-processed message ID: <0100019de822820b-cbbf2f75-c1ed-469c-85df-98c1ab947266-000000@email.amazonses.com>
2026-05-03 14:20:32,591 - INFO - Skipping already-processed message ID: <F5FDBF7F-24C1-41B6-9793-F672681D2827@yahoo.com>
2026-05-03 14:20:32,591 - INFO - Skipping already-processed message ID: <7E3878D1-7A25-4DB5-AB91-558C9CE7A009@yahoo.com>
2026-05-03 14:20:32,591 - INFO - Skipping already-processed message ID: <1DAA720E-E8A6-4C3D-98DA-141AE8AE8BF9@yahoo.com>
2026-05-03 14:20:32,591 - INFO - Skipping already-processed message ID: <660F1C74-5A6B-4C1B-BBCE-05E53BED615E@yahoo.com>
2026-05-03 14:20:32,591 - INFO - Skipping already-processed message ID: <CF815BF6-F0CF-42BC-8956-F9AEA2E7A053@yahoo.com>
2026-05-03 14:20:32,591 - INFO - Skipping already-processed message ID: <E7CA10BA-6536-4481-BA1A-E0DAAFF3E63E@yahoo.com>
2026-05-03 14:20:32,591 - INFO - Skipping already-processed message ID: <06787DDD-1890-48CE-BA09-46B7B4AB7B53@yahoo.com>
2026-05-03 14:20:32,591 - INFO - ℹ️ No new links found
2026-05-03 14:30:19,542 - INFO - 📧 Processing 20 emails...
2026-05-03 14:30:19,542 - INFO - Loading sent links...
2026-05-03 14:30:19,542 - INFO - Loaded 17 previously sent links, 28 processed message IDs
2026-05-03 14:30:19,542 - INFO - Skipping already-processed message ID: <F65C4CD9-DDD7-4CA3-B54B-CF0DEC0DFDEE@yahoo.com>
2026-05-03 14:30:19,542 - INFO - Skipping already-processed message ID: <0100019ded4898fa-aae9c82a-cf76-41f8-8c3d-402c31b8a7ed-000000@email.amazonses.com>
2026-05-03 14:30:19,542 - INFO - Skipping already-processed message ID: <BB136B87-2299-4B89-9A2E-B446E52DFA50@yahoo.com>
2026-05-03 14:30:19,542 - INFO - Skipping already-processed message ID: <06D43F41-BB9A-4D85-9127-6E51FC50D7FD@yahoo.com>
2026-05-03 14:30:19,543 - INFO - Skipping already-processed message ID: <957111A2-0F6C-4A9D-9ED6-D3B685869E33@yahoo.com>
2026-05-03 14:30:19,543 - INFO - Skipping already-processed message ID: <F0E3D771-4716-472B-B375-8FCD1704055A@yahoo.com>
2026-05-03 14:30:19,543 - INFO - Skipping already-processed message ID: <2AE4154D-4DE9-4188-8CD9-BA433528599C@yahoo.com>
2026-05-03 14:30:19,543 - INFO - Skipping already-processed message ID: <2BB0CCC4-735B-4A5F-8019-A3B7CCC74D03@yahoo.com>
2026-05-03 14:30:19,543 - INFO - Skipping already-processed message ID: <797218A6-4A17-4B87-B429-61B02C7183AD@yahoo.com>
2026-05-03 14:30:19,543 - INFO - Skipping already-processed message ID: <27873746-1170-475E-9C21-7CE95948A671@yahoo.com>
2026-05-03 14:30:19,543 - INFO - Skipping already-processed message ID: <22764553-180E-42BB-9898-BC855B10E550@yahoo.com>
2026-05-03 14:30:19,543 - INFO - Skipping already-processed message ID: <C3317370-D2F5-409D-8D13-85A2F90FC6DB@yahoo.com>
2026-05-03 14:30:19,543 - INFO - Skipping already-processed message ID: <0100019de822820b-cbbf2f75-c1ed-469c-85df-98c1ab947266-000000@email.amazonses.com>
2026-05-03 14:30:19,543 - INFO - Skipping already-processed message ID: <F5FDBF7F-24C1-41B6-9793-F672681D2827@yahoo.com>
2026-05-03 14:30:19,543 - INFO - Skipping already-processed message ID: <7E3878D1-7A25-4DB5-AB91-558C9CE7A009@yahoo.com>
2026-05-03 14:30:19,543 - INFO - Skipping already-processed message ID: <1DAA720E-E8A6-4C3D-98DA-141AE8AE8BF9@yahoo.com>
2026-05-03 14:30:19,543 - INFO - Skipping already-processed message ID: <660F1C74-5A6B-4C1B-BBCE-05E53BED615E@yahoo.com>
2026-05-03 14:30:19,543 - INFO - Skipping already-processed message ID: <CF815BF6-F0CF-42BC-8956-F9AEA2E7A053@yahoo.com>
2026-05-03 14:30:19,543 - INFO - Skipping already-processed message ID: <E7CA10BA-6536-4481-BA1A-E0DAAFF3E63E@yahoo.com>
2026-05-03 14:30:19,543 - INFO - Skipping already-processed message ID: <06787DDD-1890-48CE-BA09-46B7B4AB7B53@yahoo.com>
2026-05-03 14:30:19,543 - INFO - ℹ️ No new links found
2026-05-03 14:30:33,691 - INFO - 📧 Processing 20 emails...
2026-05-03 14:30:33,691 - INFO - Loading sent links...
2026-05-03 14:30:33,692 - INFO - Loaded 17 previously sent links, 28 processed message IDs
2026-05-03 14:30:33,692 - INFO - Skipping already-processed message ID: <F65C4CD9-DDD7-4CA3-B54B-CF0DEC0DFDEE@yahoo.com>
2026-05-03 14:30:33,692 - INFO - Skipping already-processed message ID: <0100019ded4898fa-aae9c82a-cf76-41f8-8c3d-402c31b8a7ed-000000@email.amazonses.com>
2026-05-03 14:30:33,692 - INFO - Skipping already-processed message ID: <BB136B87-2299-4B89-9A2E-B446E52DFA50@yahoo.com>
2026-05-03 14:30:33,692 - INFO - Skipping already-processed message ID: <06D43F41-BB9A-4D85-9127-6E51FC50D7FD@yahoo.com>
2026-05-03 14:30:33,692 - INFO - Skipping already-processed message ID: <957111A2-0F6C-4A9D-9ED6-D3B685869E33@yahoo.com>
2026-05-03 14:30:33,692 - INFO - Skipping already-processed message ID: <F0E3D771-4716-472B-B375-8FCD1704055A@yahoo.com>
2026-05-03 14:30:33,692 - INFO - Skipping already-processed message ID: <2AE4154D-4DE9-4188-8CD9-BA433528599C@yahoo.com>
2026-05-03 14:30:33,692 - INFO - Skipping already-processed message ID: <2BB0CCC4-735B-4A5F-8019-A3B7CCC74D03@yahoo.com>
2026-05-03 14:30:33,692 - INFO - Skipping already-processed message ID: <797218A6-4A17-4B87-B429-61B02C7183AD@yahoo.com>
2026-05-03 14:30:33,692 - INFO - Skipping already-processed message ID: <27873746-1170-475E-9C21-7CE95948A671@yahoo.com>
2026-05-03 14:30:33,692 - INFO - Skipping already-processed message ID: <22764553-180E-42BB-9898-BC855B10E550@yahoo.com>
2026-05-03 14:30:33,692 - INFO - Skipping already-processed message ID: <C3317370-D2F5-409D-8D13-85A2F90FC6DB@yahoo.com>
2026-05-03 14:30:33,692 - INFO - Skipping already-processed message ID: <0100019de822820b-cbbf2f75-c1ed-469c-85df-98c1ab947266-000000@email.amazonses.com>
2026-05-03 14:30:33,692 - INFO - Skipping already-processed message ID: <F5FDBF7F-24C1-41B6-9793-F672681D2827@yahoo.com>
2026-05-03 14:30:33,692 - INFO - Skipping already-processed message ID: <7E3878D1-7A25-4DB5-AB91-558C9CE7A009@yahoo.com>
2026-05-03 14:30:33,693 - INFO - Skipping already-processed message ID: <1DAA720E-E8A6-4C3D-98DA-141AE8AE8BF9@yahoo.com>
2026-05-03 14:30:33,693 - INFO - Skipping already-processed message ID: <660F1C74-5A6B-4C1B-BBCE-05E53BED615E@yahoo.com>
2026-05-03 14:30:33,693 - INFO - Skipping already-processed message ID: <CF815BF6-F0CF-42BC-8956-F9AEA2E7A053@yahoo.com>
2026-05-03 14:30:33,693 - INFO - Skipping already-processed message ID: <E7CA10BA-6536-4481-BA1A-E0DAAFF3E63E@yahoo.com>
2026-05-03 14:30:33,693 - INFO - Skipping already-processed message ID: <06787DDD-1890-48CE-BA09-46B7B4AB7B53@yahoo.com>
2026-05-03 14:30:33,693 - INFO - ℹ️ No new links found
2026-05-03 14:40:16,801 - INFO - 📧 Processing 20 emails...
2026-05-03 14:40:16,801 - INFO - Loading sent links...
2026-05-03 14:40:16,802 - INFO - Loaded 17 previously sent links, 28 processed message IDs
2026-05-03 14:40:16,802 - INFO - Skipping already-processed message ID: <F65C4CD9-DDD7-4CA3-B54B-CF0DEC0DFDEE@yahoo.com>
2026-05-03 14:40:16,802 - INFO - Skipping already-processed message ID: <0100019ded4898fa-aae9c82a-cf76-41f8-8c3d-402c31b8a7ed-000000@email.amazonses.com>
2026-05-03 14:40:16,802 - INFO - Skipping already-processed message ID: <BB136B87-2299-4B89-9A2E-B446E52DFA50@yahoo.com>
2026-05-03 14:40:16,802 - INFO - Skipping already-processed message ID: <06D43F41-BB9A-4D85-9127-6E51FC50D7FD@yahoo.com>
2026-05-03 14:40:16,802 - INFO - Skipping already-processed message ID: <957111A2-0F6C-4A9D-9ED6-D3B685869E33@yahoo.com>
2026-05-03 14:40:16,802 - INFO - Skipping already-processed message ID: <F0E3D771-4716-472B-B375-8FCD1704055A@yahoo.com>
2026-05-03 14:40:16,802 - INFO - Skipping already-processed message ID: <2AE4154D-4DE9-4188-8CD9-BA433528599C@yahoo.com>
2026-05-03 14:40:16,802 - INFO - Skipping already-processed message ID: <2BB0CCC4-735B-4A5F-8019-A3B7CCC74D03@yahoo.com>
2026-05-03 14:40:16,802 - INFO - Skipping already-processed message ID: <797218A6-4A17-4B87-B429-61B02C7183AD@yahoo.com>
2026-05-03 14:40:16,802 - INFO - Skipping already-processed message ID: <27873746-1170-475E-9C21-7CE95948A671@yahoo.com>
2026-05-03 14:40:16,802 - INFO - Skipping already-processed message ID: <22764553-180E-42BB-9898-BC855B10E550@yahoo.com>
2026-05-03 14:40:16,802 - INFO - Skipping already-processed message ID: <C3317370-D2F5-409D-8D13-85A2F90FC6DB@yahoo.com>
2026-05-03 14:40:16,802 - INFO - Skipping already-processed message ID: <0100019de822820b-cbbf2f75-c1ed-469c-85df-98c1ab947266-000000@email.amazonses.com>
2026-05-03 14:40:16,802 - INFO - Skipping already-processed message ID: <F5FDBF7F-24C1-41B6-9793-F672681D2827@yahoo.com>
2026-05-03 14:40:16,802 - INFO - Skipping already-processed message ID: <7E3878D1-7A25-4DB5-AB91-558C9CE7A009@yahoo.com>
2026-05-03 14:40:16,802 - INFO - Skipping already-processed message ID: <1DAA720E-E8A6-4C3D-98DA-141AE8AE8BF9@yahoo.com>
2026-05-03 14:40:16,802 - INFO - Skipping already-processed message ID: <660F1C74-5A6B-4C1B-BBCE-05E53BED615E@yahoo.com>
2026-05-03 14:40:16,803 - INFO - Skipping already-processed message ID: <CF815BF6-F0CF-42BC-8956-F9AEA2E7A053@yahoo.com>
2026-05-03 14:40:16,803 - INFO - Skipping already-processed message ID: <E7CA10BA-6536-4481-BA1A-E0DAAFF3E63E@yahoo.com>
2026-05-03 14:40:16,803 - INFO - Skipping already-processed message ID: <06787DDD-1890-48CE-BA09-46B7B4AB7B53@yahoo.com>
2026-05-03 14:40:16,803 - INFO - ℹ️ No new links found
2026-05-03 14:50:18,005 - INFO - 📧 Processing 20 emails...
2026-05-03 14:50:18,005 - INFO - Loading sent links...
2026-05-03 14:50:18,005 - INFO - Loaded 17 previously sent links, 28 processed message IDs
2026-05-03 14:50:18,005 - INFO - Skipping already-processed message ID: <F65C4CD9-DDD7-4CA3-B54B-CF0DEC0DFDEE@yahoo.com>
2026-05-03 14:50:18,006 - INFO - Skipping already-processed message ID: <0100019ded4898fa-aae9c82a-cf76-41f8-8c3d-402c31b8a7ed-000000@email.amazonses.com>
2026-05-03 14:50:18,006 - INFO - Skipping already-processed message ID: <BB136B87-2299-4B89-9A2E-B446E52DFA50@yahoo.com>
2026-05-03 14:50:18,006 - INFO - Skipping already-processed message ID: <06D43F41-BB9A-4D85-9127-6E51FC50D7FD@yahoo.com>
2026-05-03 14:50:18,006 - INFO - Skipping already-processed message ID: <957111A2-0F6C-4A9D-9ED6-D3B685869E33@yahoo.com>
2026-05-03 14:50:18,006 - INFO - Skipping already-processed message ID: <F0E3D771-4716-472B-B375-8FCD1704055A@yahoo.com>
2026-05-03 14:50:18,006 - INFO - Skipping already-processed message ID: <2AE4154D-4DE9-4188-8CD9-BA433528599C@yahoo.com>
2026-05-03 14:50:18,006 - INFO - Skipping already-processed message ID: <2BB0CCC4-735B-4A5F-8019-A3B7CCC74D03@yahoo.com>
2026-05-03 14:50:18,006 - INFO - Skipping already-processed message ID: <797218A6-4A17-4B87-B429-61B02C7183AD@yahoo.com>
2026-05-03 14:50:18,006 - INFO - Skipping already-processed message ID: <27873746-1170-475E-9C21-7CE95948A671@yahoo.com>
2026-05-03 14:50:18,006 - INFO - Skipping already-processed message ID: <22764553-180E-42BB-9898-BC855B10E550@yahoo.com>
2026-05-03 14:50:18,006 - INFO - Skipping already-processed message ID: <C3317370-D2F5-409D-8D13-85A2F90FC6DB@yahoo.com>
2026-05-03 14:50:18,006 - INFO - Skipping already-processed message ID: <0100019de822820b-cbbf2f75-c1ed-469c-85df-98c1ab947266-000000@email.amazonses.com>
2026-05-03 14:50:18,006 - INFO - Skipping already-processed message ID: <F5FDBF7F-24C1-41B6-9793-F672681D2827@yahoo.com>
2026-05-03 14:50:18,006 - INFO - Skipping already-processed message ID: <7E3878D1-7A25-4DB5-AB91-558C9CE7A009@yahoo.com>
2026-05-03 14:50:18,006 - INFO - Skipping already-processed message ID: <1DAA720E-E8A6-4C3D-98DA-141AE8AE8BF9@yahoo.com>
2026-05-03 14:50:18,006 - INFO - Skipping already-processed message ID: <660F1C74-5A6B-4C1B-BBCE-05E53BED615E@yahoo.com>
2026-05-03 14:50:18,006 - INFO - Skipping already-processed message ID: <CF815BF6-F0CF-42BC-8956-F9AEA2E7A053@yahoo.com>
2026-05-03 14:50:18,006 - INFO - Skipping already-processed message ID: <E7CA10BA-6536-4481-BA1A-E0DAAFF3E63E@yahoo.com>
2026-05-03 14:50:18,006 - INFO - Skipping already-processed message ID: <06787DDD-1890-48CE-BA09-46B7B4AB7B53@yahoo.com>
2026-05-03 14:50:18,006 - INFO - ℹ️ No new links found
2026-05-03 15:00:16,934 - INFO - 📧 Processing 20 emails...
2026-05-03 15:00:16,934 - INFO - Loading sent links...
2026-05-03 15:00:16,935 - INFO - Loaded 17 previously sent links, 28 processed message IDs
2026-05-03 15:00:16,935 - INFO - Skipping already-processed message ID: <F65C4CD9-DDD7-4CA3-B54B-CF0DEC0DFDEE@yahoo.com>
2026-05-03 15:00:16,935 - INFO - Skipping already-processed message ID: <0100019ded4898fa-aae9c82a-cf76-41f8-8c3d-402c31b8a7ed-000000@email.amazonses.com>
2026-05-03 15:00:16,935 - INFO - Skipping already-processed message ID: <BB136B87-2299-4B89-9A2E-B446E52DFA50@yahoo.com>
2026-05-03 15:00:16,935 - INFO - Skipping already-processed message ID: <06D43F41-BB9A-4D85-9127-6E51FC50D7FD@yahoo.com>
2026-05-03 15:00:16,935 - INFO - Skipping already-processed message ID: <957111A2-0F6C-4A9D-9ED6-D3B685869E33@yahoo.com>
2026-05-03 15:00:16,935 - INFO - Skipping already-processed message ID: <F0E3D771-4716-472B-B375-8FCD1704055A@yahoo.com>
2026-05-03 15:00:16,935 - INFO - Skipping already-processed message ID: <2AE4154D-4DE9-4188-8CD9-BA433528599C@yahoo.com>
2026-05-03 15:00:16,935 - INFO - Skipping already-processed message ID: <2BB0CCC4-735B-4A5F-8019-A3B7CCC74D03@yahoo.com>
2026-05-03 15:00:16,935 - INFO - Skipping already-processed message ID: <797218A6-4A17-4B87-B429-61B02C7183AD@yahoo.com>
2026-05-03 15:00:16,935 - INFO - Skipping already-processed message ID: <27873746-1170-475E-9C21-7CE95948A671@yahoo.com>
2026-05-03 15:00:16,935 - INFO - Skipping already-processed message ID: <22764553-180E-42BB-9898-BC855B10E550@yahoo.com>
2026-05-03 15:00:16,935 - INFO - Skipping already-processed message ID: <C3317370-D2F5-409D-8D13-85A2F90FC6DB@yahoo.com>
2026-05-03 15:00:16,935 - INFO - Skipping already-processed message ID: <0100019de822820b-cbbf2f75-c1ed-469c-85df-98c1ab947266-000000@email.amazonses.com>
2026-05-03 15:00:16,935 - INFO - Skipping already-processed message ID: <F5FDBF7F-24C1-41B6-9793-F672681D2827@yahoo.com>
2026-05-03 15:00:16,936 - INFO - Skipping already-processed message ID: <7E3878D1-7A25-4DB5-AB91-558C9CE7A009@yahoo.com>
2026-05-03 15:00:16,936 - INFO - Skipping already-processed message ID: <1DAA720E-E8A6-4C3D-98DA-141AE8AE8BF9@yahoo.com>
2026-05-03 15:00:16,936 - INFO - Skipping already-processed message ID: <660F1C74-5A6B-4C1B-BBCE-05E53BED615E@yahoo.com>
2026-05-03 15:00:16,936 - INFO - Skipping already-processed message ID: <CF815BF6-F0CF-42BC-8956-F9AEA2E7A053@yahoo.com>
2026-05-03 15:00:16,936 - INFO - Skipping already-processed message ID: <E7CA10BA-6536-4481-BA1A-E0DAAFF3E63E@yahoo.com>
2026-05-03 15:00:16,936 - INFO - Skipping already-processed message ID: <06787DDD-1890-48CE-BA09-46B7B4AB7B53@yahoo.com>
2026-05-03 15:00:16,936 - INFO - ℹ️ No new links found
2026-05-03 15:10:16,161 - INFO - 📧 Processing 20 emails...
2026-05-03 15:10:16,161 - INFO - Loading sent links...
2026-05-03 15:10:16,162 - INFO - Loaded 17 previously sent links, 28 processed message IDs
2026-05-03 15:10:16,162 - INFO - Processing message ID: <2417795A-852C-4051-B9F9-D79E95DA0578@yahoo.com>
2026-05-03 15:10:16,249 - INFO - Subject: Fwd: 10/05 新澤西州宣恩堂中文主日崇拜連結
2026-05-03 15:10:16,249 - INFO - Message content: Fwd: 10/05 新澤西州宣恩堂中文主日崇拜連結 Sent from my iPhone

Begin forwarded message:

> From: CLGNJ Church of Living Grace <church@clgnj.org>
> Date: October 3, 2025 at 4:23:04 PM EDT
> To: CLGNJ Church of Living Grace <church@clgnj.org>
> Subject: 10/05 新澤西州宣恩堂中文主日崇拜連結
> 
> ﻿
> 10/05 中文崇拜連結
> 
> https://youtube.com/live/5Z-wLSwYOmc
> 
> 
> 請參閱隨附
> 1) 10/05 崇拜程序表
> 2) 新澤西州宣恩堂差傳年會 2025 傳單
> 
> 
> 
Sent from my iPhone

Begin forwarded message:

> From: CLGNJ Church of Living Grace <church@clgnj.org>
> Date: October 3, 2025 at 4:23:04 PM EDT
> To: CLGNJ Church of Living Grace <church@clgnj.org>

2026-05-03 15:10:16,249 - INFO - New YouTube link ID: 5Z-wLSwYOmc
2026-05-03 15:10:16,249 - INFO - ➡️ 🕊️ Live Stream: https://youtube.com/live/5Z-wLSwYOmc
2026-05-03 15:10:16,250 - INFO - Skipping already-processed message ID: <F65C4CD9-DDD7-4CA3-B54B-CF0DEC0DFDEE@yahoo.com>
2026-05-03 15:10:16,250 - INFO - Skipping already-processed message ID: <0100019ded4898fa-aae9c82a-cf76-41f8-8c3d-402c31b8a7ed-000000@email.amazonses.com>
2026-05-03 15:10:16,250 - INFO - Skipping already-processed message ID: <BB136B87-2299-4B89-9A2E-B446E52DFA50@yahoo.com>
2026-05-03 15:10:16,250 - INFO - Skipping already-processed message ID: <06D43F41-BB9A-4D85-9127-6E51FC50D7FD@yahoo.com>
2026-05-03 15:10:16,250 - INFO - Skipping already-processed message ID: <957111A2-0F6C-4A9D-9ED6-D3B685869E33@yahoo.com>
2026-05-03 15:10:16,250 - INFO - Skipping already-processed message ID: <F0E3D771-4716-472B-B375-8FCD1704055A@yahoo.com>
2026-05-03 15:10:16,250 - INFO - Skipping already-processed message ID: <2AE4154D-4DE9-4188-8CD9-BA433528599C@yahoo.com>
2026-05-03 15:10:16,250 - INFO - Skipping already-processed message ID: <2BB0CCC4-735B-4A5F-8019-A3B7CCC74D03@yahoo.com>
2026-05-03 15:10:16,250 - INFO - Skipping already-processed message ID: <797218A6-4A17-4B87-B429-61B02C7183AD@yahoo.com>
2026-05-03 15:10:16,250 - INFO - Skipping already-processed message ID: <27873746-1170-475E-9C21-7CE95948A671@yahoo.com>
2026-05-03 15:10:16,250 - INFO - Skipping already-processed message ID: <22764553-180E-42BB-9898-BC855B10E550@yahoo.com>
2026-05-03 15:10:16,250 - INFO - Skipping already-processed message ID: <C3317370-D2F5-409D-8D13-85A2F90FC6DB@yahoo.com>
2026-05-03 15:10:16,250 - INFO - Skipping already-processed message ID: <0100019de822820b-cbbf2f75-c1ed-469c-85df-98c1ab947266-000000@email.amazonses.com>
2026-05-03 15:10:16,250 - INFO - Skipping already-processed message ID: <F5FDBF7F-24C1-41B6-9793-F672681D2827@yahoo.com>
2026-05-03 15:10:16,250 - INFO - Skipping already-processed message ID: <7E3878D1-7A25-4DB5-AB91-558C9CE7A009@yahoo.com>
2026-05-03 15:10:16,250 - INFO - Skipping already-processed message ID: <1DAA720E-E8A6-4C3D-98DA-141AE8AE8BF9@yahoo.com>
2026-05-03 15:10:16,250 - INFO - Skipping already-processed message ID: <660F1C74-5A6B-4C1B-BBCE-05E53BED615E@yahoo.com>
2026-05-03 15:10:16,251 - INFO - Skipping already-processed message ID: <CF815BF6-F0CF-42BC-8956-F9AEA2E7A053@yahoo.com>
2026-05-03 15:10:16,251 - INFO - Skipping already-processed message ID: <E7CA10BA-6536-4481-BA1A-E0DAAFF3E63E@yahoo.com>
2026-05-03 15:10:16,251 - INFO - Saving 18 sent links...
2026-05-03 15:10:16,251 - INFO - ✅ Sent 1 link(s)
2026-05-03 15:20:22,072 - INFO - 📧 Processing 20 emails...
2026-05-03 15:20:22,072 - INFO - Loading sent links...
2026-05-03 15:20:22,072 - INFO - Loaded 18 previously sent links, 29 processed message IDs
2026-05-03 15:20:22,072 - INFO - Skipping already-processed message ID: <2417795A-852C-4051-B9F9-D79E95DA0578@yahoo.com>
2026-05-03 15:20:22,072 - INFO - Skipping already-processed message ID: <F65C4CD9-DDD7-4CA3-B54B-CF0DEC0DFDEE@yahoo.com>
2026-05-03 15:20:22,072 - INFO - Skipping already-processed message ID: <0100019ded4898fa-aae9c82a-cf76-41f8-8c3d-402c31b8a7ed-000000@email.amazonses.com>
2026-05-03 15:20:22,073 - INFO - Skipping already-processed message ID: <BB136B87-2299-4B89-9A2E-B446E52DFA50@yahoo.com>
2026-05-03 15:20:22,073 - INFO - Skipping already-processed message ID: <06D43F41-BB9A-4D85-9127-6E51FC50D7FD@yahoo.com>
2026-05-03 15:20:22,073 - INFO - Skipping already-processed message ID: <957111A2-0F6C-4A9D-9ED6-D3B685869E33@yahoo.com>
2026-05-03 15:20:22,073 - INFO - Skipping already-processed message ID: <F0E3D771-4716-472B-B375-8FCD1704055A@yahoo.com>
2026-05-03 15:20:22,073 - INFO - Skipping already-processed message ID: <2AE4154D-4DE9-4188-8CD9-BA433528599C@yahoo.com>
2026-05-03 15:20:22,073 - INFO - Skipping already-processed message ID: <2BB0CCC4-735B-4A5F-8019-A3B7CCC74D03@yahoo.com>
2026-05-03 15:20:22,073 - INFO - Skipping already-processed message ID: <797218A6-4A17-4B87-B429-61B02C7183AD@yahoo.com>
2026-05-03 15:20:22,073 - INFO - Skipping already-processed message ID: <27873746-1170-475E-9C21-7CE95948A671@yahoo.com>
2026-05-03 15:20:22,073 - INFO - Skipping already-processed message ID: <22764553-180E-42BB-9898-BC855B10E550@yahoo.com>
2026-05-03 15:20:22,073 - INFO - Skipping already-processed message ID: <C3317370-D2F5-409D-8D13-85A2F90FC6DB@yahoo.com>
2026-05-03 15:20:22,073 - INFO - Skipping already-processed message ID: <0100019de822820b-cbbf2f75-c1ed-469c-85df-98c1ab947266-000000@email.amazonses.com>
2026-05-03 15:20:22,073 - INFO - Skipping already-processed message ID: <F5FDBF7F-24C1-41B6-9793-F672681D2827@yahoo.com>
2026-05-03 15:20:22,073 - INFO - Skipping already-processed message ID: <7E3878D1-7A25-4DB5-AB91-558C9CE7A009@yahoo.com>
2026-05-03 15:20:22,073 - INFO - Skipping already-processed message ID: <1DAA720E-E8A6-4C3D-98DA-141AE8AE8BF9@yahoo.com>
2026-05-03 15:20:22,073 - INFO - Skipping already-processed message ID: <660F1C74-5A6B-4C1B-BBCE-05E53BED615E@yahoo.com>
2026-05-03 15:20:22,073 - INFO - Skipping already-processed message ID: <CF815BF6-F0CF-42BC-8956-F9AEA2E7A053@yahoo.com>
2026-05-03 15:20:22,073 - INFO - Skipping already-processed message ID: <E7CA10BA-6536-4481-BA1A-E0DAAFF3E63E@yahoo.com>
2026-05-03 15:20:22,073 - INFO - ℹ️ No new links found
2026-05-03 15:20:51,968 - INFO - 📧 Processing 20 emails...
2026-05-03 15:20:51,969 - INFO - Loading sent links...
2026-05-03 15:20:51,969 - INFO - Loaded 18 previously sent links, 29 processed message IDs
2026-05-03 15:20:51,970 - INFO - Skipping already-processed message ID: <2417795A-852C-4051-B9F9-D79E95DA0578@yahoo.com>
2026-05-03 15:20:51,970 - INFO - Skipping already-processed message ID: <F65C4CD9-DDD7-4CA3-B54B-CF0DEC0DFDEE@yahoo.com>
2026-05-03 15:20:51,971 - INFO - Skipping already-processed message ID: <0100019ded4898fa-aae9c82a-cf76-41f8-8c3d-402c31b8a7ed-000000@email.amazonses.com>
2026-05-03 15:20:51,971 - INFO - Skipping already-processed message ID: <BB136B87-2299-4B89-9A2E-B446E52DFA50@yahoo.com>
2026-05-03 15:20:51,971 - INFO - Skipping already-processed message ID: <06D43F41-BB9A-4D85-9127-6E51FC50D7FD@yahoo.com>
2026-05-03 15:20:51,971 - INFO - Skipping already-processed message ID: <957111A2-0F6C-4A9D-9ED6-D3B685869E33@yahoo.com>
2026-05-03 15:20:51,971 - INFO - Skipping already-processed message ID: <F0E3D771-4716-472B-B375-8FCD1704055A@yahoo.com>
2026-05-03 15:20:51,971 - INFO - Skipping already-processed message ID: <2AE4154D-4DE9-4188-8CD9-BA433528599C@yahoo.com>
2026-05-03 15:20:51,971 - INFO - Skipping already-processed message ID: <2BB0CCC4-735B-4A5F-8019-A3B7CCC74D03@yahoo.com>
2026-05-03 15:20:51,971 - INFO - Skipping already-processed message ID: <797218A6-4A17-4B87-B429-61B02C7183AD@yahoo.com>
2026-05-03 15:20:51,971 - INFO - Skipping already-processed message ID: <27873746-1170-475E-9C21-7CE95948A671@yahoo.com>
2026-05-03 15:20:51,971 - INFO - Skipping already-processed message ID: <22764553-180E-42BB-9898-BC855B10E550@yahoo.com>
2026-05-03 15:20:51,971 - INFO - Skipping already-processed message ID: <C3317370-D2F5-409D-8D13-85A2F90FC6DB@yahoo.com>
2026-05-03 15:20:51,971 - INFO - Skipping already-processed message ID: <0100019de822820b-cbbf2f75-c1ed-469c-85df-98c1ab947266-000000@email.amazonses.com>
2026-05-03 15:20:51,971 - INFO - Skipping already-processed message ID: <F5FDBF7F-24C1-41B6-9793-F672681D2827@yahoo.com>
2026-05-03 15:20:51,971 - INFO - Skipping already-processed message ID: <7E3878D1-7A25-4DB5-AB91-558C9CE7A009@yahoo.com>
2026-05-03 15:20:51,971 - INFO - Skipping already-processed message ID: <1DAA720E-E8A6-4C3D-98DA-141AE8AE8BF9@yahoo.com>
2026-05-03 15:20:51,972 - INFO - Skipping already-processed message ID: <660F1C74-5A6B-4C1B-BBCE-05E53BED615E@yahoo.com>
2026-05-03 15:20:51,972 - INFO - Skipping already-processed message ID: <CF815BF6-F0CF-42BC-8956-F9AEA2E7A053@yahoo.com>
2026-05-03 15:20:51,972 - INFO - Skipping already-processed message ID: <E7CA10BA-6536-4481-BA1A-E0DAAFF3E63E@yahoo.com>
2026-05-03 15:20:51,972 - INFO - ℹ️ No new links found
2026-05-03 15:30:17,951 - INFO - 🚀 YouTube monitor script started
2026-05-03 15:30:18,847 - INFO - 📧 Processing 20 emails...
2026-05-03 15:30:18,847 - INFO - Loading sent links...
2026-05-03 15:30:18,847 - INFO - Loaded 18 previously sent links, 29 processed message IDs
2026-05-03 15:30:18,847 - INFO - Skipping already-processed message ID: <2417795A-852C-4051-B9F9-D79E95DA0578@yahoo.com>
2026-05-03 15:30:18,848 - INFO - Skipping already-processed message ID: <F65C4CD9-DDD7-4CA3-B54B-CF0DEC0DFDEE@yahoo.com>
2026-05-03 15:30:18,848 - INFO - Skipping already-processed message ID: <0100019ded4898fa-aae9c82a-cf76-41f8-8c3d-402c31b8a7ed-000000@email.amazonses.com>
2026-05-03 15:30:18,848 - INFO - Skipping already-processed message ID: <BB136B87-2299-4B89-9A2E-B446E52DFA50@yahoo.com>
2026-05-03 15:30:18,848 - INFO - Skipping already-processed message ID: <06D43F41-BB9A-4D85-9127-6E51FC50D7FD@yahoo.com>
2026-05-03 15:30:18,848 - INFO - Skipping already-processed message ID: <957111A2-0F6C-4A9D-9ED6-D3B685869E33@yahoo.com>
2026-05-03 15:30:18,848 - INFO - Skipping already-processed message ID: <F0E3D771-4716-472B-B375-8FCD1704055A@yahoo.com>
2026-05-03 15:30:18,848 - INFO - Skipping already-processed message ID: <2AE4154D-4DE9-4188-8CD9-BA433528599C@yahoo.com>
2026-05-03 15:30:18,848 - INFO - Skipping already-processed message ID: <2BB0CCC4-735B-4A5F-8019-A3B7CCC74D03@yahoo.com>
2026-05-03 15:30:18,848 - INFO - Skipping already-processed message ID: <797218A6-4A17-4B87-B429-61B02C7183AD@yahoo.com>
2026-05-03 15:30:18,848 - INFO - Skipping already-processed message ID: <27873746-1170-475E-9C21-7CE95948A671@yahoo.com>
2026-05-03 15:30:18,848 - INFO - Skipping already-processed message ID: <22764553-180E-42BB-9898-BC855B10E550@yahoo.com>
2026-05-03 15:30:18,848 - INFO - Skipping already-processed message ID: <C3317370-D2F5-409D-8D13-85A2F90FC6DB@yahoo.com>
2026-05-03 15:30:18,848 - INFO - Skipping already-processed message ID: <0100019de822820b-cbbf2f75-c1ed-469c-85df-98c1ab947266-000000@email.amazonses.com>
2026-05-03 15:30:18,848 - INFO - Skipping already-processed message ID: <F5FDBF7F-24C1-41B6-9793-F672681D2827@yahoo.com>
2026-05-03 15:30:18,848 - INFO - Skipping already-processed message ID: <7E3878D1-7A25-4DB5-AB91-558C9CE7A009@yahoo.com>
2026-05-03 15:30:18,848 - INFO - Skipping already-processed message ID: <1DAA720E-E8A6-4C3D-98DA-141AE8AE8BF9@yahoo.com>
2026-05-03 15:30:18,848 - INFO - Skipping already-processed message ID: <660F1C74-5A6B-4C1B-BBCE-05E53BED615E@yahoo.com>
2026-05-03 15:30:18,848 - INFO - Skipping already-processed message ID: <CF815BF6-F0CF-42BC-8956-F9AEA2E7A053@yahoo.com>
2026-05-03 15:30:18,848 - INFO - Skipping already-processed message ID: <E7CA10BA-6536-4481-BA1A-E0DAAFF3E63E@yahoo.com>
2026-05-03 15:30:18,848 - INFO - ℹ️ No new links found
2026-05-03 15:32:50,189 - INFO - 🚀 YouTube monitor script started
2026-05-03 15:32:50,984 - INFO - 📧 Processing 20 emails...
2026-05-03 15:32:50,984 - INFO - Loading sent links...
2026-05-03 15:32:50,985 - INFO - Loaded 18 previously sent links, 29 processed message IDs
2026-05-03 15:32:50,985 - INFO - Processing message ID: <578A32F1-DDEC-49EA-BC61-B2871A82BE8F@yahoo.com>
2026-05-03 15:32:51,080 - INFO - Subject: Fwd: 09/28 新澤西州宣恩堂中文主日崇拜連結
2026-05-03 15:32:51,080 - INFO - Message content: Fwd: 09/28 新澤西州宣恩堂中文主日崇拜連結 Sent from my iPhone

Begin forwarded message:

> From: CLGNJ Church of Living Grace <church@clgnj.org>
> Date: September 26, 2025 at 6:57:24 PM EDT
> To: CLGNJ Church of Living Grace <church@clgnj.org>
> Subject: 09/28 新澤西州宣恩堂中文主日崇拜連結
> 
> ﻿
> 09/28 中文崇拜連結
> https://youtube.com/live/F2Vj4TR_U1c
> 
> 請參閱隨附
> 1) 9/28崇拜程序表
> 2) 新澤西州宣恩堂差傳年會 2025 傳單
> 3) 以下是 9/20-21中文部培靈會的錄影連結, 未能出席或者想重溫的弟兄姊妹可打開連結收看影片:
> 
> https://youtube.com/playlist?list=PLR1rXcoMb_Y196DU3KWRvfL7wT6H250nB&si=PtCPpaxUZVmdMHVb
> 
> 
Sent from my iPhone

Begin forwarded message:

> From: CLGNJ Church of Living Grace <church@clgnj.org>
> Date: September 26, 2025 at 6:57:24 PM EDT
> To: CLGNJ Church of Living Grace <church@clgnj.or
2026-05-03 15:32:51,080 - INFO - New YouTube link ID: F2Vj4TR_U1c
2026-05-03 15:32:51,080 - INFO - ➡️ 🕊️ Live Stream: https://youtube.com/live/F2Vj4TR_U1c
2026-05-03 15:32:51,080 - ERROR - ❌ Failed to send Discord notification: No module named 'tools'
2026-05-03 15:32:51,081 - ERROR - ❌ Failed to send Discord notification for link: F2Vj4TR_U1c
2026-05-03 15:32:51,081 - INFO - Skipping already-processed message ID: <2417795A-852C-4051-B9F9-D79E95DA0578@yahoo.com>
2026-05-03 15:32:51,081 - INFO - Skipping already-processed message ID: <F65C4CD9-DDD7-4CA3-B54B-CF0DEC0DFDEE@yahoo.com>
2026-05-03 15:32:51,081 - INFO - Skipping already-processed message ID: <0100019ded4898fa-aae9c82a-cf76-41f8-8c3d-402c31b8a7ed-000000@email.amazonses.com>
2026-05-03 15:32:51,081 - INFO - Skipping already-processed message ID: <BB136B87-2299-4B89-9A2E-B446E52DFA50@yahoo.com>
2026-05-03 15:32:51,081 - INFO - Skipping already-processed message ID: <06D43F41-BB9A-4D85-9127-6E51FC50D7FD@yahoo.com>
2026-05-03 15:32:51,081 - INFO - Skipping already-processed message ID: <957111A2-0F6C-4A9D-9ED6-D3B685869E33@yahoo.com>
2026-05-03 15:32:51,081 - INFO - Skipping already-processed message ID: <F0E3D771-4716-472B-B375-8FCD1704055A@yahoo.com>
2026-05-03 15:32:51,081 - INFO - Skipping already-processed message ID: <2AE4154D-4DE9-4188-8CD9-BA433528599C@yahoo.com>
2026-05-03 15:32:51,081 - INFO - Skipping already-processed message ID: <2BB0CCC4-735B-4A5F-8019-A3B7CCC74D03@yahoo.com>
2026-05-03 15:32:51,081 - INFO - Skipping already-processed message ID: <797218A6-4A17-4B87-B429-61B02C7183AD@yahoo.com>
2026-05-03 15:32:51,081 - INFO - Skipping already-processed message ID: <27873746-1170-475E-9C21-7CE95948A671@yahoo.com>
2026-05-03 15:32:51,081 - INFO - Skipping already-processed message ID: <22764553-180E-42BB-9898-BC855B10E550@yahoo.com>
2026-05-03 15:32:51,081 - INFO - Skipping already-processed message ID: <C3317370-D2F5-409D-8D13-85A2F90FC6DB@yahoo.com>
2026-05-03 15:32:51,081 - INFO - Skipping already-processed message ID: <0100019de822820b-cbbf2f75-c1ed-469c-85df-98c1ab947266-000000@email.amazonses.com>
2026-05-03 15:32:51,081 - INFO - Skipping already-processed message ID: <F5FDBF7F-24C1-41B6-9793-F672681D2827@yahoo.com>
2026-05-03 15:32:51,081 - INFO - Skipping already-processed message ID: <7E3878D1-7A25-4DB5-AB91-558C9CE7A009@yahoo.com>
2026-05-03 15:32:51,081 - INFO - Skipping already-processed message ID: <1DAA720E-E8A6-4C3D-98DA-141AE8AE8BF9@yahoo.com>
2026-05-03 15:32:51,081 - INFO - Skipping already-processed message ID: <660F1C74-5A6B-4C1B-BBCE-05E53BED615E@yahoo.com>
2026-05-03 15:32:51,081 - INFO - Skipping already-processed message ID: <CF815BF6-F0CF-42BC-8956-F9AEA2E7A053@yahoo.com>
2026-05-03 15:32:51,081 - INFO - ℹ️ No new links found
2026-05-03 15:40:43,331 - INFO - 🚀 YouTube monitor script started
2026-05-03 15:40:44,156 - INFO - 📧 Processing 20 emails...
2026-05-03 15:40:44,156 - INFO - Loading sent links...
2026-05-03 15:40:44,157 - INFO - Loaded 18 previously sent links, 30 processed message IDs
2026-05-03 15:40:44,157 - INFO - Skipping already-processed message ID: <578A32F1-DDEC-49EA-BC61-B2871A82BE8F@yahoo.com>
2026-05-03 15:40:44,157 - INFO - Skipping already-processed message ID: <2417795A-852C-4051-B9F9-D79E95DA0578@yahoo.com>
2026-05-03 15:40:44,157 - INFO - Skipping already-processed message ID: <F65C4CD9-DDD7-4CA3-B54B-CF0DEC0DFDEE@yahoo.com>
2026-05-03 15:40:44,157 - INFO - Skipping already-processed message ID: <0100019ded4898fa-aae9c82a-cf76-41f8-8c3d-402c31b8a7ed-000000@email.amazonses.com>
2026-05-03 15:40:44,157 - INFO - Skipping already-processed message ID: <BB136B87-2299-4B89-9A2E-B446E52DFA50@yahoo.com>
2026-05-03 15:40:44,157 - INFO - Skipping already-processed message ID: <06D43F41-BB9A-4D85-9127-6E51FC50D7FD@yahoo.com>
2026-05-03 15:40:44,157 - INFO - Skipping already-processed message ID: <957111A2-0F6C-4A9D-9ED6-D3B685869E33@yahoo.com>
2026-05-03 15:40:44,157 - INFO - Skipping already-processed message ID: <F0E3D771-4716-472B-B375-8FCD1704055A@yahoo.com>
2026-05-03 15:40:44,157 - INFO - Skipping already-processed message ID: <2AE4154D-4DE9-4188-8CD9-BA433528599C@yahoo.com>
2026-05-03 15:40:44,157 - INFO - Skipping already-processed message ID: <2BB0CCC4-735B-4A5F-8019-A3B7CCC74D03@yahoo.com>
2026-05-03 15:40:44,157 - INFO - Skipping already-processed message ID: <797218A6-4A17-4B87-B429-61B02C7183AD@yahoo.com>
2026-05-03 15:40:44,157 - INFO - Skipping already-processed message ID: <27873746-1170-475E-9C21-7CE95948A671@yahoo.com>
2026-05-03 15:40:44,157 - INFO - Skipping already-processed message ID: <22764553-180E-42BB-9898-BC855B10E550@yahoo.com>
2026-05-03 15:40:44,157 - INFO - Skipping already-processed message ID: <C3317370-D2F5-409D-8D13-85A2F90FC6DB@yahoo.com>
2026-05-03 15:40:44,157 - INFO - Skipping already-processed message ID: <0100019de822820b-cbbf2f75-c1ed-469c-85df-98c1ab947266-000000@email.amazonses.com>
2026-05-03 15:40:44,157 - INFO - Skipping already-processed message ID: <F5FDBF7F-24C1-41B6-9793-F672681D2827@yahoo.com>
2026-05-03 15:40:44,157 - INFO - Skipping already-processed message ID: <7E3878D1-7A25-4DB5-AB91-558C9CE7A009@yahoo.com>
2026-05-03 15:40:44,157 - INFO - Skipping already-processed message ID: <1DAA720E-E8A6-4C3D-98DA-141AE8AE8BF9@yahoo.com>
2026-05-03 15:40:44,158 - INFO - Skipping already-processed message ID: <660F1C74-5A6B-4C1B-BBCE-05E53BED615E@yahoo.com>
2026-05-03 15:40:44,158 - INFO - Skipping already-processed message ID: <CF815BF6-F0CF-42BC-8956-F9AEA2E7A053@yahoo.com>
2026-05-03 15:40:44,158 - INFO - ℹ️ No new links found
2026-05-03 15:50:32,731 - INFO - 🚀 YouTube monitor script started
2026-05-03 15:50:33,685 - INFO - 📧 Processing 20 emails...
2026-05-03 15:50:33,685 - INFO - Loading sent links...
2026-05-03 15:50:33,686 - INFO - Loaded 18 previously sent links, 30 processed message IDs
2026-05-03 15:50:33,686 - INFO - Skipping already-processed message ID: <578A32F1-DDEC-49EA-BC61-B2871A82BE8F@yahoo.com>
2026-05-03 15:50:33,686 - INFO - Skipping already-processed message ID: <2417795A-852C-4051-B9F9-D79E95DA0578@yahoo.com>
2026-05-03 15:50:33,686 - INFO - Skipping already-processed message ID: <F65C4CD9-DDD7-4CA3-B54B-CF0DEC0DFDEE@yahoo.com>
2026-05-03 15:50:33,686 - INFO - Skipping already-processed message ID: <0100019ded4898fa-aae9c82a-cf76-41f8-8c3d-402c31b8a7ed-000000@email.amazonses.com>
2026-05-03 15:50:33,687 - INFO - Skipping already-processed message ID: <BB136B87-2299-4B89-9A2E-B446E52DFA50@yahoo.com>
2026-05-03 15:50:33,687 - INFO - Skipping already-processed message ID: <06D43F41-BB9A-4D85-9127-6E51FC50D7FD@yahoo.com>
2026-05-03 15:50:33,687 - INFO - Skipping already-processed message ID: <957111A2-0F6C-4A9D-9ED6-D3B685869E33@yahoo.com>
2026-05-03 15:50:33,687 - INFO - Skipping already-processed message ID: <F0E3D771-4716-472B-B375-8FCD1704055A@yahoo.com>
2026-05-03 15:50:33,687 - INFO - Skipping already-processed message ID: <2AE4154D-4DE9-4188-8CD9-BA433528599C@yahoo.com>
2026-05-03 15:50:33,687 - INFO - Skipping already-processed message ID: <2BB0CCC4-735B-4A5F-8019-A3B7CCC74D03@yahoo.com>
2026-05-03 15:50:33,687 - INFO - Skipping already-processed message ID: <797218A6-4A17-4B87-B429-61B02C7183AD@yahoo.com>
2026-05-03 15:50:33,687 - INFO - Skipping already-processed message ID: <27873746-1170-475E-9C21-7CE95948A671@yahoo.com>
2026-05-03 15:50:33,687 - INFO - Skipping already-processed message ID: <22764553-180E-42BB-9898-BC855B10E550@yahoo.com>
2026-05-03 15:50:33,687 - INFO - Skipping already-processed message ID: <C3317370-D2F5-409D-8D13-85A2F90FC6DB@yahoo.com>
2026-05-03 15:50:33,687 - INFO - Skipping already-processed message ID: <0100019de822820b-cbbf2f75-c1ed-469c-85df-98c1ab947266-000000@email.amazonses.com>
2026-05-03 15:50:33,687 - INFO - Skipping already-processed message ID: <F5FDBF7F-24C1-41B6-9793-F672681D2827@yahoo.com>
2026-05-03 15:50:33,687 - INFO - Skipping already-processed message ID: <7E3878D1-7A25-4DB5-AB91-558C9CE7A009@yahoo.com>
2026-05-03 15:50:33,687 - INFO - Skipping already-processed message ID: <1DAA720E-E8A6-4C3D-98DA-141AE8AE8BF9@yahoo.com>
2026-05-03 15:50:33,687 - INFO - Skipping already-processed message ID: <660F1C74-5A6B-4C1B-BBCE-05E53BED615E@yahoo.com>
2026-05-03 15:50:33,687 - INFO - Skipping already-processed message ID: <CF815BF6-F0CF-42BC-8956-F9AEA2E7A053@yahoo.com>
2026-05-03 15:50:33,687 - INFO - ℹ️ No new links found
2026-05-03 15:56:44,244 - INFO - 🚀 YouTube monitor script started
2026-05-03 15:56:45,115 - INFO - 📧 Processing 20 emails...
2026-05-03 15:56:45,115 - INFO - Loading sent links...
2026-05-03 15:56:45,115 - INFO - Loaded 18 previously sent links, 30 processed message IDs
2026-05-03 15:56:45,115 - INFO - Skipping already-processed message ID: <578A32F1-DDEC-49EA-BC61-B2871A82BE8F@yahoo.com>
2026-05-03 15:56:45,116 - INFO - Skipping already-processed message ID: <2417795A-852C-4051-B9F9-D79E95DA0578@yahoo.com>
2026-05-03 15:56:45,116 - INFO - Skipping already-processed message ID: <F65C4CD9-DDD7-4CA3-B54B-CF0DEC0DFDEE@yahoo.com>
2026-05-03 15:56:45,116 - INFO - Skipping already-processed message ID: <0100019ded4898fa-aae9c82a-cf76-41f8-8c3d-402c31b8a7ed-000000@email.amazonses.com>
2026-05-03 15:56:45,116 - INFO - Skipping already-processed message ID: <BB136B87-2299-4B89-9A2E-B446E52DFA50@yahoo.com>
2026-05-03 15:56:45,116 - INFO - Skipping already-processed message ID: <06D43F41-BB9A-4D85-9127-6E51FC50D7FD@yahoo.com>
2026-05-03 15:56:45,116 - INFO - Skipping already-processed message ID: <957111A2-0F6C-4A9D-9ED6-D3B685869E33@yahoo.com>
2026-05-03 15:56:45,116 - INFO - Skipping already-processed message ID: <F0E3D771-4716-472B-B375-8FCD1704055A@yahoo.com>
2026-05-03 15:56:45,116 - INFO - Skipping already-processed message ID: <2AE4154D-4DE9-4188-8CD9-BA433528599C@yahoo.com>
2026-05-03 15:56:45,116 - INFO - Skipping already-processed message ID: <2BB0CCC4-735B-4A5F-8019-A3B7CCC74D03@yahoo.com>
2026-05-03 15:56:45,116 - INFO - Skipping already-processed message ID: <797218A6-4A17-4B87-B429-61B02C7183AD@yahoo.com>
2026-05-03 15:56:45,116 - INFO - Skipping already-processed message ID: <27873746-1170-475E-9C21-7CE95948A671@yahoo.com>
2026-05-03 15:56:45,116 - INFO - Skipping already-processed message ID: <22764553-180E-42BB-9898-BC855B10E550@yahoo.com>
2026-05-03 15:56:45,116 - INFO - Skipping already-processed message ID: <C3317370-D2F5-409D-8D13-85A2F90FC6DB@yahoo.com>
2026-05-03 15:56:45,116 - INFO - Skipping already-processed message ID: <0100019de822820b-cbbf2f75-c1ed-469c-85df-98c1ab947266-000000@email.amazonses.com>
2026-05-03 15:56:45,116 - INFO - Skipping already-processed message ID: <F5FDBF7F-24C1-41B6-9793-F672681D2827@yahoo.com>
2026-05-03 15:56:45,116 - INFO - Skipping already-processed message ID: <7E3878D1-7A25-4DB5-AB91-558C9CE7A009@yahoo.com>
2026-05-03 15:56:45,116 - INFO - Skipping already-processed message ID: <1DAA720E-E8A6-4C3D-98DA-141AE8AE8BF9@yahoo.com>
2026-05-03 15:56:45,116 - INFO - Skipping already-processed message ID: <660F1C74-5A6B-4C1B-BBCE-05E53BED615E@yahoo.com>
2026-05-03 15:56:45,116 - INFO - Skipping already-processed message ID: <CF815BF6-F0CF-42BC-8956-F9AEA2E7A053@yahoo.com>
2026-05-03 15:56:45,116 - INFO - ℹ️ No new links found
2026-05-03 16:00:19,051 - INFO - 🚀 YouTube monitor script started
2026-05-03 16:00:19,732 - INFO - 📧 Processing 20 emails...
2026-05-03 16:00:19,733 - INFO - Loading sent links...
2026-05-03 16:00:19,733 - INFO - Loaded 18 previously sent links, 30 processed message IDs
2026-05-03 16:00:19,733 - INFO - Skipping already-processed message ID: <578A32F1-DDEC-49EA-BC61-B2871A82BE8F@yahoo.com>
2026-05-03 16:00:19,733 - INFO - Skipping already-processed message ID: <2417795A-852C-4051-B9F9-D79E95DA0578@yahoo.com>
2026-05-03 16:00:19,733 - INFO - Skipping already-processed message ID: <F65C4CD9-DDD7-4CA3-B54B-CF0DEC0DFDEE@yahoo.com>
2026-05-03 16:00:19,733 - INFO - Skipping already-processed message ID: <0100019ded4898fa-aae9c82a-cf76-41f8-8c3d-402c31b8a7ed-000000@email.amazonses.com>
2026-05-03 16:00:19,733 - INFO - Skipping already-processed message ID: <BB136B87-2299-4B89-9A2E-B446E52DFA50@yahoo.com>
2026-05-03 16:00:19,733 - INFO - Skipping already-processed message ID: <06D43F41-BB9A-4D85-9127-6E51FC50D7FD@yahoo.com>
2026-05-03 16:00:19,733 - INFO - Skipping already-processed message ID: <957111A2-0F6C-4A9D-9ED6-D3B685869E33@yahoo.com>
2026-05-03 16:00:19,733 - INFO - Skipping already-processed message ID: <F0E3D771-4716-472B-B375-8FCD1704055A@yahoo.com>
2026-05-03 16:00:19,733 - INFO - Skipping already-processed message ID: <2AE4154D-4DE9-4188-8CD9-BA433528599C@yahoo.com>
2026-05-03 16:00:19,733 - INFO - Skipping already-processed message ID: <2BB0CCC4-735B-4A5F-8019-A3B7CCC74D03@yahoo.com>
2026-05-03 16:00:19,733 - INFO - Skipping already-processed message ID: <797218A6-4A17-4B87-B429-61B02C7183AD@yahoo.com>
2026-05-03 16:00:19,733 - INFO - Skipping already-processed message ID: <27873746-1170-475E-9C21-7CE95948A671@yahoo.com>
2026-05-03 16:00:19,734 - INFO - Skipping already-processed message ID: <22764553-180E-42BB-9898-BC855B10E550@yahoo.com>
2026-05-03 16:00:19,734 - INFO - Skipping already-processed message ID: <C3317370-D2F5-409D-8D13-85A2F90FC6DB@yahoo.com>
2026-05-03 16:00:19,734 - INFO - Skipping already-processed message ID: <0100019de822820b-cbbf2f75-c1ed-469c-85df-98c1ab947266-000000@email.amazonses.com>
2026-05-03 16:00:19,734 - INFO - Skipping already-processed message ID: <F5FDBF7F-24C1-41B6-9793-F672681D2827@yahoo.com>
2026-05-03 16:00:19,734 - INFO - Skipping already-processed message ID: <7E3878D1-7A25-4DB5-AB91-558C9CE7A009@yahoo.com>
2026-05-03 16:00:19,734 - INFO - Skipping already-processed message ID: <1DAA720E-E8A6-4C3D-98DA-141AE8AE8BF9@yahoo.com>
2026-05-03 16:00:19,734 - INFO - Skipping already-processed message ID: <660F1C74-5A6B-4C1B-BBCE-05E53BED615E@yahoo.com>
2026-05-03 16:00:19,734 - INFO - Skipping already-processed message ID: <CF815BF6-F0CF-42BC-8956-F9AEA2E7A053@yahoo.com>
2026-05-03 16:00:19,734 - INFO - ℹ️ No new links found
2026-05-03 16:01:44,774 - INFO - 🚀 YouTube monitor script started
2026-05-03 16:01:46,074 - INFO - 📧 Processing 20 emails...
2026-05-03 16:01:46,074 - INFO - Loading sent links...
2026-05-03 16:01:46,075 - INFO - Loaded 18 previously sent links, 30 processed message IDs
2026-05-03 16:01:46,075 - INFO - Processing message ID: <15AC3D59-8B21-4AAB-B987-5E301D188E95@yahoo.com>
2026-05-03 16:01:46,150 - INFO - Subject: Fwd: 09/21 新澤西州宣恩堂中文主日崇拜連結
2026-05-03 16:01:46,150 - INFO - Message content: Fwd: 09/21 新澤西州宣恩堂中文主日崇拜連結 Sent from my iPhone

Begin forwarded message:

> From: CLGNJ Church of Living Grace <church@clgnj.org>
> Date: September 19, 2025 at 4:51:12 PM EDT
> To: CLGNJ Church of Living Grace <church@clgnj.org>
> Subject: 09/21 新澤西州宣恩堂中文主日崇拜連結
> 
> ﻿
> 09/21 中文崇拜連結
> https://youtube.com/live/jqjsI8VyUck
> 
> 請參閱隨附
> 1) 9/21崇拜程序表
> 2) 新澤西州宣恩堂差傳年會 2025傳單 
Sent from my iPhone

Begin forwarded message:

> From: CLGNJ Church of Living Grace <church@clgnj.org>
> Date: September 19, 2025 at 4:51:12 PM EDT
> To: CLGNJ Church of Living Grace <church@clgnj.or
2026-05-03 16:01:46,150 - INFO - New YouTube link ID: jqjsI8VyUck
2026-05-03 16:01:46,150 - INFO - ➡️ 🕊️ Live Stream: https://youtube.com/live/jqjsI8VyUck
2026-05-03 16:02:10,142 - INFO - ✅ Discord notification sent for YouTube link: 🕊️ Live Stream: https://youtube.com/live/jqjsI8VyUck, result: │
◇  Config warnings ──────────────────────────────────────────────────────╮
│                                                                        │
│  - plugins.entries.whatsapp: plugin not found: whatsapp (stale config  │
│    entry ignored; remove it from plugins config)                       │
│                                                                        │
├────────────────────────────────────────────────────────────────────────╯
✅ Sent via Discord. Message ID: 1500588296177455206

2026-05-03 16:02:10,142 - INFO - ✅ Successfully recorded sent link: jqjsI8VyUck
2026-05-03 16:02:10,142 - INFO - Skipping already-processed message ID: <578A32F1-DDEC-49EA-BC61-B2871A82BE8F@yahoo.com>
2026-05-03 16:02:10,142 - INFO - Skipping already-processed message ID: <2417795A-852C-4051-B9F9-D79E95DA0578@yahoo.com>
2026-05-03 16:02:10,142 - INFO - Skipping already-processed message ID: <F65C4CD9-DDD7-4CA3-B54B-CF0DEC0DFDEE@yahoo.com>
2026-05-03 16:02:10,142 - INFO - Skipping already-processed message ID: <0100019ded4898fa-aae9c82a-cf76-41f8-8c3d-402c31b8a7ed-000000@email.amazonses.com>
2026-05-03 16:02:10,142 - INFO - Skipping already-processed message ID: <BB136B87-2299-4B89-9A2E-B446E52DFA50@yahoo.com>
2026-05-03 16:02:10,142 - INFO - Skipping already-processed message ID: <06D43F41-BB9A-4D85-9127-6E51FC50D7FD@yahoo.com>
2026-05-03 16:02:10,142 - INFO - Skipping already-processed message ID: <957111A2-0F6C-4A9D-9ED6-D3B685869E33@yahoo.com>
2026-05-03 16:02:10,142 - INFO - Skipping already-processed message ID: <F0E3D771-4716-472B-B375-8FCD1704055A@yahoo.com>
2026-05-03 16:02:10,142 - INFO - Skipping already-processed message ID: <2AE4154D-4DE9-4188-8CD9-BA433528599C@yahoo.com>
2026-05-03 16:02:10,142 - INFO - Skipping already-processed message ID: <2BB0CCC4-735B-4A5F-8019-A3B7CCC74D03@yahoo.com>
2026-05-03 16:02:10,142 - INFO - Skipping already-processed message ID: <797218A6-4A17-4B87-B429-61B02C7183AD@yahoo.com>
2026-05-03 16:02:10,142 - INFO - Skipping already-processed message ID: <27873746-1170-475E-9C21-7CE95948A671@yahoo.com>
2026-05-03 16:02:10,142 - INFO - Skipping already-processed message ID: <22764553-180E-42BB-9898-BC855B10E550@yahoo.com>
2026-05-03 16:02:10,142 - INFO - Skipping already-processed message ID: <C3317370-D2F5-409D-8D13-85A2F90FC6DB@yahoo.com>
2026-05-03 16:02:10,143 - INFO - Skipping already-processed message ID: <0100019de822820b-cbbf2f75-c1ed-469c-85df-98c1ab947266-000000@email.amazonses.com>
2026-05-03 16:02:10,143 - INFO - Skipping already-processed message ID: <F5FDBF7F-24C1-41B6-9793-F672681D2827@yahoo.com>
2026-05-03 16:02:10,143 - INFO - Skipping already-processed message ID: <7E3878D1-7A25-4DB5-AB91-558C9CE7A009@yahoo.com>
2026-05-03 16:02:10,143 - INFO - Skipping already-processed message ID: <1DAA720E-E8A6-4C3D-98DA-141AE8AE8BF9@yahoo.com>
2026-05-03 16:02:10,143 - INFO - Skipping already-processed message ID: <660F1C74-5A6B-4C1B-BBCE-05E53BED615E@yahoo.com>
2026-05-03 16:02:10,143 - INFO - Saving 19 sent links...
2026-05-03 16:02:10,143 - INFO - ✅ Sent 1 link(s)
2026-05-03 16:10:35,157 - INFO - 🚀 YouTube monitor script started
2026-05-03 16:10:36,236 - INFO - 📧 Processing 20 emails...
2026-05-03 16:10:36,237 - INFO - Loading sent links...
2026-05-03 16:10:36,237 - INFO - Loaded 19 previously sent links, 31 processed message IDs
2026-05-03 16:10:36,237 - INFO - Skipping already-processed message ID: <15AC3D59-8B21-4AAB-B987-5E301D188E95@yahoo.com>
2026-05-03 16:10:36,237 - INFO - Skipping already-processed message ID: <578A32F1-DDEC-49EA-BC61-B2871A82BE8F@yahoo.com>
2026-05-03 16:10:36,237 - INFO - Skipping already-processed message ID: <2417795A-852C-4051-B9F9-D79E95DA0578@yahoo.com>
2026-05-03 16:10:36,237 - INFO - Skipping already-processed message ID: <F65C4CD9-DDD7-4CA3-B54B-CF0DEC0DFDEE@yahoo.com>
2026-05-03 16:10:36,237 - INFO - Skipping already-processed message ID: <0100019ded4898fa-aae9c82a-cf76-41f8-8c3d-402c31b8a7ed-000000@email.amazonses.com>
2026-05-03 16:10:36,237 - INFO - Skipping already-processed message ID: <BB136B87-2299-4B89-9A2E-B446E52DFA50@yahoo.com>
2026-05-03 16:10:36,237 - INFO - Skipping already-processed message ID: <06D43F41-BB9A-4D85-9127-6E51FC50D7FD@yahoo.com>
2026-05-03 16:10:36,237 - INFO - Skipping already-processed message ID: <957111A2-0F6C-4A9D-9ED6-D3B685869E33@yahoo.com>
2026-05-03 16:10:36,237 - INFO - Skipping already-processed message ID: <F0E3D771-4716-472B-B375-8FCD1704055A@yahoo.com>
2026-05-03 16:10:36,237 - INFO - Skipping already-processed message ID: <2AE4154D-4DE9-4188-8CD9-BA433528599C@yahoo.com>
2026-05-03 16:10:36,237 - INFO - Skipping already-processed message ID: <2BB0CCC4-735B-4A5F-8019-A3B7CCC74D03@yahoo.com>
2026-05-03 16:10:36,237 - INFO - Skipping already-processed message ID: <797218A6-4A17-4B87-B429-61B02C7183AD@yahoo.com>
2026-05-03 16:10:36,237 - INFO - Skipping already-processed message ID: <27873746-1170-475E-9C21-7CE95948A671@yahoo.com>
2026-05-03 16:10:36,237 - INFO - Skipping already-processed message ID: <22764553-180E-42BB-9898-BC855B10E550@yahoo.com>
2026-05-03 16:10:36,238 - INFO - Skipping already-processed message ID: <C3317370-D2F5-409D-8D13-85A2F90FC6DB@yahoo.com>
2026-05-03 16:10:36,238 - INFO - Skipping already-processed message ID: <0100019de822820b-cbbf2f75-c1ed-469c-85df-98c1ab947266-000000@email.amazonses.com>
2026-05-03 16:10:36,238 - INFO - Skipping already-processed message ID: <F5FDBF7F-24C1-41B6-9793-F672681D2827@yahoo.com>
2026-05-03 16:10:36,238 - INFO - Skipping already-processed message ID: <7E3878D1-7A25-4DB5-AB91-558C9CE7A009@yahoo.com>
2026-05-03 16:10:36,238 - INFO - Skipping already-processed message ID: <1DAA720E-E8A6-4C3D-98DA-141AE8AE8BF9@yahoo.com>
2026-05-03 16:10:36,238 - INFO - Skipping already-processed message ID: <660F1C74-5A6B-4C1B-BBCE-05E53BED615E@yahoo.com>
2026-05-03 16:10:36,238 - INFO - ℹ️ No new links found
2026-05-03 16:21:22,689 - INFO - 🚀 YouTube monitor script started
2026-05-03 16:21:23,637 - INFO - 📧 Processing 20 emails...
2026-05-03 16:21:23,638 - INFO - Loading sent links...
2026-05-03 16:21:23,638 - INFO - Loaded 19 previously sent links, 31 processed message IDs
2026-05-03 16:21:23,638 - INFO - Skipping already-processed message ID: <15AC3D59-8B21-4AAB-B987-5E301D188E95@yahoo.com>
2026-05-03 16:21:23,638 - INFO - Skipping already-processed message ID: <578A32F1-DDEC-49EA-BC61-B2871A82BE8F@yahoo.com>
2026-05-03 16:21:23,639 - INFO - Skipping already-processed message ID: <2417795A-852C-4051-B9F9-D79E95DA0578@yahoo.com>
2026-05-03 16:21:23,639 - INFO - Skipping already-processed message ID: <F65C4CD9-DDD7-4CA3-B54B-CF0DEC0DFDEE@yahoo.com>
2026-05-03 16:21:23,639 - INFO - Skipping already-processed message ID: <0100019ded4898fa-aae9c82a-cf76-41f8-8c3d-402c31b8a7ed-000000@email.amazonses.com>
2026-05-03 16:21:23,639 - INFO - Skipping already-processed message ID: <BB136B87-2299-4B89-9A2E-B446E52DFA50@yahoo.com>
2026-05-03 16:21:23,639 - INFO - Skipping already-processed message ID: <06D43F41-BB9A-4D85-9127-6E51FC50D7FD@yahoo.com>
2026-05-03 16:21:23,639 - INFO - Skipping already-processed message ID: <957111A2-0F6C-4A9D-9ED6-D3B685869E33@yahoo.com>
2026-05-03 16:21:23,639 - INFO - Skipping already-processed message ID: <F0E3D771-4716-472B-B375-8FCD1704055A@yahoo.com>
2026-05-03 16:21:23,639 - INFO - Skipping already-processed message ID: <2AE4154D-4DE9-4188-8CD9-BA433528599C@yahoo.com>
2026-05-03 16:21:23,639 - INFO - Skipping already-processed message ID: <2BB0CCC4-735B-4A5F-8019-A3B7CCC74D03@yahoo.com>
2026-05-03 16:21:23,639 - INFO - Skipping already-processed message ID: <797218A6-4A17-4B87-B429-61B02C7183AD@yahoo.com>
2026-05-03 16:21:23,639 - INFO - Skipping already-processed message ID: <27873746-1170-475E-9C21-7CE95948A671@yahoo.com>
2026-05-03 16:21:23,639 - INFO - Skipping already-processed message ID: <22764553-180E-42BB-9898-BC855B10E550@yahoo.com>
2026-05-03 16:21:23,639 - INFO - Skipping already-processed message ID: <C3317370-D2F5-409D-8D13-85A2F90FC6DB@yahoo.com>
2026-05-03 16:21:23,639 - INFO - Skipping already-processed message ID: <0100019de822820b-cbbf2f75-c1ed-469c-85df-98c1ab947266-000000@email.amazonses.com>
2026-05-03 16:21:23,639 - INFO - Skipping already-processed message ID: <F5FDBF7F-24C1-41B6-9793-F672681D2827@yahoo.com>
2026-05-03 16:21:23,639 - INFO - Skipping already-processed message ID: <7E3878D1-7A25-4DB5-AB91-558C9CE7A009@yahoo.com>
2026-05-03 16:21:23,639 - INFO - Skipping already-processed message ID: <1DAA720E-E8A6-4C3D-98DA-141AE8AE8BF9@yahoo.com>
2026-05-03 16:21:23,639 - INFO - Skipping already-processed message ID: <660F1C74-5A6B-4C1B-BBCE-05E53BED615E@yahoo.com>
2026-05-03 16:21:23,640 - INFO - ℹ️ No new links found
2026-05-03 16:30:38,442 - INFO - 🚀 YouTube monitor script started
2026-05-03 16:30:39,578 - INFO - 📧 Processing 20 emails...
2026-05-03 16:30:39,578 - INFO - Loading sent links...
2026-05-03 16:30:39,578 - INFO - Loaded 19 previously sent links, 31 processed message IDs
2026-05-03 16:30:39,579 - INFO - Skipping already-processed message ID: <15AC3D59-8B21-4AAB-B987-5E301D188E95@yahoo.com>
2026-05-03 16:30:39,579 - INFO - Skipping already-processed message ID: <578A32F1-DDEC-49EA-BC61-B2871A82BE8F@yahoo.com>
2026-05-03 16:30:39,579 - INFO - Skipping already-processed message ID: <2417795A-852C-4051-B9F9-D79E95DA0578@yahoo.com>
2026-05-03 16:30:39,579 - INFO - Skipping already-processed message ID: <F65C4CD9-DDD7-4CA3-B54B-CF0DEC0DFDEE@yahoo.com>
2026-05-03 16:30:39,579 - INFO - Skipping already-processed message ID: <0100019ded4898fa-aae9c82a-cf76-41f8-8c3d-402c31b8a7ed-000000@email.amazonses.com>
2026-05-03 16:30:39,579 - INFO - Skipping already-processed message ID: <BB136B87-2299-4B89-9A2E-B446E52DFA50@yahoo.com>
2026-05-03 16:30:39,579 - INFO - Skipping already-processed message ID: <06D43F41-BB9A-4D85-9127-6E51FC50D7FD@yahoo.com>
2026-05-03 16:30:39,579 - INFO - Skipping already-processed message ID: <957111A2-0F6C-4A9D-9ED6-D3B685869E33@yahoo.com>
2026-05-03 16:30:39,579 - INFO - Skipping already-processed message ID: <F0E3D771-4716-472B-B375-8FCD1704055A@yahoo.com>
2026-05-03 16:30:39,579 - INFO - Skipping already-processed message ID: <2AE4154D-4DE9-4188-8CD9-BA433528599C@yahoo.com>
2026-05-03 16:30:39,579 - INFO - Skipping already-processed message ID: <2BB0CCC4-735B-4A5F-8019-A3B7CCC74D03@yahoo.com>
2026-05-03 16:30:39,579 - INFO - Skipping already-processed message ID: <797218A6-4A17-4B87-B429-61B02C7183AD@yahoo.com>
2026-05-03 16:30:39,579 - INFO - Skipping already-processed message ID: <27873746-1170-475E-9C21-7CE95948A671@yahoo.com>
2026-05-03 16:30:39,579 - INFO - Skipping already-processed message ID: <22764553-180E-42BB-9898-BC855B10E550@yahoo.com>
2026-05-03 16:30:39,579 - INFO - Skipping already-processed message ID: <C3317370-D2F5-409D-8D13-85A2F90FC6DB@yahoo.com>
2026-05-03 16:30:39,579 - INFO - Skipping already-processed message ID: <0100019de822820b-cbbf2f75-c1ed-469c-85df-98c1ab947266-000000@email.amazonses.com>
2026-05-03 16:30:39,579 - INFO - Skipping already-processed message ID: <F5FDBF7F-24C1-41B6-9793-F672681D2827@yahoo.com>
2026-05-03 16:30:39,580 - INFO - Skipping already-processed message ID: <7E3878D1-7A25-4DB5-AB91-558C9CE7A009@yahoo.com>
2026-05-03 16:30:39,580 - INFO - Skipping already-processed message ID: <1DAA720E-E8A6-4C3D-98DA-141AE8AE8BF9@yahoo.com>
2026-05-03 16:30:39,580 - INFO - Skipping already-processed message ID: <660F1C74-5A6B-4C1B-BBCE-05E53BED615E@yahoo.com>
2026-05-03 16:30:39,580 - INFO - ℹ️ No new links found
2026-05-03 16:40:44,763 - INFO - 🚀 YouTube monitor script started
2026-05-03 16:40:45,890 - INFO - 📧 Processing 20 emails...
2026-05-03 16:40:45,891 - INFO - Loading sent links...
2026-05-03 16:40:45,891 - INFO - Loaded 19 previously sent links, 31 processed message IDs
2026-05-03 16:40:45,891 - INFO - Skipping already-processed message ID: <15AC3D59-8B21-4AAB-B987-5E301D188E95@yahoo.com>
2026-05-03 16:40:45,891 - INFO - Skipping already-processed message ID: <578A32F1-DDEC-49EA-BC61-B2871A82BE8F@yahoo.com>
2026-05-03 16:40:45,891 - INFO - Skipping already-processed message ID: <2417795A-852C-4051-B9F9-D79E95DA0578@yahoo.com>
2026-05-03 16:40:45,891 - INFO - Skipping already-processed message ID: <F65C4CD9-DDD7-4CA3-B54B-CF0DEC0DFDEE@yahoo.com>
2026-05-03 16:40:45,891 - INFO - Skipping already-processed message ID: <0100019ded4898fa-aae9c82a-cf76-41f8-8c3d-402c31b8a7ed-000000@email.amazonses.com>
2026-05-03 16:40:45,891 - INFO - Skipping already-processed message ID: <BB136B87-2299-4B89-9A2E-B446E52DFA50@yahoo.com>
2026-05-03 16:40:45,891 - INFO - Skipping already-processed message ID: <06D43F41-BB9A-4D85-9127-6E51FC50D7FD@yahoo.com>
2026-05-03 16:40:45,891 - INFO - Skipping already-processed message ID: <957111A2-0F6C-4A9D-9ED6-D3B685869E33@yahoo.com>
2026-05-03 16:40:45,891 - INFO - Skipping already-processed message ID: <F0E3D771-4716-472B-B375-8FCD1704055A@yahoo.com>
2026-05-03 16:40:45,892 - INFO - Skipping already-processed message ID: <2AE4154D-4DE9-4188-8CD9-BA433528599C@yahoo.com>
2026-05-03 16:40:45,892 - INFO - Skipping already-processed message ID: <2BB0CCC4-735B-4A5F-8019-A3B7CCC74D03@yahoo.com>
2026-05-03 16:40:45,892 - INFO - Skipping already-processed message ID: <797218A6-4A17-4B87-B429-61B02C7183AD@yahoo.com>
2026-05-03 16:40:45,892 - INFO - Skipping already-processed message ID: <27873746-1170-475E-9C21-7CE95948A671@yahoo.com>
2026-05-03 16:40:45,892 - INFO - Skipping already-processed message ID: <22764553-180E-42BB-9898-BC855B10E550@yahoo.com>
2026-05-03 16:40:45,892 - INFO - Skipping already-processed message ID: <C3317370-D2F5-409D-8D13-85A2F90FC6DB@yahoo.com>
2026-05-03 16:40:45,892 - INFO - Skipping already-processed message ID: <0100019de822820b-cbbf2f75-c1ed-469c-85df-98c1ab947266-000000@email.amazonses.com>
2026-05-03 16:40:45,892 - INFO - Skipping already-processed message ID: <F5FDBF7F-24C1-41B6-9793-F672681D2827@yahoo.com>
2026-05-03 16:40:45,892 - INFO - Skipping already-processed message ID: <7E3878D1-7A25-4DB5-AB91-558C9CE7A009@yahoo.com>
2026-05-03 16:40:45,892 - INFO - Skipping already-processed message ID: <1DAA720E-E8A6-4C3D-98DA-141AE8AE8BF9@yahoo.com>
2026-05-03 16:40:45,892 - INFO - Skipping already-processed message ID: <660F1C74-5A6B-4C1B-BBCE-05E53BED615E@yahoo.com>
2026-05-03 16:40:45,892 - INFO - ℹ️ No new links found
2026-05-03 16:41:41,919 - INFO - 🚀 YouTube monitor script started
2026-05-03 16:41:42,639 - INFO - 📧 Processing 20 emails...
2026-05-03 16:41:42,640 - INFO - Loading sent links...
2026-05-03 16:41:42,640 - INFO - Loaded 19 previously sent links, 31 processed message IDs
2026-05-03 16:41:42,640 - INFO - Skipping already-processed message ID: <15AC3D59-8B21-4AAB-B987-5E301D188E95@yahoo.com>
2026-05-03 16:41:42,640 - INFO - Skipping already-processed message ID: <578A32F1-DDEC-49EA-BC61-B2871A82BE8F@yahoo.com>
2026-05-03 16:41:42,640 - INFO - Skipping already-processed message ID: <2417795A-852C-4051-B9F9-D79E95DA0578@yahoo.com>
2026-05-03 16:41:42,640 - INFO - Skipping already-processed message ID: <F65C4CD9-DDD7-4CA3-B54B-CF0DEC0DFDEE@yahoo.com>
2026-05-03 16:41:42,640 - INFO - Skipping already-processed message ID: <0100019ded4898fa-aae9c82a-cf76-41f8-8c3d-402c31b8a7ed-000000@email.amazonses.com>
2026-05-03 16:41:42,640 - INFO - Skipping already-processed message ID: <BB136B87-2299-4B89-9A2E-B446E52DFA50@yahoo.com>
2026-05-03 16:41:42,640 - INFO - Skipping already-processed message ID: <06D43F41-BB9A-4D85-9127-6E51FC50D7FD@yahoo.com>
2026-05-03 16:41:42,640 - INFO - Skipping already-processed message ID: <957111A2-0F6C-4A9D-9ED6-D3B685869E33@yahoo.com>
2026-05-03 16:41:42,640 - INFO - Skipping already-processed message ID: <F0E3D771-4716-472B-B375-8FCD1704055A@yahoo.com>
2026-05-03 16:41:42,640 - INFO - Skipping already-processed message ID: <2AE4154D-4DE9-4188-8CD9-BA433528599C@yahoo.com>
2026-05-03 16:41:42,640 - INFO - Skipping already-processed message ID: <2BB0CCC4-735B-4A5F-8019-A3B7CCC74D03@yahoo.com>
2026-05-03 16:41:42,641 - INFO - Skipping already-processed message ID: <797218A6-4A17-4B87-B429-61B02C7183AD@yahoo.com>
2026-05-03 16:41:42,641 - INFO - Skipping already-processed message ID: <27873746-1170-475E-9C21-7CE95948A671@yahoo.com>
2026-05-03 16:41:42,641 - INFO - Skipping already-processed message ID: <22764553-180E-42BB-9898-BC855B10E550@yahoo.com>
2026-05-03 16:41:42,641 - INFO - Skipping already-processed message ID: <C3317370-D2F5-409D-8D13-85A2F90FC6DB@yahoo.com>
2026-05-03 16:41:42,641 - INFO - Skipping already-processed message ID: <0100019de822820b-cbbf2f75-c1ed-469c-85df-98c1ab947266-000000@email.amazonses.com>
2026-05-03 16:41:42,641 - INFO - Skipping already-processed message ID: <F5FDBF7F-24C1-41B6-9793-F672681D2827@yahoo.com>
2026-05-03 16:41:42,641 - INFO - Skipping already-processed message ID: <7E3878D1-7A25-4DB5-AB91-558C9CE7A009@yahoo.com>
2026-05-03 16:41:42,641 - INFO - Skipping already-processed message ID: <1DAA720E-E8A6-4C3D-98DA-141AE8AE8BF9@yahoo.com>
2026-05-03 16:41:42,641 - INFO - Skipping already-processed message ID: <660F1C74-5A6B-4C1B-BBCE-05E53BED615E@yahoo.com>
2026-05-03 16:41:42,641 - INFO - ℹ️ No new links found
2026-05-03 16:55:46,802 - INFO - 🚀 YouTube monitor script started
2026-05-03 16:55:47,685 - INFO - 📧 Processing 20 emails...
2026-05-03 16:55:47,685 - INFO - Loading sent links...
2026-05-03 16:55:47,686 - INFO - Loaded 19 previously sent links, 31 processed message IDs
2026-05-03 16:55:47,686 - INFO - Skipping already-processed message ID: <15AC3D59-8B21-4AAB-B987-5E301D188E95@yahoo.com>
2026-05-03 16:55:47,686 - INFO - Skipping already-processed message ID: <578A32F1-DDEC-49EA-BC61-B2871A82BE8F@yahoo.com>
2026-05-03 16:55:47,686 - INFO - Skipping already-processed message ID: <2417795A-852C-4051-B9F9-D79E95DA0578@yahoo.com>
2026-05-03 16:55:47,686 - INFO - Skipping already-processed message ID: <F65C4CD9-DDD7-4CA3-B54B-CF0DEC0DFDEE@yahoo.com>
2026-05-03 16:55:47,686 - INFO - Skipping already-processed message ID: <0100019ded4898fa-aae9c82a-cf76-41f8-8c3d-402c31b8a7ed-000000@email.amazonses.com>
2026-05-03 16:55:47,686 - INFO - Skipping already-processed message ID: <BB136B87-2299-4B89-9A2E-B446E52DFA50@yahoo.com>
2026-05-03 16:55:47,686 - INFO - Skipping already-processed message ID: <06D43F41-BB9A-4D85-9127-6E51FC50D7FD@yahoo.com>
2026-05-03 16:55:47,686 - INFO - Skipping already-processed message ID: <957111A2-0F6C-4A9D-9ED6-D3B685869E33@yahoo.com>
2026-05-03 16:55:47,686 - INFO - Skipping already-processed message ID: <F0E3D771-4716-472B-B375-8FCD1704055A@yahoo.com>
2026-05-03 16:55:47,686 - INFO - Skipping already-processed message ID: <2AE4154D-4DE9-4188-8CD9-BA433528599C@yahoo.com>
2026-05-03 16:55:47,686 - INFO - Skipping already-processed message ID: <2BB0CCC4-735B-4A5F-8019-A3B7CCC74D03@yahoo.com>
2026-05-03 16:55:47,686 - INFO - Skipping already-processed message ID: <797218A6-4A17-4B87-B429-61B02C7183AD@yahoo.com>
2026-05-03 16:55:47,687 - INFO - Skipping already-processed message ID: <27873746-1170-475E-9C21-7CE95948A671@yahoo.com>
2026-05-03 16:55:47,687 - INFO - Skipping already-processed message ID: <22764553-180E-42BB-9898-BC855B10E550@yahoo.com>
2026-05-03 16:55:47,687 - INFO - Skipping already-processed message ID: <C3317370-D2F5-409D-8D13-85A2F90FC6DB@yahoo.com>
2026-05-03 16:55:47,687 - INFO - Skipping already-processed message ID: <0100019de822820b-cbbf2f75-c1ed-469c-85df-98c1ab947266-000000@email.amazonses.com>
2026-05-03 16:55:47,687 - INFO - Skipping already-processed message ID: <F5FDBF7F-24C1-41B6-9793-F672681D2827@yahoo.com>
2026-05-03 16:55:47,687 - INFO - Skipping already-processed message ID: <7E3878D1-7A25-4DB5-AB91-558C9CE7A009@yahoo.com>
2026-05-03 16:55:47,687 - INFO - Skipping already-processed message ID: <1DAA720E-E8A6-4C3D-98DA-141AE8AE8BF9@yahoo.com>
2026-05-03 16:55:47,687 - INFO - Skipping already-processed message ID: <660F1C74-5A6B-4C1B-BBCE-05E53BED615E@yahoo.com>
2026-05-03 16:55:47,687 - INFO - ℹ️ No new links found
2026-05-03 17:00:18,256 - INFO - 🚀 YouTube monitor script started
2026-05-03 17:00:19,068 - INFO - 📧 Processing 20 emails...
2026-05-03 17:00:19,068 - INFO - Loading sent links...
2026-05-03 17:00:19,068 - INFO - Loaded 19 previously sent links, 31 processed message IDs
2026-05-03 17:00:19,068 - INFO - Skipping already-processed message ID: <15AC3D59-8B21-4AAB-B987-5E301D188E95@yahoo.com>
2026-05-03 17:00:19,068 - INFO - Skipping already-processed message ID: <578A32F1-DDEC-49EA-BC61-B2871A82BE8F@yahoo.com>
2026-05-03 17:00:19,068 - INFO - Skipping already-processed message ID: <2417795A-852C-4051-B9F9-D79E95DA0578@yahoo.com>
2026-05-03 17:00:19,068 - INFO - Skipping already-processed message ID: <F65C4CD9-DDD7-4CA3-B54B-CF0DEC0DFDEE@yahoo.com>
2026-05-03 17:00:19,068 - INFO - Skipping already-processed message ID: <0100019ded4898fa-aae9c82a-cf76-41f8-8c3d-402c31b8a7ed-000000@email.amazonses.com>
2026-05-03 17:00:19,068 - INFO - Skipping already-processed message ID: <BB136B87-2299-4B89-9A2E-B446E52DFA50@yahoo.com>
2026-05-03 17:00:19,068 - INFO - Skipping already-processed message ID: <06D43F41-BB9A-4D85-9127-6E51FC50D7FD@yahoo.com>
2026-05-03 17:00:19,069 - INFO - Skipping already-processed message ID: <957111A2-0F6C-4A9D-9ED6-D3B685869E33@yahoo.com>
2026-05-03 17:00:19,069 - INFO - Skipping already-processed message ID: <F0E3D771-4716-472B-B375-8FCD1704055A@yahoo.com>
2026-05-03 17:00:19,069 - INFO - Skipping already-processed message ID: <2AE4154D-4DE9-4188-8CD9-BA433528599C@yahoo.com>
2026-05-03 17:00:19,069 - INFO - Skipping already-processed message ID: <2BB0CCC4-735B-4A5F-8019-A3B7CCC74D03@yahoo.com>
2026-05-03 17:00:19,069 - INFO - Skipping already-processed message ID: <797218A6-4A17-4B87-B429-61B02C7183AD@yahoo.com>
2026-05-03 17:00:19,069 - INFO - Skipping already-processed message ID: <27873746-1170-475E-9C21-7CE95948A671@yahoo.com>
2026-05-03 17:00:19,069 - INFO - Skipping already-processed message ID: <22764553-180E-42BB-9898-BC855B10E550@yahoo.com>
2026-05-03 17:00:19,069 - INFO - Skipping already-processed message ID: <C3317370-D2F5-409D-8D13-85A2F90FC6DB@yahoo.com>
2026-05-03 17:00:19,069 - INFO - Skipping already-processed message ID: <0100019de822820b-cbbf2f75-c1ed-469c-85df-98c1ab947266-000000@email.amazonses.com>
2026-05-03 17:00:19,069 - INFO - Skipping already-processed message ID: <F5FDBF7F-24C1-41B6-9793-F672681D2827@yahoo.com>
2026-05-03 17:00:19,069 - INFO - Skipping already-processed message ID: <7E3878D1-7A25-4DB5-AB91-558C9CE7A009@yahoo.com>
2026-05-03 17:00:19,069 - INFO - Skipping already-processed message ID: <1DAA720E-E8A6-4C3D-98DA-141AE8AE8BF9@yahoo.com>
2026-05-03 17:00:19,069 - INFO - Skipping already-processed message ID: <660F1C74-5A6B-4C1B-BBCE-05E53BED615E@yahoo.com>
2026-05-03 17:00:19,069 - INFO - ℹ️ No new links found
2026-05-03 17:10:30,980 - INFO - 🚀 YouTube monitor script started
2026-05-03 17:10:31,936 - INFO - 📧 Processing 20 emails...
2026-05-03 17:10:31,936 - INFO - Loading sent links...
2026-05-03 17:10:31,936 - INFO - Loaded 19 previously sent links, 31 processed message IDs
2026-05-03 17:10:31,936 - INFO - Skipping already-processed message ID: <15AC3D59-8B21-4AAB-B987-5E301D188E95@yahoo.com>
2026-05-03 17:10:31,936 - INFO - Skipping already-processed message ID: <578A32F1-DDEC-49EA-BC61-B2871A82BE8F@yahoo.com>
2026-05-03 17:10:31,936 - INFO - Skipping already-processed message ID: <2417795A-852C-4051-B9F9-D79E95DA0578@yahoo.com>
2026-05-03 17:10:31,936 - INFO - Skipping already-processed message ID: <F65C4CD9-DDD7-4CA3-B54B-CF0DEC0DFDEE@yahoo.com>
2026-05-03 17:10:31,936 - INFO - Skipping already-processed message ID: <0100019ded4898fa-aae9c82a-cf76-41f8-8c3d-402c31b8a7ed-000000@email.amazonses.com>
2026-05-03 17:10:31,936 - INFO - Skipping already-processed message ID: <BB136B87-2299-4B89-9A2E-B446E52DFA50@yahoo.com>
2026-05-03 17:10:31,937 - INFO - Skipping already-processed message ID: <06D43F41-BB9A-4D85-9127-6E51FC50D7FD@yahoo.com>
2026-05-03 17:10:31,937 - INFO - Skipping already-processed message ID: <957111A2-0F6C-4A9D-9ED6-D3B685869E33@yahoo.com>
2026-05-03 17:10:31,937 - INFO - Skipping already-processed message ID: <F0E3D771-4716-472B-B375-8FCD1704055A@yahoo.com>
2026-05-03 17:10:31,937 - INFO - Skipping already-processed message ID: <2AE4154D-4DE9-4188-8CD9-BA433528599C@yahoo.com>
2026-05-03 17:10:31,937 - INFO - Skipping already-processed message ID: <2BB0CCC4-735B-4A5F-8019-A3B7CCC74D03@yahoo.com>
2026-05-03 17:10:31,937 - INFO - Skipping already-processed message ID: <797218A6-4A17-4B87-B429-61B02C7183AD@yahoo.com>
2026-05-03 17:10:31,937 - INFO - Skipping already-processed message ID: <27873746-1170-475E-9C21-7CE95948A671@yahoo.com>
2026-05-03 17:10:31,937 - INFO - Skipping already-processed message ID: <22764553-180E-42BB-9898-BC855B10E550@yahoo.com>
2026-05-03 17:10:31,937 - INFO - Skipping already-processed message ID: <C3317370-D2F5-409D-8D13-85A2F90FC6DB@yahoo.com>
2026-05-03 17:10:31,937 - INFO - Skipping already-processed message ID: <0100019de822820b-cbbf2f75-c1ed-469c-85df-98c1ab947266-000000@email.amazonses.com>
2026-05-03 17:10:31,937 - INFO - Skipping already-processed message ID: <F5FDBF7F-24C1-41B6-9793-F672681D2827@yahoo.com>
2026-05-03 17:10:31,937 - INFO - Skipping already-processed message ID: <7E3878D1-7A25-4DB5-AB91-558C9CE7A009@yahoo.com>
2026-05-03 17:10:31,937 - INFO - Skipping already-processed message ID: <1DAA720E-E8A6-4C3D-98DA-141AE8AE8BF9@yahoo.com>
2026-05-03 17:10:31,937 - INFO - Skipping already-processed message ID: <660F1C74-5A6B-4C1B-BBCE-05E53BED615E@yahoo.com>
2026-05-03 17:10:31,937 - INFO - ℹ️ No new links found
2026-05-03 17:20:15,793 - INFO - 🚀 YouTube monitor script started
2026-05-03 17:20:16,891 - INFO - 📧 Processing 20 emails...
2026-05-03 17:20:16,891 - INFO - Loading sent links...
2026-05-03 17:20:16,892 - INFO - Loaded 19 previously sent links, 31 processed message IDs
2026-05-03 17:20:16,892 - INFO - Skipping already-processed message ID: <15AC3D59-8B21-4AAB-B987-5E301D188E95@yahoo.com>
2026-05-03 17:20:16,892 - INFO - Skipping already-processed message ID: <578A32F1-DDEC-49EA-BC61-B2871A82BE8F@yahoo.com>
2026-05-03 17:20:16,892 - INFO - Skipping already-processed message ID: <2417795A-852C-4051-B9F9-D79E95DA0578@yahoo.com>
2026-05-03 17:20:16,892 - INFO - Skipping already-processed message ID: <F65C4CD9-DDD7-4CA3-B54B-CF0DEC0DFDEE@yahoo.com>
2026-05-03 17:20:16,892 - INFO - Skipping already-processed message ID: <0100019ded4898fa-aae9c82a-cf76-41f8-8c3d-402c31b8a7ed-000000@email.amazonses.com>
2026-05-03 17:20:16,892 - INFO - Skipping already-processed message ID: <BB136B87-2299-4B89-9A2E-B446E52DFA50@yahoo.com>
2026-05-03 17:20:16,892 - INFO - Skipping already-processed message ID: <06D43F41-BB9A-4D85-9127-6E51FC50D7FD@yahoo.com>
2026-05-03 17:20:16,892 - INFO - Skipping already-processed message ID: <957111A2-0F6C-4A9D-9ED6-D3B685869E33@yahoo.com>
2026-05-03 17:20:16,892 - INFO - Skipping already-processed message ID: <F0E3D771-4716-472B-B375-8FCD1704055A@yahoo.com>
2026-05-03 17:20:16,892 - INFO - Skipping already-processed message ID: <2AE4154D-4DE9-4188-8CD9-BA433528599C@yahoo.com>
2026-05-03 17:20:16,893 - INFO - Skipping already-processed message ID: <2BB0CCC4-735B-4A5F-8019-A3B7CCC74D03@yahoo.com>
2026-05-03 17:20:16,893 - INFO - Skipping already-processed message ID: <797218A6-4A17-4B87-B429-61B02C7183AD@yahoo.com>
2026-05-03 17:20:16,893 - INFO - Skipping already-processed message ID: <27873746-1170-475E-9C21-7CE95948A671@yahoo.com>
2026-05-03 17:20:16,893 - INFO - Skipping already-processed message ID: <22764553-180E-42BB-9898-BC855B10E550@yahoo.com>
2026-05-03 17:20:16,893 - INFO - Skipping already-processed message ID: <C3317370-D2F5-409D-8D13-85A2F90FC6DB@yahoo.com>
2026-05-03 17:20:16,893 - INFO - Skipping already-processed message ID: <0100019de822820b-cbbf2f75-c1ed-469c-85df-98c1ab947266-000000@email.amazonses.com>
2026-05-03 17:20:16,893 - INFO - Skipping already-processed message ID: <F5FDBF7F-24C1-41B6-9793-F672681D2827@yahoo.com>
2026-05-03 17:20:16,893 - INFO - Skipping already-processed message ID: <7E3878D1-7A25-4DB5-AB91-558C9CE7A009@yahoo.com>
2026-05-03 17:20:16,893 - INFO - Skipping already-processed message ID: <1DAA720E-E8A6-4C3D-98DA-141AE8AE8BF9@yahoo.com>
2026-05-03 17:20:16,893 - INFO - Skipping already-processed message ID: <660F1C74-5A6B-4C1B-BBCE-05E53BED615E@yahoo.com>
2026-05-03 17:20:16,893 - INFO - ℹ️ No new links found
2026-05-03 17:20:32,447 - INFO - 🚀 YouTube monitor script started
2026-05-03 17:20:33,206 - INFO - 📧 Processing 20 emails...
2026-05-03 17:20:33,206 - INFO - Loading sent links...
2026-05-03 17:20:33,207 - INFO - Loaded 19 previously sent links, 31 processed message IDs
2026-05-03 17:20:33,207 - INFO - Skipping already-processed message ID: <15AC3D59-8B21-4AAB-B987-5E301D188E95@yahoo.com>
2026-05-03 17:20:33,207 - INFO - Skipping already-processed message ID: <578A32F1-DDEC-49EA-BC61-B2871A82BE8F@yahoo.com>
2026-05-03 17:20:33,207 - INFO - Skipping already-processed message ID: <2417795A-852C-4051-B9F9-D79E95DA0578@yahoo.com>
2026-05-03 17:20:33,207 - INFO - Skipping already-processed message ID: <F65C4CD9-DDD7-4CA3-B54B-CF0DEC0DFDEE@yahoo.com>
2026-05-03 17:20:33,207 - INFO - Skipping already-processed message ID: <0100019ded4898fa-aae9c82a-cf76-41f8-8c3d-402c31b8a7ed-000000@email.amazonses.com>
2026-05-03 17:20:33,207 - INFO - Skipping already-processed message ID: <BB136B87-2299-4B89-9A2E-B446E52DFA50@yahoo.com>
2026-05-03 17:20:33,207 - INFO - Skipping already-processed message ID: <06D43F41-BB9A-4D85-9127-6E51FC50D7FD@yahoo.com>
2026-05-03 17:20:33,207 - INFO - Skipping already-processed message ID: <957111A2-0F6C-4A9D-9ED6-D3B685869E33@yahoo.com>
2026-05-03 17:20:33,207 - INFO - Skipping already-processed message ID: <F0E3D771-4716-472B-B375-8FCD1704055A@yahoo.com>
2026-05-03 17:20:33,207 - INFO - Skipping already-processed message ID: <2AE4154D-4DE9-4188-8CD9-BA433528599C@yahoo.com>
2026-05-03 17:20:33,207 - INFO - Skipping already-processed message ID: <2BB0CCC4-735B-4A5F-8019-A3B7CCC74D03@yahoo.com>
2026-05-03 17:20:33,207 - INFO - Skipping already-processed message ID: <797218A6-4A17-4B87-B429-61B02C7183AD@yahoo.com>
2026-05-03 17:20:33,207 - INFO - Skipping already-processed message ID: <27873746-1170-475E-9C21-7CE95948A671@yahoo.com>
2026-05-03 17:20:33,207 - INFO - Skipping already-processed message ID: <22764553-180E-42BB-9898-BC855B10E550@yahoo.com>
2026-05-03 17:20:33,207 - INFO - Skipping already-processed message ID: <C3317370-D2F5-409D-8D13-85A2F90FC6DB@yahoo.com>
2026-05-03 17:20:33,207 - INFO - Skipping already-processed message ID: <0100019de822820b-cbbf2f75-c1ed-469c-85df-98c1ab947266-000000@email.amazonses.com>
2026-05-03 17:20:33,207 - INFO - Skipping already-processed message ID: <F5FDBF7F-24C1-41B6-9793-F672681D2827@yahoo.com>
2026-05-03 17:20:33,208 - INFO - Skipping already-processed message ID: <7E3878D1-7A25-4DB5-AB91-558C9CE7A009@yahoo.com>
2026-05-03 17:20:33,208 - INFO - Skipping already-processed message ID: <1DAA720E-E8A6-4C3D-98DA-141AE8AE8BF9@yahoo.com>
2026-05-03 17:20:33,208 - INFO - Skipping already-processed message ID: <660F1C74-5A6B-4C1B-BBCE-05E53BED615E@yahoo.com>
2026-05-03 17:20:33,208 - INFO - ℹ️ No new links found
2026-05-03 17:30:18,728 - INFO - 🚀 YouTube monitor script started
2026-05-03 17:30:19,925 - INFO - 📧 Processing 20 emails...
2026-05-03 17:30:19,926 - INFO - Loading sent links...
2026-05-03 17:30:19,926 - INFO - Loaded 19 previously sent links, 31 processed message IDs
2026-05-03 17:30:19,926 - INFO - Skipping already-processed message ID: <15AC3D59-8B21-4AAB-B987-5E301D188E95@yahoo.com>
2026-05-03 17:30:19,927 - INFO - Skipping already-processed message ID: <578A32F1-DDEC-49EA-BC61-B2871A82BE8F@yahoo.com>
2026-05-03 17:30:19,927 - INFO - Skipping already-processed message ID: <2417795A-852C-4051-B9F9-D79E95DA0578@yahoo.com>
2026-05-03 17:30:19,927 - INFO - Skipping already-processed message ID: <F65C4CD9-DDD7-4CA3-B54B-CF0DEC0DFDEE@yahoo.com>
2026-05-03 17:30:19,927 - INFO - Skipping already-processed message ID: <0100019ded4898fa-aae9c82a-cf76-41f8-8c3d-402c31b8a7ed-000000@email.amazonses.com>
2026-05-03 17:30:19,927 - INFO - Skipping already-processed message ID: <BB136B87-2299-4B89-9A2E-B446E52DFA50@yahoo.com>
2026-05-03 17:30:19,927 - INFO - Skipping already-processed message ID: <06D43F41-BB9A-4D85-9127-6E51FC50D7FD@yahoo.com>
2026-05-03 17:30:19,927 - INFO - Skipping already-processed message ID: <957111A2-0F6C-4A9D-9ED6-D3B685869E33@yahoo.com>
2026-05-03 17:30:19,927 - INFO - Skipping already-processed message ID: <F0E3D771-4716-472B-B375-8FCD1704055A@yahoo.com>
2026-05-03 17:30:19,928 - INFO - Skipping already-processed message ID: <2AE4154D-4DE9-4188-8CD9-BA433528599C@yahoo.com>
2026-05-03 17:30:19,928 - INFO - Skipping already-processed message ID: <2BB0CCC4-735B-4A5F-8019-A3B7CCC74D03@yahoo.com>
2026-05-03 17:30:19,928 - INFO - Skipping already-processed message ID: <797218A6-4A17-4B87-B429-61B02C7183AD@yahoo.com>
2026-05-03 17:30:19,928 - INFO - Skipping already-processed message ID: <27873746-1170-475E-9C21-7CE95948A671@yahoo.com>
2026-05-03 17:30:19,928 - INFO - Skipping already-processed message ID: <22764553-180E-42BB-9898-BC855B10E550@yahoo.com>
2026-05-03 17:30:19,928 - INFO - Skipping already-processed message ID: <C3317370-D2F5-409D-8D13-85A2F90FC6DB@yahoo.com>
2026-05-03 17:30:19,928 - INFO - Skipping already-processed message ID: <0100019de822820b-cbbf2f75-c1ed-469c-85df-98c1ab947266-000000@email.amazonses.com>
2026-05-03 17:30:19,928 - INFO - Skipping already-processed message ID: <F5FDBF7F-24C1-41B6-9793-F672681D2827@yahoo.com>
2026-05-03 17:30:19,928 - INFO - Skipping already-processed message ID: <7E3878D1-7A25-4DB5-AB91-558C9CE7A009@yahoo.com>
2026-05-03 17:30:19,928 - INFO - Skipping already-processed message ID: <1DAA720E-E8A6-4C3D-98DA-141AE8AE8BF9@yahoo.com>
2026-05-03 17:30:19,928 - INFO - Skipping already-processed message ID: <660F1C74-5A6B-4C1B-BBCE-05E53BED615E@yahoo.com>
2026-05-03 17:30:19,928 - INFO - ℹ️ No new links found
2026-05-03 17:40:23,725 - INFO - 🚀 YouTube monitor script started
2026-05-03 17:40:24,671 - INFO - 📧 Processing 20 emails...
2026-05-03 17:40:24,672 - INFO - Loading sent links...
2026-05-03 17:40:24,672 - INFO - Loaded 19 previously sent links, 31 processed message IDs
2026-05-03 17:40:24,672 - INFO - Skipping already-processed message ID: <15AC3D59-8B21-4AAB-B987-5E301D188E95@yahoo.com>
2026-05-03 17:40:24,672 - INFO - Skipping already-processed message ID: <578A32F1-DDEC-49EA-BC61-B2871A82BE8F@yahoo.com>
2026-05-03 17:40:24,672 - INFO - Skipping already-processed message ID: <2417795A-852C-4051-B9F9-D79E95DA0578@yahoo.com>
2026-05-03 17:40:24,672 - INFO - Skipping already-processed message ID: <F65C4CD9-DDD7-4CA3-B54B-CF0DEC0DFDEE@yahoo.com>
2026-05-03 17:40:24,672 - INFO - Skipping already-processed message ID: <0100019ded4898fa-aae9c82a-cf76-41f8-8c3d-402c31b8a7ed-000000@email.amazonses.com>
2026-05-03 17:40:24,672 - INFO - Skipping already-processed message ID: <BB136B87-2299-4B89-9A2E-B446E52DFA50@yahoo.com>
2026-05-03 17:40:24,672 - INFO - Skipping already-processed message ID: <06D43F41-BB9A-4D85-9127-6E51FC50D7FD@yahoo.com>
2026-05-03 17:40:24,672 - INFO - Skipping already-processed message ID: <957111A2-0F6C-4A9D-9ED6-D3B685869E33@yahoo.com>
2026-05-03 17:40:24,672 - INFO - Skipping already-processed message ID: <F0E3D771-4716-472B-B375-8FCD1704055A@yahoo.com>
2026-05-03 17:40:24,672 - INFO - Skipping already-processed message ID: <2AE4154D-4DE9-4188-8CD9-BA433528599C@yahoo.com>
2026-05-03 17:40:24,672 - INFO - Skipping already-processed message ID: <2BB0CCC4-735B-4A5F-8019-A3B7CCC74D03@yahoo.com>
2026-05-03 17:40:24,672 - INFO - Skipping already-processed message ID: <797218A6-4A17-4B87-B429-61B02C7183AD@yahoo.com>
2026-05-03 17:40:24,672 - INFO - Skipping already-processed message ID: <27873746-1170-475E-9C21-7CE95948A671@yahoo.com>
2026-05-03 17:40:24,672 - INFO - Skipping already-processed message ID: <22764553-180E-42BB-9898-BC855B10E550@yahoo.com>
2026-05-03 17:40:24,673 - INFO - Skipping already-processed message ID: <C3317370-D2F5-409D-8D13-85A2F90FC6DB@yahoo.com>
2026-05-03 17:40:24,673 - INFO - Skipping already-processed message ID: <0100019de822820b-cbbf2f75-c1ed-469c-85df-98c1ab947266-000000@email.amazonses.com>
2026-05-03 17:40:24,673 - INFO - Skipping already-processed message ID: <F5FDBF7F-24C1-41B6-9793-F672681D2827@yahoo.com>
2026-05-03 17:40:24,673 - INFO - Skipping already-processed message ID: <7E3878D1-7A25-4DB5-AB91-558C9CE7A009@yahoo.com>
2026-05-03 17:40:24,673 - INFO - Skipping already-processed message ID: <1DAA720E-E8A6-4C3D-98DA-141AE8AE8BF9@yahoo.com>
2026-05-03 17:40:24,673 - INFO - Skipping already-processed message ID: <660F1C74-5A6B-4C1B-BBCE-05E53BED615E@yahoo.com>
2026-05-03 17:40:24,673 - INFO - ℹ️ No new links found
2026-05-03 17:50:25,986 - INFO - 🚀 YouTube monitor script started
2026-05-03 17:50:26,915 - INFO - 📧 Processing 20 emails...
2026-05-03 17:50:26,915 - INFO - Loading sent links...
2026-05-03 17:50:26,916 - INFO - Loaded 19 previously sent links, 31 processed message IDs
2026-05-03 17:50:26,916 - INFO - Skipping already-processed message ID: <15AC3D59-8B21-4AAB-B987-5E301D188E95@yahoo.com>
2026-05-03 17:50:26,916 - INFO - Skipping already-processed message ID: <578A32F1-DDEC-49EA-BC61-B2871A82BE8F@yahoo.com>
2026-05-03 17:50:26,916 - INFO - Skipping already-processed message ID: <2417795A-852C-4051-B9F9-D79E95DA0578@yahoo.com>
2026-05-03 17:50:26,916 - INFO - Skipping already-processed message ID: <F65C4CD9-DDD7-4CA3-B54B-CF0DEC0DFDEE@yahoo.com>
2026-05-03 17:50:26,916 - INFO - Skipping already-processed message ID: <0100019ded4898fa-aae9c82a-cf76-41f8-8c3d-402c31b8a7ed-000000@email.amazonses.com>
2026-05-03 17:50:26,916 - INFO - Skipping already-processed message ID: <BB136B87-2299-4B89-9A2E-B446E52DFA50@yahoo.com>
2026-05-03 17:50:26,916 - INFO - Skipping already-processed message ID: <06D43F41-BB9A-4D85-9127-6E51FC50D7FD@yahoo.com>
2026-05-03 17:50:26,916 - INFO - Skipping already-processed message ID: <957111A2-0F6C-4A9D-9ED6-D3B685869E33@yahoo.com>
2026-05-03 17:50:26,916 - INFO - Skipping already-processed message ID: <F0E3D771-4716-472B-B375-8FCD1704055A@yahoo.com>
2026-05-03 17:50:26,916 - INFO - Skipping already-processed message ID: <2AE4154D-4DE9-4188-8CD9-BA433528599C@yahoo.com>
2026-05-03 17:50:26,916 - INFO - Skipping already-processed message ID: <2BB0CCC4-735B-4A5F-8019-A3B7CCC74D03@yahoo.com>
2026-05-03 17:50:26,916 - INFO - Skipping already-processed message ID: <797218A6-4A17-4B87-B429-61B02C7183AD@yahoo.com>
2026-05-03 17:50:26,916 - INFO - Skipping already-processed message ID: <27873746-1170-475E-9C21-7CE95948A671@yahoo.com>
2026-05-03 17:50:26,916 - INFO - Skipping already-processed message ID: <22764553-180E-42BB-9898-BC855B10E550@yahoo.com>
2026-05-03 17:50:26,916 - INFO - Skipping already-processed message ID: <C3317370-D2F5-409D-8D13-85A2F90FC6DB@yahoo.com>
2026-05-03 17:50:26,916 - INFO - Skipping already-processed message ID: <0100019de822820b-cbbf2f75-c1ed-469c-85df-98c1ab947266-000000@email.amazonses.com>
2026-05-03 17:50:26,916 - INFO - Skipping already-processed message ID: <F5FDBF7F-24C1-41B6-9793-F672681D2827@yahoo.com>
2026-05-03 17:50:26,916 - INFO - Skipping already-processed message ID: <7E3878D1-7A25-4DB5-AB91-558C9CE7A009@yahoo.com>
2026-05-03 17:50:26,916 - INFO - Skipping already-processed message ID: <1DAA720E-E8A6-4C3D-98DA-141AE8AE8BF9@yahoo.com>
2026-05-03 17:50:26,916 - INFO - Skipping already-processed message ID: <660F1C74-5A6B-4C1B-BBCE-05E53BED615E@yahoo.com>
2026-05-03 17:50:26,916 - INFO - ℹ️ No new links found
2026-05-03 18:00:14,947 - INFO - 🚀 YouTube monitor script started
2026-05-03 18:00:16,061 - INFO - 📧 Processing 20 emails...
2026-05-03 18:00:16,061 - INFO - Loading sent links...
2026-05-03 18:00:16,062 - INFO - Loaded 19 previously sent links, 31 processed message IDs
2026-05-03 18:00:16,062 - INFO - Skipping already-processed message ID: <15AC3D59-8B21-4AAB-B987-5E301D188E95@yahoo.com>
2026-05-03 18:00:16,062 - INFO - Skipping already-processed message ID: <578A32F1-DDEC-49EA-BC61-B2871A82BE8F@yahoo.com>
2026-05-03 18:00:16,062 - INFO - Skipping already-processed message ID: <2417795A-852C-4051-B9F9-D79E95DA0578@yahoo.com>
2026-05-03 18:00:16,062 - INFO - Skipping already-processed message ID: <F65C4CD9-DDD7-4CA3-B54B-CF0DEC0DFDEE@yahoo.com>
2026-05-03 18:00:16,062 - INFO - Skipping already-processed message ID: <0100019ded4898fa-aae9c82a-cf76-41f8-8c3d-402c31b8a7ed-000000@email.amazonses.com>
2026-05-03 18:00:16,062 - INFO - Skipping already-processed message ID: <BB136B87-2299-4B89-9A2E-B446E52DFA50@yahoo.com>
2026-05-03 18:00:16,062 - INFO - Skipping already-processed message ID: <06D43F41-BB9A-4D85-9127-6E51FC50D7FD@yahoo.com>
2026-05-03 18:00:16,062 - INFO - Skipping already-processed message ID: <957111A2-0F6C-4A9D-9ED6-D3B685869E33@yahoo.com>
2026-05-03 18:00:16,062 - INFO - Skipping already-processed message ID: <F0E3D771-4716-472B-B375-8FCD1704055A@yahoo.com>
2026-05-03 18:00:16,063 - INFO - Skipping already-processed message ID: <2AE4154D-4DE9-4188-8CD9-BA433528599C@yahoo.com>
2026-05-03 18:00:16,063 - INFO - Skipping already-processed message ID: <2BB0CCC4-735B-4A5F-8019-A3B7CCC74D03@yahoo.com>
2026-05-03 18:00:16,063 - INFO - Skipping already-processed message ID: <797218A6-4A17-4B87-B429-61B02C7183AD@yahoo.com>
2026-05-03 18:00:16,063 - INFO - Skipping already-processed message ID: <27873746-1170-475E-9C21-7CE95948A671@yahoo.com>
2026-05-03 18:00:16,063 - INFO - Skipping already-processed message ID: <22764553-180E-42BB-9898-BC855B10E550@yahoo.com>
2026-05-03 18:00:16,063 - INFO - Skipping already-processed message ID: <C3317370-D2F5-409D-8D13-85A2F90FC6DB@yahoo.com>
2026-05-03 18:00:16,063 - INFO - Skipping already-processed message ID: <0100019de822820b-cbbf2f75-c1ed-469c-85df-98c1ab947266-000000@email.amazonses.com>
2026-05-03 18:00:16,063 - INFO - Skipping already-processed message ID: <F5FDBF7F-24C1-41B6-9793-F672681D2827@yahoo.com>
2026-05-03 18:00:16,063 - INFO - Skipping already-processed message ID: <7E3878D1-7A25-4DB5-AB91-558C9CE7A009@yahoo.com>
2026-05-03 18:00:16,063 - INFO - Skipping already-processed message ID: <1DAA720E-E8A6-4C3D-98DA-141AE8AE8BF9@yahoo.com>
2026-05-03 18:00:16,063 - INFO - Skipping already-processed message ID: <660F1C74-5A6B-4C1B-BBCE-05E53BED615E@yahoo.com>
2026-05-03 18:00:16,063 - INFO - ℹ️ No new links found
2026-05-03 18:20:18,805 - INFO - 🚀 YouTube monitor script started
2026-05-03 18:20:20,265 - INFO - 📧 Processing 20 emails...
2026-05-03 18:20:20,265 - INFO - Loading sent links...
2026-05-03 18:20:20,266 - INFO - Loaded 19 previously sent links, 31 processed message IDs
2026-05-03 18:20:20,266 - INFO - Skipping already-processed message ID: <15AC3D59-8B21-4AAB-B987-5E301D188E95@yahoo.com>
2026-05-03 18:20:20,266 - INFO - Skipping already-processed message ID: <578A32F1-DDEC-49EA-BC61-B2871A82BE8F@yahoo.com>
2026-05-03 18:20:20,266 - INFO - Skipping already-processed message ID: <2417795A-852C-4051-B9F9-D79E95DA0578@yahoo.com>
2026-05-03 18:20:20,266 - INFO - Skipping already-processed message ID: <F65C4CD9-DDD7-4CA3-B54B-CF0DEC0DFDEE@yahoo.com>
2026-05-03 18:20:20,267 - INFO - Skipping already-processed message ID: <0100019ded4898fa-aae9c82a-cf76-41f8-8c3d-402c31b8a7ed-000000@email.amazonses.com>
2026-05-03 18:20:20,267 - INFO - Skipping already-processed message ID: <BB136B87-2299-4B89-9A2E-B446E52DFA50@yahoo.com>
2026-05-03 18:20:20,267 - INFO - Skipping already-processed message ID: <06D43F41-BB9A-4D85-9127-6E51FC50D7FD@yahoo.com>
2026-05-03 18:20:20,267 - INFO - Skipping already-processed message ID: <957111A2-0F6C-4A9D-9ED6-D3B685869E33@yahoo.com>
2026-05-03 18:20:20,267 - INFO - Skipping already-processed message ID: <F0E3D771-4716-472B-B375-8FCD1704055A@yahoo.com>
2026-05-03 18:20:20,267 - INFO - Skipping already-processed message ID: <2AE4154D-4DE9-4188-8CD9-BA433528599C@yahoo.com>
2026-05-03 18:20:20,267 - INFO - Skipping already-processed message ID: <2BB0CCC4-735B-4A5F-8019-A3B7CCC74D03@yahoo.com>
2026-05-03 18:20:20,267 - INFO - Skipping already-processed message ID: <797218A6-4A17-4B87-B429-61B02C7183AD@yahoo.com>
2026-05-03 18:20:20,267 - INFO - Skipping already-processed message ID: <27873746-1170-475E-9C21-7CE95948A671@yahoo.com>
2026-05-03 18:20:20,267 - INFO - Skipping already-processed message ID: <22764553-180E-42BB-9898-BC855B10E550@yahoo.com>
2026-05-03 18:20:20,267 - INFO - Skipping already-processed message ID: <C3317370-D2F5-409D-8D13-85A2F90FC6DB@yahoo.com>
2026-05-03 18:20:20,267 - INFO - Skipping already-processed message ID: <0100019de822820b-cbbf2f75-c1ed-469c-85df-98c1ab947266-000000@email.amazonses.com>
2026-05-03 18:20:20,267 - INFO - Skipping already-processed message ID: <F5FDBF7F-24C1-41B6-9793-F672681D2827@yahoo.com>
2026-05-03 18:20:20,267 - INFO - Skipping already-processed message ID: <7E3878D1-7A25-4DB5-AB91-558C9CE7A009@yahoo.com>
2026-05-03 18:20:20,267 - INFO - Skipping already-processed message ID: <1DAA720E-E8A6-4C3D-98DA-141AE8AE8BF9@yahoo.com>
2026-05-03 18:20:20,267 - INFO - Skipping already-processed message ID: <660F1C74-5A6B-4C1B-BBCE-05E53BED615E@yahoo.com>
2026-05-03 18:20:20,267 - INFO - ℹ️ No new links found
2026-05-03 18:20:33,009 - INFO - 🚀 YouTube monitor script started
2026-05-03 18:20:33,767 - INFO - 📧 Processing 20 emails...
2026-05-03 18:20:33,767 - INFO - Loading sent links...
2026-05-03 18:20:33,767 - INFO - Loaded 19 previously sent links, 31 processed message IDs
2026-05-03 18:20:33,767 - INFO - Skipping already-processed message ID: <15AC3D59-8B21-4AAB-B987-5E301D188E95@yahoo.com>
2026-05-03 18:20:33,767 - INFO - Skipping already-processed message ID: <578A32F1-DDEC-49EA-BC61-B2871A82BE8F@yahoo.com>
2026-05-03 18:20:33,767 - INFO - Skipping already-processed message ID: <2417795A-852C-4051-B9F9-D79E95DA0578@yahoo.com>
2026-05-03 18:20:33,767 - INFO - Skipping already-processed message ID: <F65C4CD9-DDD7-4CA3-B54B-CF0DEC0DFDEE@yahoo.com>
2026-05-03 18:20:33,767 - INFO - Skipping already-processed message ID: <0100019ded4898fa-aae9c82a-cf76-41f8-8c3d-402c31b8a7ed-000000@email.amazonses.com>
2026-05-03 18:20:33,767 - INFO - Skipping already-processed message ID: <BB136B87-2299-4B89-9A2E-B446E52DFA50@yahoo.com>
2026-05-03 18:20:33,768 - INFO - Skipping already-processed message ID: <06D43F41-BB9A-4D85-9127-6E51FC50D7FD@yahoo.com>
2026-05-03 18:20:33,768 - INFO - Skipping already-processed message ID: <957111A2-0F6C-4A9D-9ED6-D3B685869E33@yahoo.com>
2026-05-03 18:20:33,768 - INFO - Skipping already-processed message ID: <F0E3D771-4716-472B-B375-8FCD1704055A@yahoo.com>
2026-05-03 18:20:33,768 - INFO - Skipping already-processed message ID: <2AE4154D-4DE9-4188-8CD9-BA433528599C@yahoo.com>
2026-05-03 18:20:33,768 - INFO - Skipping already-processed message ID: <2BB0CCC4-735B-4A5F-8019-A3B7CCC74D03@yahoo.com>
2026-05-03 18:20:33,768 - INFO - Skipping already-processed message ID: <797218A6-4A17-4B87-B429-61B02C7183AD@yahoo.com>
2026-05-03 18:20:33,768 - INFO - Skipping already-processed message ID: <27873746-1170-475E-9C21-7CE95948A671@yahoo.com>
2026-05-03 18:20:33,768 - INFO - Skipping already-processed message ID: <22764553-180E-42BB-9898-BC855B10E550@yahoo.com>
2026-05-03 18:20:33,768 - INFO - Skipping already-processed message ID: <C3317370-D2F5-409D-8D13-85A2F90FC6DB@yahoo.com>
2026-05-03 18:20:33,768 - INFO - Skipping already-processed message ID: <0100019de822820b-cbbf2f75-c1ed-469c-85df-98c1ab947266-000000@email.amazonses.com>
2026-05-03 18:20:33,768 - INFO - Skipping already-processed message ID: <F5FDBF7F-24C1-41B6-9793-F672681D2827@yahoo.com>
2026-05-03 18:20:33,768 - INFO - Skipping already-processed message ID: <7E3878D1-7A25-4DB5-AB91-558C9CE7A009@yahoo.com>
2026-05-03 18:20:33,768 - INFO - Skipping already-processed message ID: <1DAA720E-E8A6-4C3D-98DA-141AE8AE8BF9@yahoo.com>
2026-05-03 18:20:33,768 - INFO - Skipping already-processed message ID: <660F1C74-5A6B-4C1B-BBCE-05E53BED615E@yahoo.com>
2026-05-03 18:20:33,768 - INFO - ℹ️ No new links found
2026-05-03 18:30:16,031 - INFO - 🚀 YouTube monitor script started
2026-05-03 18:30:16,918 - INFO - 📧 Processing 20 emails...
2026-05-03 18:30:16,918 - INFO - Loading sent links...
2026-05-03 18:30:16,919 - INFO - Loaded 19 previously sent links, 31 processed message IDs
2026-05-03 18:30:16,919 - INFO - Skipping already-processed message ID: <15AC3D59-8B21-4AAB-B987-5E301D188E95@yahoo.com>
2026-05-03 18:30:16,919 - INFO - Skipping already-processed message ID: <578A32F1-DDEC-49EA-BC61-B2871A82BE8F@yahoo.com>
2026-05-03 18:30:16,919 - INFO - Skipping already-processed message ID: <2417795A-852C-4051-B9F9-D79E95DA0578@yahoo.com>
2026-05-03 18:30:16,919 - INFO - Skipping already-processed message ID: <F65C4CD9-DDD7-4CA3-B54B-CF0DEC0DFDEE@yahoo.com>
2026-05-03 18:30:16,919 - INFO - Skipping already-processed message ID: <0100019ded4898fa-aae9c82a-cf76-41f8-8c3d-402c31b8a7ed-000000@email.amazonses.com>
2026-05-03 18:30:16,919 - INFO - Skipping already-processed message ID: <BB136B87-2299-4B89-9A2E-B446E52DFA50@yahoo.com>
2026-05-03 18:30:16,919 - INFO - Skipping already-processed message ID: <06D43F41-BB9A-4D85-9127-6E51FC50D7FD@yahoo.com>
2026-05-03 18:30:16,919 - INFO - Skipping already-processed message ID: <957111A2-0F6C-4A9D-9ED6-D3B685869E33@yahoo.com>
2026-05-03 18:30:16,919 - INFO - Skipping already-processed message ID: <F0E3D771-4716-472B-B375-8FCD1704055A@yahoo.com>
2026-05-03 18:30:16,919 - INFO - Skipping already-processed message ID: <2AE4154D-4DE9-4188-8CD9-BA433528599C@yahoo.com>
2026-05-03 18:30:16,919 - INFO - Skipping already-processed message ID: <2BB0CCC4-735B-4A5F-8019-A3B7CCC74D03@yahoo.com>
2026-05-03 18:30:16,919 - INFO - Skipping already-processed message ID: <797218A6-4A17-4B87-B429-61B02C7183AD@yahoo.com>
2026-05-03 18:30:16,919 - INFO - Skipping already-processed message ID: <27873746-1170-475E-9C21-7CE95948A671@yahoo.com>
2026-05-03 18:30:16,919 - INFO - Skipping already-processed message ID: <22764553-180E-42BB-9898-BC855B10E550@yahoo.com>
2026-05-03 18:30:16,919 - INFO - Skipping already-processed message ID: <C3317370-D2F5-409D-8D13-85A2F90FC6DB@yahoo.com>
2026-05-03 18:30:16,919 - INFO - Skipping already-processed message ID: <0100019de822820b-cbbf2f75-c1ed-469c-85df-98c1ab947266-000000@email.amazonses.com>
2026-05-03 18:30:16,920 - INFO - Skipping already-processed message ID: <F5FDBF7F-24C1-41B6-9793-F672681D2827@yahoo.com>
2026-05-03 18:30:16,920 - INFO - Skipping already-processed message ID: <7E3878D1-7A25-4DB5-AB91-558C9CE7A009@yahoo.com>
2026-05-03 18:30:16,920 - INFO - Skipping already-processed message ID: <1DAA720E-E8A6-4C3D-98DA-141AE8AE8BF9@yahoo.com>
2026-05-03 18:30:16,920 - INFO - Skipping already-processed message ID: <660F1C74-5A6B-4C1B-BBCE-05E53BED615E@yahoo.com>
2026-05-03 18:30:16,920 - INFO - ℹ️ No new links found
2026-05-03 18:40:15,532 - INFO - 🚀 YouTube monitor script started
2026-05-03 18:40:16,302 - INFO - 📧 Processing 20 emails...
2026-05-03 18:40:16,302 - INFO - Loading sent links...
2026-05-03 18:40:16,303 - INFO - Loaded 19 previously sent links, 31 processed message IDs
2026-05-03 18:40:16,303 - INFO - Processing message ID: <01E8DA25-0F9E-4F68-8B4E-D61A30251C6D@yahoo.com>
2026-05-03 18:40:16,416 - INFO - Subject: Fwd: 09/14 新澤西州宣恩堂中文主日崇拜連結
2026-05-03 18:40:16,416 - INFO - Message content: Fwd: 09/14 新澤西州宣恩堂中文主日崇拜連結 Sent from my iPhone

Begin forwarded message:

> From: CLGNJ Church of Living Grace <church@clgnj.org>
> Date: September 12, 2025 at 12:15:35 PM EDT
> To: CLGNJ Church of Living Grace <church@clgnj.org>
> Subject: 09/14 新澤西州宣恩堂中文主日崇拜連結
> 
> ﻿
> 09/14 中文崇拜連結
> https://youtube.com/live/-c_AobN8_ao
> 
> 請參閱隨附
> 1) 9/14崇拜程序表
> 2) 新澤西州宣恩堂差傳年會 2025傳單 
Sent from my iPhone

Begin forwarded message:

> From: CLGNJ Church of Living Grace <church@clgnj.org>
> Date: September 12, 2025 at 12:15:35 PM EDT
> To: CLGNJ Church of Living Grace <church@clgnj.o
2026-05-03 18:40:16,417 - INFO - New YouTube link ID: -c_AobN8_ao
2026-05-03 18:40:16,417 - INFO - ➡️ 🕊️ Live Stream: https://youtube.com/live/-c_AobN8_ao
2026-05-03 18:40:38,791 - INFO - ✅ Discord notification sent for YouTube link: 🕊️ Live Stream: https://youtube.com/live/-c_AobN8_ao, result: │
◇  Config warnings ──────────────────────────────────────────────────────╮
│                                                                        │
│  - plugins.entries.whatsapp: plugin not found: whatsapp (stale config  │
│    entry ignored; remove it from plugins config)                       │
│                                                                        │
├────────────────────────────────────────────────────────────────────────╯
✅ Sent via Discord. Message ID: 1500628180040683601

2026-05-03 18:40:38,791 - INFO - ✅ Successfully recorded sent link: -c_AobN8_ao
2026-05-03 18:40:38,791 - INFO - Skipping already-processed message ID: <15AC3D59-8B21-4AAB-B987-5E301D188E95@yahoo.com>
2026-05-03 18:40:38,792 - INFO - Skipping already-processed message ID: <578A32F1-DDEC-49EA-BC61-B2871A82BE8F@yahoo.com>
2026-05-03 18:40:38,792 - INFO - Skipping already-processed message ID: <2417795A-852C-4051-B9F9-D79E95DA0578@yahoo.com>
2026-05-03 18:40:38,792 - INFO - Skipping already-processed message ID: <F65C4CD9-DDD7-4CA3-B54B-CF0DEC0DFDEE@yahoo.com>
2026-05-03 18:40:38,792 - INFO - Skipping already-processed message ID: <0100019ded4898fa-aae9c82a-cf76-41f8-8c3d-402c31b8a7ed-000000@email.amazonses.com>
2026-05-03 18:40:38,792 - INFO - Skipping already-processed message ID: <BB136B87-2299-4B89-9A2E-B446E52DFA50@yahoo.com>
2026-05-03 18:40:38,792 - INFO - Skipping already-processed message ID: <06D43F41-BB9A-4D85-9127-6E51FC50D7FD@yahoo.com>
2026-05-03 18:40:38,792 - INFO - Skipping already-processed message ID: <957111A2-0F6C-4A9D-9ED6-D3B685869E33@yahoo.com>
2026-05-03 18:40:38,792 - INFO - Skipping already-processed message ID: <F0E3D771-4716-472B-B375-8FCD1704055A@yahoo.com>
2026-05-03 18:40:38,792 - INFO - Skipping already-processed message ID: <2AE4154D-4DE9-4188-8CD9-BA433528599C@yahoo.com>
2026-05-03 18:40:38,792 - INFO - Skipping already-processed message ID: <2BB0CCC4-735B-4A5F-8019-A3B7CCC74D03@yahoo.com>
2026-05-03 18:40:38,792 - INFO - Skipping already-processed message ID: <797218A6-4A17-4B87-B429-61B02C7183AD@yahoo.com>
2026-05-03 18:40:38,792 - INFO - Skipping already-processed message ID: <27873746-1170-475E-9C21-7CE95948A671@yahoo.com>
2026-05-03 18:40:38,792 - INFO - Skipping already-processed message ID: <22764553-180E-42BB-9898-BC855B10E550@yahoo.com>
2026-05-03 18:40:38,792 - INFO - Skipping already-processed message ID: <C3317370-D2F5-409D-8D13-85A2F90FC6DB@yahoo.com>
2026-05-03 18:40:38,793 - INFO - Skipping already-processed message ID: <0100019de822820b-cbbf2f75-c1ed-469c-85df-98c1ab947266-000000@email.amazonses.com>
2026-05-03 18:40:38,793 - INFO - Skipping already-processed message ID: <F5FDBF7F-24C1-41B6-9793-F672681D2827@yahoo.com>
2026-05-03 18:40:38,793 - INFO - Skipping already-processed message ID: <7E3878D1-7A25-4DB5-AB91-558C9CE7A009@yahoo.com>
2026-05-03 18:40:38,793 - INFO - Skipping already-processed message ID: <1DAA720E-E8A6-4C3D-98DA-141AE8AE8BF9@yahoo.com>
2026-05-03 18:40:38,793 - INFO - Saving 20 sent links...
2026-05-03 18:40:38,794 - INFO - ✅ Sent 1 link(s)
2026-05-03 18:50:14,809 - INFO - 🚀 YouTube monitor script started
2026-05-03 18:50:16,280 - INFO - 📧 Processing 20 emails...
2026-05-03 18:50:16,280 - INFO - Loading sent links...
2026-05-03 18:50:16,280 - INFO - Loaded 20 previously sent links, 32 processed message IDs
2026-05-03 18:50:16,280 - INFO - Processing message ID: <7270E473-1FA0-4B18-8D52-ED41A3003519@yahoo.com>
2026-05-03 18:50:16,369 - INFO - Subject: Fwd: URL for 5/3 CLGNJ English Sunday Worship Service
2026-05-03 18:50:16,369 - INFO - Skipping already-processed message ID: <01E8DA25-0F9E-4F68-8B4E-D61A30251C6D@yahoo.com>
2026-05-03 18:50:16,369 - INFO - Skipping already-processed message ID: <15AC3D59-8B21-4AAB-B987-5E301D188E95@yahoo.com>
2026-05-03 18:50:16,369 - INFO - Skipping already-processed message ID: <578A32F1-DDEC-49EA-BC61-B2871A82BE8F@yahoo.com>
2026-05-03 18:50:16,369 - INFO - Skipping already-processed message ID: <2417795A-852C-4051-B9F9-D79E95DA0578@yahoo.com>
2026-05-03 18:50:16,370 - INFO - Skipping already-processed message ID: <F65C4CD9-DDD7-4CA3-B54B-CF0DEC0DFDEE@yahoo.com>
2026-05-03 18:50:16,370 - INFO - Skipping already-processed message ID: <0100019ded4898fa-aae9c82a-cf76-41f8-8c3d-402c31b8a7ed-000000@email.amazonses.com>
2026-05-03 18:50:16,370 - INFO - Skipping already-processed message ID: <BB136B87-2299-4B89-9A2E-B446E52DFA50@yahoo.com>
2026-05-03 18:50:16,370 - INFO - Skipping already-processed message ID: <06D43F41-BB9A-4D85-9127-6E51FC50D7FD@yahoo.com>
2026-05-03 18:50:16,370 - INFO - Skipping already-processed message ID: <957111A2-0F6C-4A9D-9ED6-D3B685869E33@yahoo.com>
2026-05-03 18:50:16,370 - INFO - Skipping already-processed message ID: <F0E3D771-4716-472B-B375-8FCD1704055A@yahoo.com>
2026-05-03 18:50:16,370 - INFO - Skipping already-processed message ID: <2AE4154D-4DE9-4188-8CD9-BA433528599C@yahoo.com>
2026-05-03 18:50:16,370 - INFO - Skipping already-processed message ID: <2BB0CCC4-735B-4A5F-8019-A3B7CCC74D03@yahoo.com>
2026-05-03 18:50:16,371 - INFO - Skipping already-processed message ID: <797218A6-4A17-4B87-B429-61B02C7183AD@yahoo.com>
2026-05-03 18:50:16,371 - INFO - Skipping already-processed message ID: <27873746-1170-475E-9C21-7CE95948A671@yahoo.com>
2026-05-03 18:50:16,371 - INFO - Skipping already-processed message ID: <22764553-180E-42BB-9898-BC855B10E550@yahoo.com>
2026-05-03 18:50:16,371 - INFO - Skipping already-processed message ID: <C3317370-D2F5-409D-8D13-85A2F90FC6DB@yahoo.com>
2026-05-03 18:50:16,371 - INFO - Skipping already-processed message ID: <0100019de822820b-cbbf2f75-c1ed-469c-85df-98c1ab947266-000000@email.amazonses.com>
2026-05-03 18:50:16,371 - INFO - Skipping already-processed message ID: <F5FDBF7F-24C1-41B6-9793-F672681D2827@yahoo.com>
2026-05-03 18:50:16,371 - INFO - Skipping already-processed message ID: <7E3878D1-7A25-4DB5-AB91-558C9CE7A009@yahoo.com>
2026-05-03 18:50:16,371 - INFO - ℹ️ No new links found
2026-05-03 19:00:17,717 - INFO - 🚀 YouTube monitor script started
2026-05-03 19:00:18,680 - INFO - 📧 Processing 20 emails...
2026-05-03 19:00:18,680 - INFO - Loading sent links...
2026-05-03 19:00:18,681 - INFO - Loaded 20 previously sent links, 33 processed message IDs
2026-05-03 19:00:18,681 - INFO - Skipping already-processed message ID: <7270E473-1FA0-4B18-8D52-ED41A3003519@yahoo.com>
2026-05-03 19:00:18,681 - INFO - Skipping already-processed message ID: <01E8DA25-0F9E-4F68-8B4E-D61A30251C6D@yahoo.com>
2026-05-03 19:00:18,681 - INFO - Skipping already-processed message ID: <15AC3D59-8B21-4AAB-B987-5E301D188E95@yahoo.com>
2026-05-03 19:00:18,681 - INFO - Skipping already-processed message ID: <578A32F1-DDEC-49EA-BC61-B2871A82BE8F@yahoo.com>
2026-05-03 19:00:18,681 - INFO - Skipping already-processed message ID: <2417795A-852C-4051-B9F9-D79E95DA0578@yahoo.com>
2026-05-03 19:00:18,681 - INFO - Skipping already-processed message ID: <F65C4CD9-DDD7-4CA3-B54B-CF0DEC0DFDEE@yahoo.com>
2026-05-03 19:00:18,681 - INFO - Skipping already-processed message ID: <0100019ded4898fa-aae9c82a-cf76-41f8-8c3d-402c31b8a7ed-000000@email.amazonses.com>
2026-05-03 19:00:18,681 - INFO - Skipping already-processed message ID: <BB136B87-2299-4B89-9A2E-B446E52DFA50@yahoo.com>
2026-05-03 19:00:18,681 - INFO - Skipping already-processed message ID: <06D43F41-BB9A-4D85-9127-6E51FC50D7FD@yahoo.com>
2026-05-03 19:00:18,681 - INFO - Skipping already-processed message ID: <957111A2-0F6C-4A9D-9ED6-D3B685869E33@yahoo.com>
2026-05-03 19:00:18,681 - INFO - Skipping already-processed message ID: <F0E3D771-4716-472B-B375-8FCD1704055A@yahoo.com>
2026-05-03 19:00:18,682 - INFO - Skipping already-processed message ID: <2AE4154D-4DE9-4188-8CD9-BA433528599C@yahoo.com>
2026-05-03 19:00:18,682 - INFO - Skipping already-processed message ID: <2BB0CCC4-735B-4A5F-8019-A3B7CCC74D03@yahoo.com>
2026-05-03 19:00:18,682 - INFO - Skipping already-processed message ID: <797218A6-4A17-4B87-B429-61B02C7183AD@yahoo.com>
2026-05-03 19:00:18,682 - INFO - Skipping already-processed message ID: <27873746-1170-475E-9C21-7CE95948A671@yahoo.com>
2026-05-03 19:00:18,682 - INFO - Skipping already-processed message ID: <22764553-180E-42BB-9898-BC855B10E550@yahoo.com>
2026-05-03 19:00:18,682 - INFO - Skipping already-processed message ID: <C3317370-D2F5-409D-8D13-85A2F90FC6DB@yahoo.com>
2026-05-03 19:00:18,682 - INFO - Skipping already-processed message ID: <0100019de822820b-cbbf2f75-c1ed-469c-85df-98c1ab947266-000000@email.amazonses.com>
2026-05-03 19:00:18,682 - INFO - Skipping already-processed message ID: <F5FDBF7F-24C1-41B6-9793-F672681D2827@yahoo.com>
2026-05-03 19:00:18,682 - INFO - Skipping already-processed message ID: <7E3878D1-7A25-4DB5-AB91-558C9CE7A009@yahoo.com>
2026-05-03 19:00:18,682 - INFO - ℹ️ No new links found
2026-05-03 19:20:13,988 - INFO - 🚀 YouTube monitor script started
2026-05-03 19:20:15,261 - INFO - 📧 Processing 20 emails...
2026-05-03 19:20:15,261 - INFO - Loading sent links...
2026-05-03 19:20:15,262 - INFO - Loaded 20 previously sent links, 33 processed message IDs
2026-05-03 19:20:15,262 - INFO - Skipping already-processed message ID: <7270E473-1FA0-4B18-8D52-ED41A3003519@yahoo.com>
2026-05-03 19:20:15,262 - INFO - Skipping already-processed message ID: <01E8DA25-0F9E-4F68-8B4E-D61A30251C6D@yahoo.com>
2026-05-03 19:20:15,262 - INFO - Skipping already-processed message ID: <15AC3D59-8B21-4AAB-B987-5E301D188E95@yahoo.com>
2026-05-03 19:20:15,262 - INFO - Skipping already-processed message ID: <578A32F1-DDEC-49EA-BC61-B2871A82BE8F@yahoo.com>
2026-05-03 19:20:15,262 - INFO - Skipping already-processed message ID: <2417795A-852C-4051-B9F9-D79E95DA0578@yahoo.com>
2026-05-03 19:20:15,262 - INFO - Skipping already-processed message ID: <F65C4CD9-DDD7-4CA3-B54B-CF0DEC0DFDEE@yahoo.com>
2026-05-03 19:20:15,262 - INFO - Skipping already-processed message ID: <0100019ded4898fa-aae9c82a-cf76-41f8-8c3d-402c31b8a7ed-000000@email.amazonses.com>
2026-05-03 19:20:15,262 - INFO - Skipping already-processed message ID: <BB136B87-2299-4B89-9A2E-B446E52DFA50@yahoo.com>
2026-05-03 19:20:15,262 - INFO - Skipping already-processed message ID: <06D43F41-BB9A-4D85-9127-6E51FC50D7FD@yahoo.com>
2026-05-03 19:20:15,262 - INFO - Skipping already-processed message ID: <957111A2-0F6C-4A9D-9ED6-D3B685869E33@yahoo.com>
2026-05-03 19:20:15,262 - INFO - Skipping already-processed message ID: <F0E3D771-4716-472B-B375-8FCD1704055A@yahoo.com>
2026-05-03 19:20:15,262 - INFO - Skipping already-processed message ID: <2AE4154D-4DE9-4188-8CD9-BA433528599C@yahoo.com>
2026-05-03 19:20:15,262 - INFO - Skipping already-processed message ID: <2BB0CCC4-735B-4A5F-8019-A3B7CCC74D03@yahoo.com>
2026-05-03 19:20:15,262 - INFO - Skipping already-processed message ID: <797218A6-4A17-4B87-B429-61B02C7183AD@yahoo.com>
2026-05-03 19:20:15,265 - INFO - Skipping already-processed message ID: <27873746-1170-475E-9C21-7CE95948A671@yahoo.com>
2026-05-03 19:20:15,265 - INFO - Skipping already-processed message ID: <22764553-180E-42BB-9898-BC855B10E550@yahoo.com>
2026-05-03 19:20:15,266 - INFO - Skipping already-processed message ID: <C3317370-D2F5-409D-8D13-85A2F90FC6DB@yahoo.com>
2026-05-03 19:20:15,266 - INFO - Skipping already-processed message ID: <0100019de822820b-cbbf2f75-c1ed-469c-85df-98c1ab947266-000000@email.amazonses.com>
2026-05-03 19:20:15,266 - INFO - Skipping already-processed message ID: <F5FDBF7F-24C1-41B6-9793-F672681D2827@yahoo.com>
2026-05-03 19:20:15,266 - INFO - Skipping already-processed message ID: <7E3878D1-7A25-4DB5-AB91-558C9CE7A009@yahoo.com>
2026-05-03 19:20:15,266 - INFO - ℹ️ No new links found
2026-05-03 19:30:16,397 - INFO - 🚀 YouTube monitor script started
2026-05-03 19:30:17,940 - INFO - 📧 Processing 20 emails...
2026-05-03 19:30:17,941 - INFO - Loading sent links...
2026-05-03 19:30:17,941 - INFO - Loaded 20 previously sent links, 33 processed message IDs
2026-05-03 19:30:17,941 - INFO - Skipping already-processed message ID: <7270E473-1FA0-4B18-8D52-ED41A3003519@yahoo.com>
2026-05-03 19:30:17,941 - INFO - Skipping already-processed message ID: <01E8DA25-0F9E-4F68-8B4E-D61A30251C6D@yahoo.com>
2026-05-03 19:30:17,941 - INFO - Skipping already-processed message ID: <15AC3D59-8B21-4AAB-B987-5E301D188E95@yahoo.com>
2026-05-03 19:30:17,941 - INFO - Skipping already-processed message ID: <578A32F1-DDEC-49EA-BC61-B2871A82BE8F@yahoo.com>
2026-05-03 19:30:17,941 - INFO - Skipping already-processed message ID: <2417795A-852C-4051-B9F9-D79E95DA0578@yahoo.com>
2026-05-03 19:30:17,941 - INFO - Skipping already-processed message ID: <F65C4CD9-DDD7-4CA3-B54B-CF0DEC0DFDEE@yahoo.com>
2026-05-03 19:30:17,941 - INFO - Skipping already-processed message ID: <0100019ded4898fa-aae9c82a-cf76-41f8-8c3d-402c31b8a7ed-000000@email.amazonses.com>
2026-05-03 19:30:17,941 - INFO - Skipping already-processed message ID: <BB136B87-2299-4B89-9A2E-B446E52DFA50@yahoo.com>
2026-05-03 19:30:17,941 - INFO - Skipping already-processed message ID: <06D43F41-BB9A-4D85-9127-6E51FC50D7FD@yahoo.com>
2026-05-03 19:30:17,941 - INFO - Skipping already-processed message ID: <957111A2-0F6C-4A9D-9ED6-D3B685869E33@yahoo.com>
2026-05-03 19:30:17,942 - INFO - Skipping already-processed message ID: <F0E3D771-4716-472B-B375-8FCD1704055A@yahoo.com>
2026-05-03 19:30:17,942 - INFO - Skipping already-processed message ID: <2AE4154D-4DE9-4188-8CD9-BA433528599C@yahoo.com>
2026-05-03 19:30:17,942 - INFO - Skipping already-processed message ID: <2BB0CCC4-735B-4A5F-8019-A3B7CCC74D03@yahoo.com>
2026-05-03 19:30:17,942 - INFO - Skipping already-processed message ID: <797218A6-4A17-4B87-B429-61B02C7183AD@yahoo.com>
2026-05-03 19:30:17,942 - INFO - Skipping already-processed message ID: <27873746-1170-475E-9C21-7CE95948A671@yahoo.com>
2026-05-03 19:30:17,942 - INFO - Skipping already-processed message ID: <22764553-180E-42BB-9898-BC855B10E550@yahoo.com>
2026-05-03 19:30:17,942 - INFO - Skipping already-processed message ID: <C3317370-D2F5-409D-8D13-85A2F90FC6DB@yahoo.com>
2026-05-03 19:30:17,942 - INFO - Skipping already-processed message ID: <0100019de822820b-cbbf2f75-c1ed-469c-85df-98c1ab947266-000000@email.amazonses.com>
2026-05-03 19:30:17,942 - INFO - Skipping already-processed message ID: <F5FDBF7F-24C1-41B6-9793-F672681D2827@yahoo.com>
2026-05-03 19:30:17,942 - INFO - Skipping already-processed message ID: <7E3878D1-7A25-4DB5-AB91-558C9CE7A009@yahoo.com>
2026-05-03 19:30:17,942 - INFO - ℹ️ No new links found
2026-05-03 19:40:19,151 - INFO - 🚀 YouTube monitor script started
2026-05-03 19:40:19,997 - INFO - 📧 Processing 20 emails...
2026-05-03 19:40:19,997 - INFO - Loading sent links...
2026-05-03 19:40:19,997 - INFO - Loaded 20 previously sent links, 33 processed message IDs
2026-05-03 19:40:19,997 - INFO - Skipping already-processed message ID: <7270E473-1FA0-4B18-8D52-ED41A3003519@yahoo.com>
2026-05-03 19:40:19,997 - INFO - Skipping already-processed message ID: <01E8DA25-0F9E-4F68-8B4E-D61A30251C6D@yahoo.com>
2026-05-03 19:40:19,997 - INFO - Skipping already-processed message ID: <15AC3D59-8B21-4AAB-B987-5E301D188E95@yahoo.com>
2026-05-03 19:40:19,997 - INFO - Skipping already-processed message ID: <578A32F1-DDEC-49EA-BC61-B2871A82BE8F@yahoo.com>
2026-05-03 19:40:19,997 - INFO - Skipping already-processed message ID: <2417795A-852C-4051-B9F9-D79E95DA0578@yahoo.com>
2026-05-03 19:40:19,997 - INFO - Skipping already-processed message ID: <F65C4CD9-DDD7-4CA3-B54B-CF0DEC0DFDEE@yahoo.com>
2026-05-03 19:40:19,997 - INFO - Skipping already-processed message ID: <0100019ded4898fa-aae9c82a-cf76-41f8-8c3d-402c31b8a7ed-000000@email.amazonses.com>
2026-05-03 19:40:19,997 - INFO - Skipping already-processed message ID: <BB136B87-2299-4B89-9A2E-B446E52DFA50@yahoo.com>
2026-05-03 19:40:19,998 - INFO - Skipping already-processed message ID: <06D43F41-BB9A-4D85-9127-6E51FC50D7FD@yahoo.com>
2026-05-03 19:40:19,998 - INFO - Skipping already-processed message ID: <957111A2-0F6C-4A9D-9ED6-D3B685869E33@yahoo.com>
2026-05-03 19:40:19,998 - INFO - Skipping already-processed message ID: <F0E3D771-4716-472B-B375-8FCD1704055A@yahoo.com>
2026-05-03 19:40:19,998 - INFO - Skipping already-processed message ID: <2AE4154D-4DE9-4188-8CD9-BA433528599C@yahoo.com>
2026-05-03 19:40:19,998 - INFO - Skipping already-processed message ID: <2BB0CCC4-735B-4A5F-8019-A3B7CCC74D03@yahoo.com>
2026-05-03 19:40:19,998 - INFO - Skipping already-processed message ID: <797218A6-4A17-4B87-B429-61B02C7183AD@yahoo.com>
2026-05-03 19:40:19,998 - INFO - Skipping already-processed message ID: <27873746-1170-475E-9C21-7CE95948A671@yahoo.com>
2026-05-03 19:40:19,998 - INFO - Skipping already-processed message ID: <22764553-180E-42BB-9898-BC855B10E550@yahoo.com>
2026-05-03 19:40:19,998 - INFO - Skipping already-processed message ID: <C3317370-D2F5-409D-8D13-85A2F90FC6DB@yahoo.com>
2026-05-03 19:40:19,998 - INFO - Skipping already-processed message ID: <0100019de822820b-cbbf2f75-c1ed-469c-85df-98c1ab947266-000000@email.amazonses.com>
2026-05-03 19:40:19,998 - INFO - Skipping already-processed message ID: <F5FDBF7F-24C1-41B6-9793-F672681D2827@yahoo.com>
2026-05-03 19:40:19,998 - INFO - Skipping already-processed message ID: <7E3878D1-7A25-4DB5-AB91-558C9CE7A009@yahoo.com>
2026-05-03 19:40:19,998 - INFO - ℹ️ No new links found
2026-05-03 19:50:33,293 - INFO - 🚀 YouTube monitor script started
2026-05-03 19:50:34,107 - INFO - 📧 Processing 20 emails...
2026-05-03 19:50:34,107 - INFO - Loading sent links...
2026-05-03 19:50:34,108 - INFO - Loaded 20 previously sent links, 33 processed message IDs
2026-05-03 19:50:34,108 - INFO - Skipping already-processed message ID: <7270E473-1FA0-4B18-8D52-ED41A3003519@yahoo.com>
2026-05-03 19:50:34,108 - INFO - Skipping already-processed message ID: <01E8DA25-0F9E-4F68-8B4E-D61A30251C6D@yahoo.com>
2026-05-03 19:50:34,108 - INFO - Skipping already-processed message ID: <15AC3D59-8B21-4AAB-B987-5E301D188E95@yahoo.com>
2026-05-03 19:50:34,108 - INFO - Skipping already-processed message ID: <578A32F1-DDEC-49EA-BC61-B2871A82BE8F@yahoo.com>
2026-05-03 19:50:34,108 - INFO - Skipping already-processed message ID: <2417795A-852C-4051-B9F9-D79E95DA0578@yahoo.com>
2026-05-03 19:50:34,108 - INFO - Skipping already-processed message ID: <F65C4CD9-DDD7-4CA3-B54B-CF0DEC0DFDEE@yahoo.com>
2026-05-03 19:50:34,108 - INFO - Skipping already-processed message ID: <0100019ded4898fa-aae9c82a-cf76-41f8-8c3d-402c31b8a7ed-000000@email.amazonses.com>
2026-05-03 19:50:34,108 - INFO - Skipping already-processed message ID: <BB136B87-2299-4B89-9A2E-B446E52DFA50@yahoo.com>
2026-05-03 19:50:34,108 - INFO - Skipping already-processed message ID: <06D43F41-BB9A-4D85-9127-6E51FC50D7FD@yahoo.com>
2026-05-03 19:50:34,108 - INFO - Skipping already-processed message ID: <957111A2-0F6C-4A9D-9ED6-D3B685869E33@yahoo.com>
2026-05-03 19:50:34,108 - INFO - Skipping already-processed message ID: <F0E3D771-4716-472B-B375-8FCD1704055A@yahoo.com>
2026-05-03 19:50:34,108 - INFO - Skipping already-processed message ID: <2AE4154D-4DE9-4188-8CD9-BA433528599C@yahoo.com>
2026-05-03 19:50:34,108 - INFO - Skipping already-processed message ID: <2BB0CCC4-735B-4A5F-8019-A3B7CCC74D03@yahoo.com>
2026-05-03 19:50:34,108 - INFO - Skipping already-processed message ID: <797218A6-4A17-4B87-B429-61B02C7183AD@yahoo.com>
2026-05-03 19:50:34,108 - INFO - Skipping already-processed message ID: <27873746-1170-475E-9C21-7CE95948A671@yahoo.com>
2026-05-03 19:50:34,108 - INFO - Skipping already-processed message ID: <22764553-180E-42BB-9898-BC855B10E550@yahoo.com>
2026-05-03 19:50:34,108 - INFO - Skipping already-processed message ID: <C3317370-D2F5-409D-8D13-85A2F90FC6DB@yahoo.com>
2026-05-03 19:50:34,108 - INFO - Skipping already-processed message ID: <0100019de822820b-cbbf2f75-c1ed-469c-85df-98c1ab947266-000000@email.amazonses.com>
2026-05-03 19:50:34,109 - INFO - Skipping already-processed message ID: <F5FDBF7F-24C1-41B6-9793-F672681D2827@yahoo.com>
2026-05-03 19:50:34,109 - INFO - Skipping already-processed message ID: <7E3878D1-7A25-4DB5-AB91-558C9CE7A009@yahoo.com>
2026-05-03 19:50:34,109 - INFO - ℹ️ No new links found
2026-05-03 20:20:17,306 - INFO - 🚀 YouTube monitor script started
2026-05-03 20:20:18,801 - INFO - 📧 Processing 20 emails...
2026-05-03 20:20:18,801 - INFO - Loading sent links...
2026-05-03 20:20:18,802 - INFO - Loaded 20 previously sent links, 33 processed message IDs
2026-05-03 20:20:18,802 - INFO - Skipping already-processed message ID: <7270E473-1FA0-4B18-8D52-ED41A3003519@yahoo.com>
2026-05-03 20:20:18,802 - INFO - Skipping already-processed message ID: <01E8DA25-0F9E-4F68-8B4E-D61A30251C6D@yahoo.com>
2026-05-03 20:20:18,802 - INFO - Skipping already-processed message ID: <15AC3D59-8B21-4AAB-B987-5E301D188E95@yahoo.com>
2026-05-03 20:20:18,802 - INFO - Skipping already-processed message ID: <578A32F1-DDEC-49EA-BC61-B2871A82BE8F@yahoo.com>
2026-05-03 20:20:18,802 - INFO - Skipping already-processed message ID: <2417795A-852C-4051-B9F9-D79E95DA0578@yahoo.com>
2026-05-03 20:20:18,802 - INFO - Skipping already-processed message ID: <F65C4CD9-DDD7-4CA3-B54B-CF0DEC0DFDEE@yahoo.com>
2026-05-03 20:20:18,802 - INFO - Skipping already-processed message ID: <0100019ded4898fa-aae9c82a-cf76-41f8-8c3d-402c31b8a7ed-000000@email.amazonses.com>
2026-05-03 20:20:18,802 - INFO - Skipping already-processed message ID: <BB136B87-2299-4B89-9A2E-B446E52DFA50@yahoo.com>
2026-05-03 20:20:18,802 - INFO - Skipping already-processed message ID: <06D43F41-BB9A-4D85-9127-6E51FC50D7FD@yahoo.com>
2026-05-03 20:20:18,803 - INFO - Skipping already-processed message ID: <957111A2-0F6C-4A9D-9ED6-D3B685869E33@yahoo.com>
2026-05-03 20:20:18,803 - INFO - Skipping already-processed message ID: <F0E3D771-4716-472B-B375-8FCD1704055A@yahoo.com>
2026-05-03 20:20:18,803 - INFO - Skipping already-processed message ID: <2AE4154D-4DE9-4188-8CD9-BA433528599C@yahoo.com>
2026-05-03 20:20:18,803 - INFO - Skipping already-processed message ID: <2BB0CCC4-735B-4A5F-8019-A3B7CCC74D03@yahoo.com>
2026-05-03 20:20:18,803 - INFO - Skipping already-processed message ID: <797218A6-4A17-4B87-B429-61B02C7183AD@yahoo.com>
2026-05-03 20:20:18,803 - INFO - Skipping already-processed message ID: <27873746-1170-475E-9C21-7CE95948A671@yahoo.com>
2026-05-03 20:20:18,803 - INFO - Skipping already-processed message ID: <22764553-180E-42BB-9898-BC855B10E550@yahoo.com>
2026-05-03 20:20:18,803 - INFO - Skipping already-processed message ID: <C3317370-D2F5-409D-8D13-85A2F90FC6DB@yahoo.com>
2026-05-03 20:20:18,803 - INFO - Skipping already-processed message ID: <0100019de822820b-cbbf2f75-c1ed-469c-85df-98c1ab947266-000000@email.amazonses.com>
2026-05-03 20:20:18,803 - INFO - Skipping already-processed message ID: <F5FDBF7F-24C1-41B6-9793-F672681D2827@yahoo.com>
2026-05-03 20:20:18,803 - INFO - Skipping already-processed message ID: <7E3878D1-7A25-4DB5-AB91-558C9CE7A009@yahoo.com>
2026-05-03 20:20:18,803 - INFO - ℹ️ No new links found
2026-05-03 20:31:04,545 - INFO - 🚀 YouTube monitor script started
2026-05-03 20:31:05,599 - INFO - 📧 Processing 20 emails...
2026-05-03 20:31:05,599 - INFO - Loading sent links...
2026-05-03 20:31:05,600 - INFO - Loaded 20 previously sent links, 33 processed message IDs
2026-05-03 20:31:05,600 - INFO - Skipping already-processed message ID: <7270E473-1FA0-4B18-8D52-ED41A3003519@yahoo.com>
2026-05-03 20:31:05,600 - INFO - Skipping already-processed message ID: <01E8DA25-0F9E-4F68-8B4E-D61A30251C6D@yahoo.com>
2026-05-03 20:31:05,600 - INFO - Skipping already-processed message ID: <15AC3D59-8B21-4AAB-B987-5E301D188E95@yahoo.com>
2026-05-03 20:31:05,600 - INFO - Skipping already-processed message ID: <578A32F1-DDEC-49EA-BC61-B2871A82BE8F@yahoo.com>
2026-05-03 20:31:05,600 - INFO - Skipping already-processed message ID: <2417795A-852C-4051-B9F9-D79E95DA0578@yahoo.com>
2026-05-03 20:31:05,600 - INFO - Skipping already-processed message ID: <F65C4CD9-DDD7-4CA3-B54B-CF0DEC0DFDEE@yahoo.com>
2026-05-03 20:31:05,600 - INFO - Skipping already-processed message ID: <0100019ded4898fa-aae9c82a-cf76-41f8-8c3d-402c31b8a7ed-000000@email.amazonses.com>
2026-05-03 20:31:05,600 - INFO - Skipping already-processed message ID: <BB136B87-2299-4B89-9A2E-B446E52DFA50@yahoo.com>
2026-05-03 20:31:05,600 - INFO - Skipping already-processed message ID: <06D43F41-BB9A-4D85-9127-6E51FC50D7FD@yahoo.com>
2026-05-03 20:31:05,600 - INFO - Skipping already-processed message ID: <957111A2-0F6C-4A9D-9ED6-D3B685869E33@yahoo.com>
2026-05-03 20:31:05,600 - INFO - Skipping already-processed message ID: <F0E3D771-4716-472B-B375-8FCD1704055A@yahoo.com>
2026-05-03 20:31:05,601 - INFO - Skipping already-processed message ID: <2AE4154D-4DE9-4188-8CD9-BA433528599C@yahoo.com>
2026-05-03 20:31:05,601 - INFO - Skipping already-processed message ID: <2BB0CCC4-735B-4A5F-8019-A3B7CCC74D03@yahoo.com>
2026-05-03 20:31:05,601 - INFO - Skipping already-processed message ID: <797218A6-4A17-4B87-B429-61B02C7183AD@yahoo.com>
2026-05-03 20:31:05,601 - INFO - Skipping already-processed message ID: <27873746-1170-475E-9C21-7CE95948A671@yahoo.com>
2026-05-03 20:31:05,601 - INFO - Skipping already-processed message ID: <22764553-180E-42BB-9898-BC855B10E550@yahoo.com>
2026-05-03 20:31:05,601 - INFO - Skipping already-processed message ID: <C3317370-D2F5-409D-8D13-85A2F90FC6DB@yahoo.com>
2026-05-03 20:31:05,601 - INFO - Skipping already-processed message ID: <0100019de822820b-cbbf2f75-c1ed-469c-85df-98c1ab947266-000000@email.amazonses.com>
2026-05-03 20:31:05,601 - INFO - Skipping already-processed message ID: <F5FDBF7F-24C1-41B6-9793-F672681D2827@yahoo.com>
2026-05-03 20:31:05,601 - INFO - Skipping already-processed message ID: <7E3878D1-7A25-4DB5-AB91-558C9CE7A009@yahoo.com>
2026-05-03 20:31:05,601 - INFO - ℹ️ No new links found
2026-05-03 20:32:32,217 - INFO - 🚀 YouTube monitor script started
2026-05-03 20:32:33,070 - INFO - 📧 Processing 20 emails...
2026-05-03 20:32:33,070 - INFO - Loading sent links...
2026-05-03 20:32:33,070 - INFO - Loaded 20 previously sent links, 33 processed message IDs
2026-05-03 20:32:33,070 - INFO - Skipping already-processed message ID: <7270E473-1FA0-4B18-8D52-ED41A3003519@yahoo.com>
2026-05-03 20:32:33,070 - INFO - Skipping already-processed message ID: <01E8DA25-0F9E-4F68-8B4E-D61A30251C6D@yahoo.com>
2026-05-03 20:32:33,071 - INFO - Skipping already-processed message ID: <15AC3D59-8B21-4AAB-B987-5E301D188E95@yahoo.com>
2026-05-03 20:32:33,071 - INFO - Skipping already-processed message ID: <578A32F1-DDEC-49EA-BC61-B2871A82BE8F@yahoo.com>
2026-05-03 20:32:33,071 - INFO - Skipping already-processed message ID: <2417795A-852C-4051-B9F9-D79E95DA0578@yahoo.com>
2026-05-03 20:32:33,071 - INFO - Skipping already-processed message ID: <F65C4CD9-DDD7-4CA3-B54B-CF0DEC0DFDEE@yahoo.com>
2026-05-03 20:32:33,071 - INFO - Skipping already-processed message ID: <0100019ded4898fa-aae9c82a-cf76-41f8-8c3d-402c31b8a7ed-000000@email.amazonses.com>
2026-05-03 20:32:33,071 - INFO - Skipping already-processed message ID: <BB136B87-2299-4B89-9A2E-B446E52DFA50@yahoo.com>
2026-05-03 20:32:33,071 - INFO - Skipping already-processed message ID: <06D43F41-BB9A-4D85-9127-6E51FC50D7FD@yahoo.com>
2026-05-03 20:32:33,071 - INFO - Skipping already-processed message ID: <957111A2-0F6C-4A9D-9ED6-D3B685869E33@yahoo.com>
2026-05-03 20:32:33,071 - INFO - Skipping already-processed message ID: <F0E3D771-4716-472B-B375-8FCD1704055A@yahoo.com>
2026-05-03 20:32:33,071 - INFO - Skipping already-processed message ID: <2AE4154D-4DE9-4188-8CD9-BA433528599C@yahoo.com>
2026-05-03 20:32:33,071 - INFO - Skipping already-processed message ID: <2BB0CCC4-735B-4A5F-8019-A3B7CCC74D03@yahoo.com>
2026-05-03 20:32:33,071 - INFO - Skipping already-processed message ID: <797218A6-4A17-4B87-B429-61B02C7183AD@yahoo.com>
2026-05-03 20:32:33,071 - INFO - Skipping already-processed message ID: <27873746-1170-475E-9C21-7CE95948A671@yahoo.com>
2026-05-03 20:32:33,071 - INFO - Skipping already-processed message ID: <22764553-180E-42BB-9898-BC855B10E550@yahoo.com>
2026-05-03 20:32:33,071 - INFO - Skipping already-processed message ID: <C3317370-D2F5-409D-8D13-85A2F90FC6DB@yahoo.com>
2026-05-03 20:32:33,071 - INFO - Skipping already-processed message ID: <0100019de822820b-cbbf2f75-c1ed-469c-85df-98c1ab947266-000000@email.amazonses.com>
2026-05-03 20:32:33,071 - INFO - Skipping already-processed message ID: <F5FDBF7F-24C1-41B6-9793-F672681D2827@yahoo.com>
2026-05-03 20:32:33,071 - INFO - Skipping already-processed message ID: <7E3878D1-7A25-4DB5-AB91-558C9CE7A009@yahoo.com>
2026-05-03 20:32:33,071 - INFO - ℹ️ No new links found
2026-05-03 20:40:18,171 - INFO - 🚀 YouTube monitor script started
2026-05-03 20:40:19,310 - INFO - 📧 Processing 20 emails...
2026-05-03 20:40:19,310 - INFO - Loading sent links...
2026-05-03 20:40:19,311 - INFO - Loaded 20 previously sent links, 33 processed message IDs
2026-05-03 20:40:19,311 - INFO - Skipping already-processed message ID: <7270E473-1FA0-4B18-8D52-ED41A3003519@yahoo.com>
2026-05-03 20:40:19,311 - INFO - Skipping already-processed message ID: <01E8DA25-0F9E-4F68-8B4E-D61A30251C6D@yahoo.com>
2026-05-03 20:40:19,311 - INFO - Skipping already-processed message ID: <15AC3D59-8B21-4AAB-B987-5E301D188E95@yahoo.com>
2026-05-03 20:40:19,311 - INFO - Skipping already-processed message ID: <578A32F1-DDEC-49EA-BC61-B2871A82BE8F@yahoo.com>
2026-05-03 20:40:19,311 - INFO - Skipping already-processed message ID: <2417795A-852C-4051-B9F9-D79E95DA0578@yahoo.com>
2026-05-03 20:40:19,311 - INFO - Skipping already-processed message ID: <F65C4CD9-DDD7-4CA3-B54B-CF0DEC0DFDEE@yahoo.com>
2026-05-03 20:40:19,311 - INFO - Skipping already-processed message ID: <0100019ded4898fa-aae9c82a-cf76-41f8-8c3d-402c31b8a7ed-000000@email.amazonses.com>
2026-05-03 20:40:19,311 - INFO - Skipping already-processed message ID: <BB136B87-2299-4B89-9A2E-B446E52DFA50@yahoo.com>
2026-05-03 20:40:19,311 - INFO - Skipping already-processed message ID: <06D43F41-BB9A-4D85-9127-6E51FC50D7FD@yahoo.com>
2026-05-03 20:40:19,311 - INFO - Skipping already-processed message ID: <957111A2-0F6C-4A9D-9ED6-D3B685869E33@yahoo.com>
2026-05-03 20:40:19,311 - INFO - Skipping already-processed message ID: <F0E3D771-4716-472B-B375-8FCD1704055A@yahoo.com>
2026-05-03 20:40:19,311 - INFO - Skipping already-processed message ID: <2AE4154D-4DE9-4188-8CD9-BA433528599C@yahoo.com>
2026-05-03 20:40:19,311 - INFO - Skipping already-processed message ID: <2BB0CCC4-735B-4A5F-8019-A3B7CCC74D03@yahoo.com>
2026-05-03 20:40:19,311 - INFO - Skipping already-processed message ID: <797218A6-4A17-4B87-B429-61B02C7183AD@yahoo.com>
2026-05-03 20:40:19,311 - INFO - Skipping already-processed message ID: <27873746-1170-475E-9C21-7CE95948A671@yahoo.com>
2026-05-03 20:40:19,311 - INFO - Skipping already-processed message ID: <22764553-180E-42BB-9898-BC855B10E550@yahoo.com>
2026-05-03 20:40:19,311 - INFO - Skipping already-processed message ID: <C3317370-D2F5-409D-8D13-85A2F90FC6DB@yahoo.com>
2026-05-03 20:40:19,311 - INFO - Skipping already-processed message ID: <0100019de822820b-cbbf2f75-c1ed-469c-85df-98c1ab947266-000000@email.amazonses.com>
2026-05-03 20:40:19,311 - INFO - Skipping already-processed message ID: <F5FDBF7F-24C1-41B6-9793-F672681D2827@yahoo.com>
2026-05-03 20:40:19,311 - INFO - Skipping already-processed message ID: <7E3878D1-7A25-4DB5-AB91-558C9CE7A009@yahoo.com>
2026-05-03 20:40:19,311 - INFO - ℹ️ No new links found
2026-05-03 20:50:15,178 - INFO - 🚀 YouTube monitor script started
2026-05-03 20:50:16,509 - INFO - 📧 Processing 20 emails...
2026-05-03 20:50:16,509 - INFO - Loading sent links...
2026-05-03 20:50:16,510 - INFO - Loaded 20 previously sent links, 33 processed message IDs
2026-05-03 20:50:16,510 - INFO - Skipping already-processed message ID: <7270E473-1FA0-4B18-8D52-ED41A3003519@yahoo.com>
2026-05-03 20:50:16,510 - INFO - Skipping already-processed message ID: <01E8DA25-0F9E-4F68-8B4E-D61A30251C6D@yahoo.com>
2026-05-03 20:50:16,510 - INFO - Skipping already-processed message ID: <15AC3D59-8B21-4AAB-B987-5E301D188E95@yahoo.com>
2026-05-03 20:50:16,510 - INFO - Skipping already-processed message ID: <578A32F1-DDEC-49EA-BC61-B2871A82BE8F@yahoo.com>
2026-05-03 20:50:16,510 - INFO - Skipping already-processed message ID: <2417795A-852C-4051-B9F9-D79E95DA0578@yahoo.com>
2026-05-03 20:50:16,510 - INFO - Skipping already-processed message ID: <F65C4CD9-DDD7-4CA3-B54B-CF0DEC0DFDEE@yahoo.com>
2026-05-03 20:50:16,510 - INFO - Skipping already-processed message ID: <0100019ded4898fa-aae9c82a-cf76-41f8-8c3d-402c31b8a7ed-000000@email.amazonses.com>
2026-05-03 20:50:16,510 - INFO - Skipping already-processed message ID: <BB136B87-2299-4B89-9A2E-B446E52DFA50@yahoo.com>
2026-05-03 20:50:16,510 - INFO - Skipping already-processed message ID: <06D43F41-BB9A-4D85-9127-6E51FC50D7FD@yahoo.com>
2026-05-03 20:50:16,510 - INFO - Skipping already-processed message ID: <957111A2-0F6C-4A9D-9ED6-D3B685869E33@yahoo.com>
2026-05-03 20:50:16,510 - INFO - Skipping already-processed message ID: <F0E3D771-4716-472B-B375-8FCD1704055A@yahoo.com>
2026-05-03 20:50:16,510 - INFO - Skipping already-processed message ID: <2AE4154D-4DE9-4188-8CD9-BA433528599C@yahoo.com>
2026-05-03 20:50:16,510 - INFO - Skipping already-processed message ID: <2BB0CCC4-735B-4A5F-8019-A3B7CCC74D03@yahoo.com>
2026-05-03 20:50:16,510 - INFO - Skipping already-processed message ID: <797218A6-4A17-4B87-B429-61B02C7183AD@yahoo.com>
2026-05-03 20:50:16,510 - INFO - Skipping already-processed message ID: <27873746-1170-475E-9C21-7CE95948A671@yahoo.com>
2026-05-03 20:50:16,510 - INFO - Skipping already-processed message ID: <22764553-180E-42BB-9898-BC855B10E550@yahoo.com>
2026-05-03 20:50:16,510 - INFO - Skipping already-processed message ID: <C3317370-D2F5-409D-8D13-85A2F90FC6DB@yahoo.com>
2026-05-03 20:50:16,510 - INFO - Skipping already-processed message ID: <0100019de822820b-cbbf2f75-c1ed-469c-85df-98c1ab947266-000000@email.amazonses.com>
2026-05-03 20:50:16,510 - INFO - Skipping already-processed message ID: <F5FDBF7F-24C1-41B6-9793-F672681D2827@yahoo.com>
2026-05-03 20:50:16,510 - INFO - Skipping already-processed message ID: <7E3878D1-7A25-4DB5-AB91-558C9CE7A009@yahoo.com>
2026-05-03 20:50:16,510 - INFO - ℹ️ No new links found
2026-05-03 21:10:15,298 - INFO - 🚀 YouTube monitor script started
2026-05-03 21:10:16,182 - INFO - 📧 Processing 20 emails...
2026-05-03 21:10:16,182 - INFO - Loading sent links...
2026-05-03 21:10:16,182 - INFO - Loaded 20 previously sent links, 33 processed message IDs
2026-05-03 21:10:16,182 - INFO - Skipping already-processed message ID: <7270E473-1FA0-4B18-8D52-ED41A3003519@yahoo.com>
2026-05-03 21:10:16,183 - INFO - Skipping already-processed message ID: <01E8DA25-0F9E-4F68-8B4E-D61A30251C6D@yahoo.com>
2026-05-03 21:10:16,183 - INFO - Skipping already-processed message ID: <15AC3D59-8B21-4AAB-B987-5E301D188E95@yahoo.com>
2026-05-03 21:10:16,183 - INFO - Skipping already-processed message ID: <578A32F1-DDEC-49EA-BC61-B2871A82BE8F@yahoo.com>
2026-05-03 21:10:16,183 - INFO - Skipping already-processed message ID: <2417795A-852C-4051-B9F9-D79E95DA0578@yahoo.com>
2026-05-03 21:10:16,183 - INFO - Skipping already-processed message ID: <F65C4CD9-DDD7-4CA3-B54B-CF0DEC0DFDEE@yahoo.com>
2026-05-03 21:10:16,183 - INFO - Skipping already-processed message ID: <0100019ded4898fa-aae9c82a-cf76-41f8-8c3d-402c31b8a7ed-000000@email.amazonses.com>
2026-05-03 21:10:16,183 - INFO - Skipping already-processed message ID: <BB136B87-2299-4B89-9A2E-B446E52DFA50@yahoo.com>
2026-05-03 21:10:16,183 - INFO - Skipping already-processed message ID: <06D43F41-BB9A-4D85-9127-6E51FC50D7FD@yahoo.com>
2026-05-03 21:10:16,183 - INFO - Skipping already-processed message ID: <957111A2-0F6C-4A9D-9ED6-D3B685869E33@yahoo.com>
2026-05-03 21:10:16,183 - INFO - Skipping already-processed message ID: <F0E3D771-4716-472B-B375-8FCD1704055A@yahoo.com>
2026-05-03 21:10:16,183 - INFO - Skipping already-processed message ID: <2AE4154D-4DE9-4188-8CD9-BA433528599C@yahoo.com>
2026-05-03 21:10:16,183 - INFO - Skipping already-processed message ID: <2BB0CCC4-735B-4A5F-8019-A3B7CCC74D03@yahoo.com>
2026-05-03 21:10:16,183 - INFO - Skipping already-processed message ID: <797218A6-4A17-4B87-B429-61B02C7183AD@yahoo.com>
2026-05-03 21:10:16,183 - INFO - Skipping already-processed message ID: <27873746-1170-475E-9C21-7CE95948A671@yahoo.com>
2026-05-03 21:10:16,183 - INFO - Skipping already-processed message ID: <22764553-180E-42BB-9898-BC855B10E550@yahoo.com>
2026-05-03 21:10:16,183 - INFO - Skipping already-processed message ID: <C3317370-D2F5-409D-8D13-85A2F90FC6DB@yahoo.com>
2026-05-03 21:10:16,183 - INFO - Skipping already-processed message ID: <0100019de822820b-cbbf2f75-c1ed-469c-85df-98c1ab947266-000000@email.amazonses.com>
2026-05-03 21:10:16,183 - INFO - Skipping already-processed message ID: <F5FDBF7F-24C1-41B6-9793-F672681D2827@yahoo.com>
2026-05-03 21:10:16,183 - INFO - Skipping already-processed message ID: <7E3878D1-7A25-4DB5-AB91-558C9CE7A009@yahoo.com>
2026-05-03 21:10:16,183 - INFO - ℹ️ No new links found
2026-05-03 21:40:15,053 - INFO - 🚀 YouTube monitor script started
2026-05-03 21:40:15,949 - INFO - 📧 Processing 20 emails...
2026-05-03 21:40:15,949 - INFO - Loading sent links...
2026-05-03 21:40:15,949 - INFO - Loaded 20 previously sent links, 33 processed message IDs
2026-05-03 21:40:15,950 - INFO - Skipping already-processed message ID: <7270E473-1FA0-4B18-8D52-ED41A3003519@yahoo.com>
2026-05-03 21:40:15,950 - INFO - Skipping already-processed message ID: <01E8DA25-0F9E-4F68-8B4E-D61A30251C6D@yahoo.com>
2026-05-03 21:40:15,950 - INFO - Skipping already-processed message ID: <15AC3D59-8B21-4AAB-B987-5E301D188E95@yahoo.com>
2026-05-03 21:40:15,950 - INFO - Skipping already-processed message ID: <578A32F1-DDEC-49EA-BC61-B2871A82BE8F@yahoo.com>
2026-05-03 21:40:15,950 - INFO - Skipping already-processed message ID: <2417795A-852C-4051-B9F9-D79E95DA0578@yahoo.com>
2026-05-03 21:40:15,950 - INFO - Skipping already-processed message ID: <F65C4CD9-DDD7-4CA3-B54B-CF0DEC0DFDEE@yahoo.com>
2026-05-03 21:40:15,950 - INFO - Skipping already-processed message ID: <0100019ded4898fa-aae9c82a-cf76-41f8-8c3d-402c31b8a7ed-000000@email.amazonses.com>
2026-05-03 21:40:15,950 - INFO - Skipping already-processed message ID: <BB136B87-2299-4B89-9A2E-B446E52DFA50@yahoo.com>
2026-05-03 21:40:15,950 - INFO - Skipping already-processed message ID: <06D43F41-BB9A-4D85-9127-6E51FC50D7FD@yahoo.com>
2026-05-03 21:40:15,950 - INFO - Skipping already-processed message ID: <957111A2-0F6C-4A9D-9ED6-D3B685869E33@yahoo.com>
2026-05-03 21:40:15,950 - INFO - Skipping already-processed message ID: <F0E3D771-4716-472B-B375-8FCD1704055A@yahoo.com>
2026-05-03 21:40:15,950 - INFO - Skipping already-processed message ID: <2AE4154D-4DE9-4188-8CD9-BA433528599C@yahoo.com>
2026-05-03 21:40:15,950 - INFO - Skipping already-processed message ID: <2BB0CCC4-735B-4A5F-8019-A3B7CCC74D03@yahoo.com>
2026-05-03 21:40:15,950 - INFO - Skipping already-processed message ID: <797218A6-4A17-4B87-B429-61B02C7183AD@yahoo.com>
2026-05-03 21:40:15,950 - INFO - Skipping already-processed message ID: <27873746-1170-475E-9C21-7CE95948A671@yahoo.com>
2026-05-03 21:40:15,950 - INFO - Skipping already-processed message ID: <22764553-180E-42BB-9898-BC855B10E550@yahoo.com>
2026-05-03 21:40:15,950 - INFO - Skipping already-processed message ID: <C3317370-D2F5-409D-8D13-85A2F90FC6DB@yahoo.com>
2026-05-03 21:40:15,950 - INFO - Skipping already-processed message ID: <0100019de822820b-cbbf2f75-c1ed-469c-85df-98c1ab947266-000000@email.amazonses.com>
2026-05-03 21:40:15,950 - INFO - Skipping already-processed message ID: <F5FDBF7F-24C1-41B6-9793-F672681D2827@yahoo.com>
2026-05-03 21:40:15,950 - INFO - Skipping already-processed message ID: <7E3878D1-7A25-4DB5-AB91-558C9CE7A009@yahoo.com>
2026-05-03 21:40:15,950 - INFO - ℹ️ No new links found
2026-05-03 21:40:53,922 - INFO - 🚀 YouTube monitor script started
2026-05-03 21:40:54,676 - INFO - 📧 Processing 20 emails...
2026-05-03 21:40:54,677 - INFO - Loading sent links...
2026-05-03 21:40:54,677 - INFO - Loaded 20 previously sent links, 33 processed message IDs
2026-05-03 21:40:54,677 - INFO - Skipping already-processed message ID: <7270E473-1FA0-4B18-8D52-ED41A3003519@yahoo.com>
2026-05-03 21:40:54,677 - INFO - Skipping already-processed message ID: <01E8DA25-0F9E-4F68-8B4E-D61A30251C6D@yahoo.com>
2026-05-03 21:40:54,678 - INFO - Skipping already-processed message ID: <15AC3D59-8B21-4AAB-B987-5E301D188E95@yahoo.com>
2026-05-03 21:40:54,678 - INFO - Skipping already-processed message ID: <578A32F1-DDEC-49EA-BC61-B2871A82BE8F@yahoo.com>
2026-05-03 21:40:54,678 - INFO - Skipping already-processed message ID: <2417795A-852C-4051-B9F9-D79E95DA0578@yahoo.com>
2026-05-03 21:40:54,678 - INFO - Skipping already-processed message ID: <F65C4CD9-DDD7-4CA3-B54B-CF0DEC0DFDEE@yahoo.com>
2026-05-03 21:40:54,678 - INFO - Skipping already-processed message ID: <0100019ded4898fa-aae9c82a-cf76-41f8-8c3d-402c31b8a7ed-000000@email.amazonses.com>
2026-05-03 21:40:54,678 - INFO - Skipping already-processed message ID: <BB136B87-2299-4B89-9A2E-B446E52DFA50@yahoo.com>
2026-05-03 21:40:54,678 - INFO - Skipping already-processed message ID: <06D43F41-BB9A-4D85-9127-6E51FC50D7FD@yahoo.com>
2026-05-03 21:40:54,678 - INFO - Skipping already-processed message ID: <957111A2-0F6C-4A9D-9ED6-D3B685869E33@yahoo.com>
2026-05-03 21:40:54,678 - INFO - Skipping already-processed message ID: <F0E3D771-4716-472B-B375-8FCD1704055A@yahoo.com>
2026-05-03 21:40:54,678 - INFO - Skipping already-processed message ID: <2AE4154D-4DE9-4188-8CD9-BA433528599C@yahoo.com>
2026-05-03 21:40:54,678 - INFO - Skipping already-processed message ID: <2BB0CCC4-735B-4A5F-8019-A3B7CCC74D03@yahoo.com>
2026-05-03 21:40:54,678 - INFO - Skipping already-processed message ID: <797218A6-4A17-4B87-B429-61B02C7183AD@yahoo.com>
2026-05-03 21:40:54,678 - INFO - Skipping already-processed message ID: <27873746-1170-475E-9C21-7CE95948A671@yahoo.com>
2026-05-03 21:40:54,678 - INFO - Skipping already-processed message ID: <22764553-180E-42BB-9898-BC855B10E550@yahoo.com>
2026-05-03 21:40:54,678 - INFO - Skipping already-processed message ID: <C3317370-D2F5-409D-8D13-85A2F90FC6DB@yahoo.com>
2026-05-03 21:40:54,679 - INFO - Skipping already-processed message ID: <0100019de822820b-cbbf2f75-c1ed-469c-85df-98c1ab947266-000000@email.amazonses.com>
2026-05-03 21:40:54,679 - INFO - Skipping already-processed message ID: <F5FDBF7F-24C1-41B6-9793-F672681D2827@yahoo.com>
2026-05-03 21:40:54,679 - INFO - Skipping already-processed message ID: <7E3878D1-7A25-4DB5-AB91-558C9CE7A009@yahoo.com>
2026-05-03 21:40:54,679 - INFO - ℹ️ No new links found
2026-05-03 22:01:26,209 - INFO - 🚀 YouTube monitor script started
2026-05-03 22:01:27,320 - INFO - 📧 Processing 20 emails...
2026-05-03 22:01:27,320 - INFO - Loading sent links...
2026-05-03 22:01:27,320 - INFO - Loaded 20 previously sent links, 33 processed message IDs
2026-05-03 22:01:27,321 - INFO - Skipping already-processed message ID: <7270E473-1FA0-4B18-8D52-ED41A3003519@yahoo.com>
2026-05-03 22:01:27,321 - INFO - Skipping already-processed message ID: <01E8DA25-0F9E-4F68-8B4E-D61A30251C6D@yahoo.com>
2026-05-03 22:01:27,321 - INFO - Skipping already-processed message ID: <15AC3D59-8B21-4AAB-B987-5E301D188E95@yahoo.com>
2026-05-03 22:01:27,321 - INFO - Skipping already-processed message ID: <578A32F1-DDEC-49EA-BC61-B2871A82BE8F@yahoo.com>
2026-05-03 22:01:27,321 - INFO - Skipping already-processed message ID: <2417795A-852C-4051-B9F9-D79E95DA0578@yahoo.com>
2026-05-03 22:01:27,321 - INFO - Skipping already-processed message ID: <F65C4CD9-DDD7-4CA3-B54B-CF0DEC0DFDEE@yahoo.com>
2026-05-03 22:01:27,321 - INFO - Skipping already-processed message ID: <0100019ded4898fa-aae9c82a-cf76-41f8-8c3d-402c31b8a7ed-000000@email.amazonses.com>
2026-05-03 22:01:27,321 - INFO - Skipping already-processed message ID: <BB136B87-2299-4B89-9A2E-B446E52DFA50@yahoo.com>
2026-05-03 22:01:27,321 - INFO - Skipping already-processed message ID: <06D43F41-BB9A-4D85-9127-6E51FC50D7FD@yahoo.com>
2026-05-03 22:01:27,321 - INFO - Skipping already-processed message ID: <957111A2-0F6C-4A9D-9ED6-D3B685869E33@yahoo.com>
2026-05-03 22:01:27,321 - INFO - Skipping already-processed message ID: <F0E3D771-4716-472B-B375-8FCD1704055A@yahoo.com>
2026-05-03 22:01:27,321 - INFO - Skipping already-processed message ID: <2AE4154D-4DE9-4188-8CD9-BA433528599C@yahoo.com>
2026-05-03 22:01:27,321 - INFO - Skipping already-processed message ID: <2BB0CCC4-735B-4A5F-8019-A3B7CCC74D03@yahoo.com>
2026-05-03 22:01:27,321 - INFO - Skipping already-processed message ID: <797218A6-4A17-4B87-B429-61B02C7183AD@yahoo.com>
2026-05-03 22:01:27,321 - INFO - Skipping already-processed message ID: <27873746-1170-475E-9C21-7CE95948A671@yahoo.com>
2026-05-03 22:01:27,321 - INFO - Skipping already-processed message ID: <22764553-180E-42BB-9898-BC855B10E550@yahoo.com>
2026-05-03 22:01:27,321 - INFO - Skipping already-processed message ID: <C3317370-D2F5-409D-8D13-85A2F90FC6DB@yahoo.com>
2026-05-03 22:01:27,321 - INFO - Skipping already-processed message ID: <0100019de822820b-cbbf2f75-c1ed-469c-85df-98c1ab947266-000000@email.amazonses.com>
2026-05-03 22:01:27,321 - INFO - Skipping already-processed message ID: <F5FDBF7F-24C1-41B6-9793-F672681D2827@yahoo.com>
2026-05-03 22:01:27,321 - INFO - Skipping already-processed message ID: <7E3878D1-7A25-4DB5-AB91-558C9CE7A009@yahoo.com>
2026-05-03 22:01:27,321 - INFO - ℹ️ No new links found
2026-05-03 22:30:15,789 - INFO - 🚀 YouTube monitor script started
2026-05-03 22:30:16,814 - INFO - 📧 Processing 20 emails...
2026-05-03 22:30:16,814 - INFO - Loading sent links...
2026-05-03 22:30:16,815 - INFO - Loaded 20 previously sent links, 33 processed message IDs
2026-05-03 22:30:16,815 - INFO - Skipping already-processed message ID: <7270E473-1FA0-4B18-8D52-ED41A3003519@yahoo.com>
2026-05-03 22:30:16,815 - INFO - Skipping already-processed message ID: <01E8DA25-0F9E-4F68-8B4E-D61A30251C6D@yahoo.com>
2026-05-03 22:30:16,815 - INFO - Skipping already-processed message ID: <15AC3D59-8B21-4AAB-B987-5E301D188E95@yahoo.com>
2026-05-03 22:30:16,815 - INFO - Skipping already-processed message ID: <578A32F1-DDEC-49EA-BC61-B2871A82BE8F@yahoo.com>
2026-05-03 22:30:16,815 - INFO - Skipping already-processed message ID: <2417795A-852C-4051-B9F9-D79E95DA0578@yahoo.com>
2026-05-03 22:30:16,815 - INFO - Skipping already-processed message ID: <F65C4CD9-DDD7-4CA3-B54B-CF0DEC0DFDEE@yahoo.com>
2026-05-03 22:30:16,815 - INFO - Skipping already-processed message ID: <0100019ded4898fa-aae9c82a-cf76-41f8-8c3d-402c31b8a7ed-000000@email.amazonses.com>
2026-05-03 22:30:16,815 - INFO - Skipping already-processed message ID: <BB136B87-2299-4B89-9A2E-B446E52DFA50@yahoo.com>
2026-05-03 22:30:16,815 - INFO - Skipping already-processed message ID: <06D43F41-BB9A-4D85-9127-6E51FC50D7FD@yahoo.com>
2026-05-03 22:30:16,815 - INFO - Skipping already-processed message ID: <957111A2-0F6C-4A9D-9ED6-D3B685869E33@yahoo.com>
2026-05-03 22:30:16,815 - INFO - Skipping already-processed message ID: <F0E3D771-4716-472B-B375-8FCD1704055A@yahoo.com>
2026-05-03 22:30:16,815 - INFO - Skipping already-processed message ID: <2AE4154D-4DE9-4188-8CD9-BA433528599C@yahoo.com>
2026-05-03 22:30:16,815 - INFO - Skipping already-processed message ID: <2BB0CCC4-735B-4A5F-8019-A3B7CCC74D03@yahoo.com>
2026-05-03 22:30:16,816 - INFO - Skipping already-processed message ID: <797218A6-4A17-4B87-B429-61B02C7183AD@yahoo.com>
2026-05-03 22:30:16,816 - INFO - Skipping already-processed message ID: <27873746-1170-475E-9C21-7CE95948A671@yahoo.com>
2026-05-03 22:30:16,816 - INFO - Skipping already-processed message ID: <22764553-180E-42BB-9898-BC855B10E550@yahoo.com>
2026-05-03 22:30:16,816 - INFO - Skipping already-processed message ID: <C3317370-D2F5-409D-8D13-85A2F90FC6DB@yahoo.com>
2026-05-03 22:30:16,816 - INFO - Skipping already-processed message ID: <0100019de822820b-cbbf2f75-c1ed-469c-85df-98c1ab947266-000000@email.amazonses.com>
2026-05-03 22:30:16,816 - INFO - Skipping already-processed message ID: <F5FDBF7F-24C1-41B6-9793-F672681D2827@yahoo.com>
2026-05-03 22:30:16,816 - INFO - Skipping already-processed message ID: <7E3878D1-7A25-4DB5-AB91-558C9CE7A009@yahoo.com>
2026-05-03 22:30:16,816 - INFO - ℹ️ No new links found
2026-05-03 22:40:15,087 - INFO - 🚀 YouTube monitor script started
2026-05-03 22:40:16,133 - INFO - 📧 Processing 20 emails...
2026-05-03 22:40:16,133 - INFO - Loading sent links...
2026-05-03 22:40:16,133 - INFO - Loaded 20 previously sent links, 33 processed message IDs
2026-05-03 22:40:16,133 - INFO - Skipping already-processed message ID: <7270E473-1FA0-4B18-8D52-ED41A3003519@yahoo.com>
2026-05-03 22:40:16,133 - INFO - Skipping already-processed message ID: <01E8DA25-0F9E-4F68-8B4E-D61A30251C6D@yahoo.com>
2026-05-03 22:40:16,133 - INFO - Skipping already-processed message ID: <15AC3D59-8B21-4AAB-B987-5E301D188E95@yahoo.com>
2026-05-03 22:40:16,134 - INFO - Skipping already-processed message ID: <578A32F1-DDEC-49EA-BC61-B2871A82BE8F@yahoo.com>
2026-05-03 22:40:16,134 - INFO - Skipping already-processed message ID: <2417795A-852C-4051-B9F9-D79E95DA0578@yahoo.com>
2026-05-03 22:40:16,134 - INFO - Skipping already-processed message ID: <F65C4CD9-DDD7-4CA3-B54B-CF0DEC0DFDEE@yahoo.com>
2026-05-03 22:40:16,134 - INFO - Skipping already-processed message ID: <0100019ded4898fa-aae9c82a-cf76-41f8-8c3d-402c31b8a7ed-000000@email.amazonses.com>
2026-05-03 22:40:16,134 - INFO - Skipping already-processed message ID: <BB136B87-2299-4B89-9A2E-B446E52DFA50@yahoo.com>
2026-05-03 22:40:16,134 - INFO - Skipping already-processed message ID: <06D43F41-BB9A-4D85-9127-6E51FC50D7FD@yahoo.com>
2026-05-03 22:40:16,134 - INFO - Skipping already-processed message ID: <957111A2-0F6C-4A9D-9ED6-D3B685869E33@yahoo.com>
2026-05-03 22:40:16,134 - INFO - Skipping already-processed message ID: <F0E3D771-4716-472B-B375-8FCD1704055A@yahoo.com>
2026-05-03 22:40:16,134 - INFO - Skipping already-processed message ID: <2AE4154D-4DE9-4188-8CD9-BA433528599C@yahoo.com>
2026-05-03 22:40:16,134 - INFO - Skipping already-processed message ID: <2BB0CCC4-735B-4A5F-8019-A3B7CCC74D03@yahoo.com>
2026-05-03 22:40:16,134 - INFO - Skipping already-processed message ID: <797218A6-4A17-4B87-B429-61B02C7183AD@yahoo.com>
2026-05-03 22:40:16,134 - INFO - Skipping already-processed message ID: <27873746-1170-475E-9C21-7CE95948A671@yahoo.com>
2026-05-03 22:40:16,134 - INFO - Skipping already-processed message ID: <22764553-180E-42BB-9898-BC855B10E550@yahoo.com>
2026-05-03 22:40:16,134 - INFO - Skipping already-processed message ID: <C3317370-D2F5-409D-8D13-85A2F90FC6DB@yahoo.com>
2026-05-03 22:40:16,134 - INFO - Skipping already-processed message ID: <0100019de822820b-cbbf2f75-c1ed-469c-85df-98c1ab947266-000000@email.amazonses.com>
2026-05-03 22:40:16,134 - INFO - Skipping already-processed message ID: <F5FDBF7F-24C1-41B6-9793-F672681D2827@yahoo.com>
2026-05-03 22:40:16,134 - INFO - Skipping already-processed message ID: <7E3878D1-7A25-4DB5-AB91-558C9CE7A009@yahoo.com>
2026-05-03 22:40:16,134 - INFO - ℹ️ No new links found
2026-05-03 22:50:46,264 - INFO - 🚀 YouTube monitor script started
2026-05-03 22:50:47,613 - INFO - 📧 Processing 20 emails...
2026-05-03 22:50:47,613 - INFO - Loading sent links...
2026-05-03 22:50:47,614 - INFO - Loaded 20 previously sent links, 33 processed message IDs
2026-05-03 22:50:47,614 - INFO - Skipping already-processed message ID: <7270E473-1FA0-4B18-8D52-ED41A3003519@yahoo.com>
2026-05-03 22:50:47,614 - INFO - Skipping already-processed message ID: <01E8DA25-0F9E-4F68-8B4E-D61A30251C6D@yahoo.com>
2026-05-03 22:50:47,614 - INFO - Skipping already-processed message ID: <15AC3D59-8B21-4AAB-B987-5E301D188E95@yahoo.com>
2026-05-03 22:50:47,614 - INFO - Skipping already-processed message ID: <578A32F1-DDEC-49EA-BC61-B2871A82BE8F@yahoo.com>
2026-05-03 22:50:47,614 - INFO - Skipping already-processed message ID: <2417795A-852C-4051-B9F9-D79E95DA0578@yahoo.com>
2026-05-03 22:50:47,614 - INFO - Skipping already-processed message ID: <F65C4CD9-DDD7-4CA3-B54B-CF0DEC0DFDEE@yahoo.com>
2026-05-03 22:50:47,614 - INFO - Skipping already-processed message ID: <0100019ded4898fa-aae9c82a-cf76-41f8-8c3d-402c31b8a7ed-000000@email.amazonses.com>
2026-05-03 22:50:47,614 - INFO - Skipping already-processed message ID: <BB136B87-2299-4B89-9A2E-B446E52DFA50@yahoo.com>
2026-05-03 22:50:47,614 - INFO - Skipping already-processed message ID: <06D43F41-BB9A-4D85-9127-6E51FC50D7FD@yahoo.com>
2026-05-03 22:50:47,614 - INFO - Skipping already-processed message ID: <957111A2-0F6C-4A9D-9ED6-D3B685869E33@yahoo.com>
2026-05-03 22:50:47,614 - INFO - Skipping already-processed message ID: <F0E3D771-4716-472B-B375-8FCD1704055A@yahoo.com>
2026-05-03 22:50:47,614 - INFO - Skipping already-processed message ID: <2AE4154D-4DE9-4188-8CD9-BA433528599C@yahoo.com>
2026-05-03 22:50:47,614 - INFO - Skipping already-processed message ID: <2BB0CCC4-735B-4A5F-8019-A3B7CCC74D03@yahoo.com>
2026-05-03 22:50:47,614 - INFO - Skipping already-processed message ID: <797218A6-4A17-4B87-B429-61B02C7183AD@yahoo.com>
2026-05-03 22:50:47,614 - INFO - Skipping already-processed message ID: <27873746-1170-475E-9C21-7CE95948A671@yahoo.com>
2026-05-03 22:50:47,614 - INFO - Skipping already-processed message ID: <22764553-180E-42BB-9898-BC855B10E550@yahoo.com>
2026-05-03 22:50:47,614 - INFO - Skipping already-processed message ID: <C3317370-D2F5-409D-8D13-85A2F90FC6DB@yahoo.com>
2026-05-03 22:50:47,614 - INFO - Skipping already-processed message ID: <0100019de822820b-cbbf2f75-c1ed-469c-85df-98c1ab947266-000000@email.amazonses.com>
2026-05-03 22:50:47,614 - INFO - Skipping already-processed message ID: <F5FDBF7F-24C1-41B6-9793-F672681D2827@yahoo.com>
2026-05-03 22:50:47,615 - INFO - Skipping already-processed message ID: <7E3878D1-7A25-4DB5-AB91-558C9CE7A009@yahoo.com>
2026-05-03 22:50:47,615 - INFO - ℹ️ No new links found
2026-05-03 23:10:12,691 - INFO - 🚀 YouTube monitor script started
2026-05-03 23:10:13,711 - INFO - 📧 Processing 20 emails...
2026-05-03 23:10:13,711 - INFO - Loading sent links...
2026-05-03 23:10:13,712 - INFO - Loaded 20 previously sent links, 33 processed message IDs
2026-05-03 23:10:13,712 - INFO - Skipping already-processed message ID: <7270E473-1FA0-4B18-8D52-ED41A3003519@yahoo.com>
2026-05-03 23:10:13,713 - INFO - Skipping already-processed message ID: <01E8DA25-0F9E-4F68-8B4E-D61A30251C6D@yahoo.com>
2026-05-03 23:10:13,713 - INFO - Skipping already-processed message ID: <15AC3D59-8B21-4AAB-B987-5E301D188E95@yahoo.com>
2026-05-03 23:10:13,713 - INFO - Skipping already-processed message ID: <578A32F1-DDEC-49EA-BC61-B2871A82BE8F@yahoo.com>
2026-05-03 23:10:13,713 - INFO - Skipping already-processed message ID: <2417795A-852C-4051-B9F9-D79E95DA0578@yahoo.com>
2026-05-03 23:10:13,713 - INFO - Skipping already-processed message ID: <F65C4CD9-DDD7-4CA3-B54B-CF0DEC0DFDEE@yahoo.com>
2026-05-03 23:10:13,713 - INFO - Skipping already-processed message ID: <0100019ded4898fa-aae9c82a-cf76-41f8-8c3d-402c31b8a7ed-000000@email.amazonses.com>
2026-05-03 23:10:13,714 - INFO - Skipping already-processed message ID: <BB136B87-2299-4B89-9A2E-B446E52DFA50@yahoo.com>
2026-05-03 23:10:13,714 - INFO - Skipping already-processed message ID: <06D43F41-BB9A-4D85-9127-6E51FC50D7FD@yahoo.com>
2026-05-03 23:10:13,714 - INFO - Skipping already-processed message ID: <957111A2-0F6C-4A9D-9ED6-D3B685869E33@yahoo.com>
2026-05-03 23:10:13,714 - INFO - Skipping already-processed message ID: <F0E3D771-4716-472B-B375-8FCD1704055A@yahoo.com>
2026-05-03 23:10:13,714 - INFO - Skipping already-processed message ID: <2AE4154D-4DE9-4188-8CD9-BA433528599C@yahoo.com>
2026-05-03 23:10:13,714 - INFO - Skipping already-processed message ID: <2BB0CCC4-735B-4A5F-8019-A3B7CCC74D03@yahoo.com>
2026-05-03 23:10:13,714 - INFO - Skipping already-processed message ID: <797218A6-4A17-4B87-B429-61B02C7183AD@yahoo.com>
2026-05-03 23:10:13,714 - INFO - Skipping already-processed message ID: <27873746-1170-475E-9C21-7CE95948A671@yahoo.com>
2026-05-03 23:10:13,715 - INFO - Skipping already-processed message ID: <22764553-180E-42BB-9898-BC855B10E550@yahoo.com>
2026-05-03 23:10:13,715 - INFO - Skipping already-processed message ID: <C3317370-D2F5-409D-8D13-85A2F90FC6DB@yahoo.com>
2026-05-03 23:10:13,715 - INFO - Skipping already-processed message ID: <0100019de822820b-cbbf2f75-c1ed-469c-85df-98c1ab947266-000000@email.amazonses.com>
2026-05-03 23:10:13,715 - INFO - Skipping already-processed message ID: <F5FDBF7F-24C1-41B6-9793-F672681D2827@yahoo.com>
2026-05-03 23:10:13,715 - INFO - Skipping already-processed message ID: <7E3878D1-7A25-4DB5-AB91-558C9CE7A009@yahoo.com>
2026-05-03 23:10:13,715 - INFO - ℹ️ No new links found
2026-05-03 23:20:16,261 - INFO - 🚀 YouTube monitor script started
2026-05-03 23:20:17,332 - INFO - 📧 Processing 20 emails...
2026-05-03 23:20:17,332 - INFO - Loading sent links...
2026-05-03 23:20:17,333 - INFO - Loaded 20 previously sent links, 33 processed message IDs
2026-05-03 23:20:17,333 - INFO - Skipping already-processed message ID: <7270E473-1FA0-4B18-8D52-ED41A3003519@yahoo.com>
2026-05-03 23:20:17,333 - INFO - Skipping already-processed message ID: <01E8DA25-0F9E-4F68-8B4E-D61A30251C6D@yahoo.com>
2026-05-03 23:20:17,333 - INFO - Skipping already-processed message ID: <15AC3D59-8B21-4AAB-B987-5E301D188E95@yahoo.com>
2026-05-03 23:20:17,333 - INFO - Skipping already-processed message ID: <578A32F1-DDEC-49EA-BC61-B2871A82BE8F@yahoo.com>
2026-05-03 23:20:17,333 - INFO - Skipping already-processed message ID: <2417795A-852C-4051-B9F9-D79E95DA0578@yahoo.com>
2026-05-03 23:20:17,333 - INFO - Skipping already-processed message ID: <F65C4CD9-DDD7-4CA3-B54B-CF0DEC0DFDEE@yahoo.com>
2026-05-03 23:20:17,333 - INFO - Skipping already-processed message ID: <0100019ded4898fa-aae9c82a-cf76-41f8-8c3d-402c31b8a7ed-000000@email.amazonses.com>
2026-05-03 23:20:17,333 - INFO - Skipping already-processed message ID: <BB136B87-2299-4B89-9A2E-B446E52DFA50@yahoo.com>
2026-05-03 23:20:17,333 - INFO - Skipping already-processed message ID: <06D43F41-BB9A-4D85-9127-6E51FC50D7FD@yahoo.com>
2026-05-03 23:20:17,333 - INFO - Skipping already-processed message ID: <957111A2-0F6C-4A9D-9ED6-D3B685869E33@yahoo.com>
2026-05-03 23:20:17,333 - INFO - Skipping already-processed message ID: <F0E3D771-4716-472B-B375-8FCD1704055A@yahoo.com>
2026-05-03 23:20:17,334 - INFO - Skipping already-processed message ID: <2AE4154D-4DE9-4188-8CD9-BA433528599C@yahoo.com>
2026-05-03 23:20:17,334 - INFO - Skipping already-processed message ID: <2BB0CCC4-735B-4A5F-8019-A3B7CCC74D03@yahoo.com>
2026-05-03 23:20:17,334 - INFO - Skipping already-processed message ID: <797218A6-4A17-4B87-B429-61B02C7183AD@yahoo.com>
2026-05-03 23:20:17,334 - INFO - Skipping already-processed message ID: <27873746-1170-475E-9C21-7CE95948A671@yahoo.com>
2026-05-03 23:20:17,334 - INFO - Skipping already-processed message ID: <22764553-180E-42BB-9898-BC855B10E550@yahoo.com>
2026-05-03 23:20:17,334 - INFO - Skipping already-processed message ID: <C3317370-D2F5-409D-8D13-85A2F90FC6DB@yahoo.com>
2026-05-03 23:20:17,334 - INFO - Skipping already-processed message ID: <0100019de822820b-cbbf2f75-c1ed-469c-85df-98c1ab947266-000000@email.amazonses.com>
2026-05-03 23:20:17,334 - INFO - Skipping already-processed message ID: <F5FDBF7F-24C1-41B6-9793-F672681D2827@yahoo.com>
2026-05-03 23:20:17,334 - INFO - Skipping already-processed message ID: <7E3878D1-7A25-4DB5-AB91-558C9CE7A009@yahoo.com>
2026-05-03 23:20:17,334 - INFO - ℹ️ No new links found
2026-05-03 23:30:36,710 - INFO - 🚀 YouTube monitor script started
2026-05-03 23:30:37,630 - INFO - 📧 Processing 20 emails...
2026-05-03 23:30:37,630 - INFO - Loading sent links...
2026-05-03 23:30:37,631 - INFO - Loaded 20 previously sent links, 33 processed message IDs
2026-05-03 23:30:37,631 - INFO - Skipping already-processed message ID: <7270E473-1FA0-4B18-8D52-ED41A3003519@yahoo.com>
2026-05-03 23:30:37,631 - INFO - Skipping already-processed message ID: <01E8DA25-0F9E-4F68-8B4E-D61A30251C6D@yahoo.com>
2026-05-03 23:30:37,631 - INFO - Skipping already-processed message ID: <15AC3D59-8B21-4AAB-B987-5E301D188E95@yahoo.com>
2026-05-03 23:30:37,631 - INFO - Skipping already-processed message ID: <578A32F1-DDEC-49EA-BC61-B2871A82BE8F@yahoo.com>
2026-05-03 23:30:37,631 - INFO - Skipping already-processed message ID: <2417795A-852C-4051-B9F9-D79E95DA0578@yahoo.com>
2026-05-03 23:30:37,631 - INFO - Skipping already-processed message ID: <F65C4CD9-DDD7-4CA3-B54B-CF0DEC0DFDEE@yahoo.com>
2026-05-03 23:30:37,631 - INFO - Skipping already-processed message ID: <0100019ded4898fa-aae9c82a-cf76-41f8-8c3d-402c31b8a7ed-000000@email.amazonses.com>
2026-05-03 23:30:37,631 - INFO - Skipping already-processed message ID: <BB136B87-2299-4B89-9A2E-B446E52DFA50@yahoo.com>
2026-05-03 23:30:37,631 - INFO - Skipping already-processed message ID: <06D43F41-BB9A-4D85-9127-6E51FC50D7FD@yahoo.com>
2026-05-03 23:30:37,631 - INFO - Skipping already-processed message ID: <957111A2-0F6C-4A9D-9ED6-D3B685869E33@yahoo.com>
2026-05-03 23:30:37,631 - INFO - Skipping already-processed message ID: <F0E3D771-4716-472B-B375-8FCD1704055A@yahoo.com>
2026-05-03 23:30:37,632 - INFO - Skipping already-processed message ID: <2AE4154D-4DE9-4188-8CD9-BA433528599C@yahoo.com>
2026-05-03 23:30:37,632 - INFO - Skipping already-processed message ID: <2BB0CCC4-735B-4A5F-8019-A3B7CCC74D03@yahoo.com>
2026-05-03 23:30:37,632 - INFO - Skipping already-processed message ID: <797218A6-4A17-4B87-B429-61B02C7183AD@yahoo.com>
2026-05-03 23:30:37,632 - INFO - Skipping already-processed message ID: <27873746-1170-475E-9C21-7CE95948A671@yahoo.com>
2026-05-03 23:30:37,632 - INFO - Skipping already-processed message ID: <22764553-180E-42BB-9898-BC855B10E550@yahoo.com>
2026-05-03 23:30:37,632 - INFO - Skipping already-processed message ID: <C3317370-D2F5-409D-8D13-85A2F90FC6DB@yahoo.com>
2026-05-03 23:30:37,632 - INFO - Skipping already-processed message ID: <0100019de822820b-cbbf2f75-c1ed-469c-85df-98c1ab947266-000000@email.amazonses.com>
2026-05-03 23:30:37,632 - INFO - Skipping already-processed message ID: <F5FDBF7F-24C1-41B6-9793-F672681D2827@yahoo.com>
2026-05-03 23:30:37,632 - INFO - Skipping already-processed message ID: <7E3878D1-7A25-4DB5-AB91-558C9CE7A009@yahoo.com>
2026-05-03 23:30:37,632 - INFO - ℹ️ No new links found
2026-05-03 23:40:13,734 - INFO - 🚀 YouTube monitor script started
2026-05-03 23:40:14,992 - INFO - 📧 Processing 20 emails...
2026-05-03 23:40:14,992 - INFO - Loading sent links...
2026-05-03 23:40:14,992 - INFO - Loaded 20 previously sent links, 33 processed message IDs
2026-05-03 23:40:14,992 - INFO - Skipping already-processed message ID: <7270E473-1FA0-4B18-8D52-ED41A3003519@yahoo.com>
2026-05-03 23:40:14,993 - INFO - Skipping already-processed message ID: <01E8DA25-0F9E-4F68-8B4E-D61A30251C6D@yahoo.com>
2026-05-03 23:40:14,993 - INFO - Skipping already-processed message ID: <15AC3D59-8B21-4AAB-B987-5E301D188E95@yahoo.com>
2026-05-03 23:40:14,993 - INFO - Skipping already-processed message ID: <578A32F1-DDEC-49EA-BC61-B2871A82BE8F@yahoo.com>
2026-05-03 23:40:14,993 - INFO - Skipping already-processed message ID: <2417795A-852C-4051-B9F9-D79E95DA0578@yahoo.com>
2026-05-03 23:40:14,993 - INFO - Skipping already-processed message ID: <F65C4CD9-DDD7-4CA3-B54B-CF0DEC0DFDEE@yahoo.com>
2026-05-03 23:40:14,993 - INFO - Skipping already-processed message ID: <0100019ded4898fa-aae9c82a-cf76-41f8-8c3d-402c31b8a7ed-000000@email.amazonses.com>
2026-05-03 23:40:14,993 - INFO - Skipping already-processed message ID: <BB136B87-2299-4B89-9A2E-B446E52DFA50@yahoo.com>
2026-05-03 23:40:14,993 - INFO - Skipping already-processed message ID: <06D43F41-BB9A-4D85-9127-6E51FC50D7FD@yahoo.com>
2026-05-03 23:40:14,993 - INFO - Skipping already-processed message ID: <957111A2-0F6C-4A9D-9ED6-D3B685869E33@yahoo.com>
2026-05-03 23:40:14,993 - INFO - Skipping already-processed message ID: <F0E3D771-4716-472B-B375-8FCD1704055A@yahoo.com>
2026-05-03 23:40:14,993 - INFO - Skipping already-processed message ID: <2AE4154D-4DE9-4188-8CD9-BA433528599C@yahoo.com>
2026-05-03 23:40:14,993 - INFO - Skipping already-processed message ID: <2BB0CCC4-735B-4A5F-8019-A3B7CCC74D03@yahoo.com>
2026-05-03 23:40:14,993 - INFO - Skipping already-processed message ID: <797218A6-4A17-4B87-B429-61B02C7183AD@yahoo.com>
2026-05-03 23:40:14,993 - INFO - Skipping already-processed message ID: <27873746-1170-475E-9C21-7CE95948A671@yahoo.com>
2026-05-03 23:40:14,993 - INFO - Skipping already-processed message ID: <22764553-180E-42BB-9898-BC855B10E550@yahoo.com>
2026-05-03 23:40:14,993 - INFO - Skipping already-processed message ID: <C3317370-D2F5-409D-8D13-85A2F90FC6DB@yahoo.com>
2026-05-03 23:40:14,993 - INFO - Skipping already-processed message ID: <0100019de822820b-cbbf2f75-c1ed-469c-85df-98c1ab947266-000000@email.amazonses.com>
2026-05-03 23:40:14,993 - INFO - Skipping already-processed message ID: <F5FDBF7F-24C1-41B6-9793-F672681D2827@yahoo.com>
2026-05-03 23:40:14,993 - INFO - Skipping already-processed message ID: <7E3878D1-7A25-4DB5-AB91-558C9CE7A009@yahoo.com>
2026-05-03 23:40:14,993 - INFO - ℹ️ No new links found
2026-05-03 23:50:12,341 - INFO - 🚀 YouTube monitor script started
2026-05-03 23:50:13,458 - INFO - 📧 Processing 20 emails...
2026-05-03 23:50:13,458 - INFO - Loading sent links...
2026-05-03 23:50:13,458 - INFO - Loaded 20 previously sent links, 33 processed message IDs
2026-05-03 23:50:13,459 - INFO - Skipping already-processed message ID: <7270E473-1FA0-4B18-8D52-ED41A3003519@yahoo.com>
2026-05-03 23:50:13,459 - INFO - Skipping already-processed message ID: <01E8DA25-0F9E-4F68-8B4E-D61A30251C6D@yahoo.com>
2026-05-03 23:50:13,459 - INFO - Skipping already-processed message ID: <15AC3D59-8B21-4AAB-B987-5E301D188E95@yahoo.com>
2026-05-03 23:50:13,459 - INFO - Skipping already-processed message ID: <578A32F1-DDEC-49EA-BC61-B2871A82BE8F@yahoo.com>
2026-05-03 23:50:13,459 - INFO - Skipping already-processed message ID: <2417795A-852C-4051-B9F9-D79E95DA0578@yahoo.com>
2026-05-03 23:50:13,459 - INFO - Skipping already-processed message ID: <F65C4CD9-DDD7-4CA3-B54B-CF0DEC0DFDEE@yahoo.com>
2026-05-03 23:50:13,459 - INFO - Skipping already-processed message ID: <0100019ded4898fa-aae9c82a-cf76-41f8-8c3d-402c31b8a7ed-000000@email.amazonses.com>
2026-05-03 23:50:13,459 - INFO - Skipping already-processed message ID: <BB136B87-2299-4B89-9A2E-B446E52DFA50@yahoo.com>
2026-05-03 23:50:13,459 - INFO - Skipping already-processed message ID: <06D43F41-BB9A-4D85-9127-6E51FC50D7FD@yahoo.com>
2026-05-03 23:50:13,460 - INFO - Skipping already-processed message ID: <957111A2-0F6C-4A9D-9ED6-D3B685869E33@yahoo.com>
2026-05-03 23:50:13,460 - INFO - Skipping already-processed message ID: <F0E3D771-4716-472B-B375-8FCD1704055A@yahoo.com>
2026-05-03 23:50:13,460 - INFO - Skipping already-processed message ID: <2AE4154D-4DE9-4188-8CD9-BA433528599C@yahoo.com>
2026-05-03 23:50:13,460 - INFO - Skipping already-processed message ID: <2BB0CCC4-735B-4A5F-8019-A3B7CCC74D03@yahoo.com>
2026-05-03 23:50:13,460 - INFO - Skipping already-processed message ID: <797218A6-4A17-4B87-B429-61B02C7183AD@yahoo.com>
2026-05-03 23:50:13,460 - INFO - Skipping already-processed message ID: <27873746-1170-475E-9C21-7CE95948A671@yahoo.com>
2026-05-03 23:50:13,460 - INFO - Skipping already-processed message ID: <22764553-180E-42BB-9898-BC855B10E550@yahoo.com>
2026-05-03 23:50:13,460 - INFO - Skipping already-processed message ID: <C3317370-D2F5-409D-8D13-85A2F90FC6DB@yahoo.com>
2026-05-03 23:50:13,460 - INFO - Skipping already-processed message ID: <0100019de822820b-cbbf2f75-c1ed-469c-85df-98c1ab947266-000000@email.amazonses.com>
2026-05-03 23:50:13,460 - INFO - Skipping already-processed message ID: <F5FDBF7F-24C1-41B6-9793-F672681D2827@yahoo.com>
2026-05-03 23:50:13,460 - INFO - Skipping already-processed message ID: <7E3878D1-7A25-4DB5-AB91-558C9CE7A009@yahoo.com>
2026-05-03 23:50:13,460 - INFO - ℹ️ No new links found
2026-05-03 23:51:00,420 - INFO - 🚀 YouTube monitor script started
2026-05-03 23:51:01,292 - INFO - 📧 Processing 20 emails...
2026-05-03 23:51:01,292 - INFO - Loading sent links...
2026-05-03 23:51:01,292 - INFO - Loaded 20 previously sent links, 33 processed message IDs
2026-05-03 23:51:01,292 - INFO - Skipping already-processed message ID: <7270E473-1FA0-4B18-8D52-ED41A3003519@yahoo.com>
2026-05-03 23:51:01,292 - INFO - Skipping already-processed message ID: <01E8DA25-0F9E-4F68-8B4E-D61A30251C6D@yahoo.com>
2026-05-03 23:51:01,292 - INFO - Skipping already-processed message ID: <15AC3D59-8B21-4AAB-B987-5E301D188E95@yahoo.com>
2026-05-03 23:51:01,292 - INFO - Skipping already-processed message ID: <578A32F1-DDEC-49EA-BC61-B2871A82BE8F@yahoo.com>
2026-05-03 23:51:01,292 - INFO - Skipping already-processed message ID: <2417795A-852C-4051-B9F9-D79E95DA0578@yahoo.com>
2026-05-03 23:51:01,292 - INFO - Skipping already-processed message ID: <F65C4CD9-DDD7-4CA3-B54B-CF0DEC0DFDEE@yahoo.com>
2026-05-03 23:51:01,293 - INFO - Skipping already-processed message ID: <0100019ded4898fa-aae9c82a-cf76-41f8-8c3d-402c31b8a7ed-000000@email.amazonses.com>
2026-05-03 23:51:01,293 - INFO - Skipping already-processed message ID: <BB136B87-2299-4B89-9A2E-B446E52DFA50@yahoo.com>
2026-05-03 23:51:01,293 - INFO - Skipping already-processed message ID: <06D43F41-BB9A-4D85-9127-6E51FC50D7FD@yahoo.com>
2026-05-03 23:51:01,293 - INFO - Skipping already-processed message ID: <957111A2-0F6C-4A9D-9ED6-D3B685869E33@yahoo.com>
2026-05-03 23:51:01,293 - INFO - Skipping already-processed message ID: <F0E3D771-4716-472B-B375-8FCD1704055A@yahoo.com>
2026-05-03 23:51:01,293 - INFO - Skipping already-processed message ID: <2AE4154D-4DE9-4188-8CD9-BA433528599C@yahoo.com>
2026-05-03 23:51:01,293 - INFO - Skipping already-processed message ID: <2BB0CCC4-735B-4A5F-8019-A3B7CCC74D03@yahoo.com>
2026-05-03 23:51:01,293 - INFO - Skipping already-processed message ID: <797218A6-4A17-4B87-B429-61B02C7183AD@yahoo.com>
2026-05-03 23:51:01,293 - INFO - Skipping already-processed message ID: <27873746-1170-475E-9C21-7CE95948A671@yahoo.com>
2026-05-03 23:51:01,293 - INFO - Skipping already-processed message ID: <22764553-180E-42BB-9898-BC855B10E550@yahoo.com>
2026-05-03 23:51:01,293 - INFO - Skipping already-processed message ID: <C3317370-D2F5-409D-8D13-85A2F90FC6DB@yahoo.com>
2026-05-03 23:51:01,293 - INFO - Skipping already-processed message ID: <0100019de822820b-cbbf2f75-c1ed-469c-85df-98c1ab947266-000000@email.amazonses.com>
2026-05-03 23:51:01,293 - INFO - Skipping already-processed message ID: <F5FDBF7F-24C1-41B6-9793-F672681D2827@yahoo.com>
2026-05-03 23:51:01,293 - INFO - Skipping already-processed message ID: <7E3878D1-7A25-4DB5-AB91-558C9CE7A009@yahoo.com>
2026-05-03 23:51:01,293 - INFO - ℹ️ No new links found
2026-05-04 00:00:12,750 - INFO - 🚀 YouTube monitor script started
2026-05-04 00:00:13,871 - INFO - 📧 Processing 20 emails...
2026-05-04 00:00:13,871 - INFO - Loading sent links...
2026-05-04 00:00:13,872 - INFO - Loaded 20 previously sent links, 33 processed message IDs
2026-05-04 00:00:13,872 - INFO - Skipping already-processed message ID: <7270E473-1FA0-4B18-8D52-ED41A3003519@yahoo.com>
2026-05-04 00:00:13,872 - INFO - Skipping already-processed message ID: <01E8DA25-0F9E-4F68-8B4E-D61A30251C6D@yahoo.com>
2026-05-04 00:00:13,872 - INFO - Skipping already-processed message ID: <15AC3D59-8B21-4AAB-B987-5E301D188E95@yahoo.com>
2026-05-04 00:00:13,872 - INFO - Skipping already-processed message ID: <578A32F1-DDEC-49EA-BC61-B2871A82BE8F@yahoo.com>
2026-05-04 00:00:13,872 - INFO - Skipping already-processed message ID: <2417795A-852C-4051-B9F9-D79E95DA0578@yahoo.com>
2026-05-04 00:00:13,872 - INFO - Skipping already-processed message ID: <F65C4CD9-DDD7-4CA3-B54B-CF0DEC0DFDEE@yahoo.com>
2026-05-04 00:00:13,872 - INFO - Skipping already-processed message ID: <0100019ded4898fa-aae9c82a-cf76-41f8-8c3d-402c31b8a7ed-000000@email.amazonses.com>
2026-05-04 00:00:13,872 - INFO - Skipping already-processed message ID: <BB136B87-2299-4B89-9A2E-B446E52DFA50@yahoo.com>
2026-05-04 00:00:13,872 - INFO - Skipping already-processed message ID: <06D43F41-BB9A-4D85-9127-6E51FC50D7FD@yahoo.com>
2026-05-04 00:00:13,872 - INFO - Skipping already-processed message ID: <957111A2-0F6C-4A9D-9ED6-D3B685869E33@yahoo.com>
2026-05-04 00:00:13,872 - INFO - Skipping already-processed message ID: <F0E3D771-4716-472B-B375-8FCD1704055A@yahoo.com>
2026-05-04 00:00:13,872 - INFO - Skipping already-processed message ID: <2AE4154D-4DE9-4188-8CD9-BA433528599C@yahoo.com>
2026-05-04 00:00:13,872 - INFO - Skipping already-processed message ID: <2BB0CCC4-735B-4A5F-8019-A3B7CCC74D03@yahoo.com>
2026-05-04 00:00:13,872 - INFO - Skipping already-processed message ID: <797218A6-4A17-4B87-B429-61B02C7183AD@yahoo.com>
2026-05-04 00:00:13,872 - INFO - Skipping already-processed message ID: <27873746-1170-475E-9C21-7CE95948A671@yahoo.com>
2026-05-04 00:00:13,873 - INFO - Skipping already-processed message ID: <22764553-180E-42BB-9898-BC855B10E550@yahoo.com>
2026-05-04 00:00:13,873 - INFO - Skipping already-processed message ID: <C3317370-D2F5-409D-8D13-85A2F90FC6DB@yahoo.com>
2026-05-04 00:00:13,873 - INFO - Skipping already-processed message ID: <0100019de822820b-cbbf2f75-c1ed-469c-85df-98c1ab947266-000000@email.amazonses.com>
2026-05-04 00:00:13,873 - INFO - Skipping already-processed message ID: <F5FDBF7F-24C1-41B6-9793-F672681D2827@yahoo.com>
2026-05-04 00:00:13,873 - INFO - Skipping already-processed message ID: <7E3878D1-7A25-4DB5-AB91-558C9CE7A009@yahoo.com>
2026-05-04 00:00:13,873 - INFO - ℹ️ No new links found
2026-05-04 00:10:45,108 - INFO - 🚀 YouTube monitor script started
2026-05-04 00:10:45,981 - INFO - 📧 Processing 20 emails...
2026-05-04 00:10:45,981 - INFO - Loading sent links...
2026-05-04 00:10:45,981 - INFO - Loaded 20 previously sent links, 33 processed message IDs
2026-05-04 00:10:45,981 - INFO - Skipping already-processed message ID: <7270E473-1FA0-4B18-8D52-ED41A3003519@yahoo.com>
2026-05-04 00:10:45,981 - INFO - Skipping already-processed message ID: <01E8DA25-0F9E-4F68-8B4E-D61A30251C6D@yahoo.com>
2026-05-04 00:10:45,982 - INFO - Skipping already-processed message ID: <15AC3D59-8B21-4AAB-B987-5E301D188E95@yahoo.com>
2026-05-04 00:10:45,982 - INFO - Skipping already-processed message ID: <578A32F1-DDEC-49EA-BC61-B2871A82BE8F@yahoo.com>
2026-05-04 00:10:45,982 - INFO - Skipping already-processed message ID: <2417795A-852C-4051-B9F9-D79E95DA0578@yahoo.com>
2026-05-04 00:10:45,982 - INFO - Skipping already-processed message ID: <F65C4CD9-DDD7-4CA3-B54B-CF0DEC0DFDEE@yahoo.com>
2026-05-04 00:10:45,982 - INFO - Skipping already-processed message ID: <0100019ded4898fa-aae9c82a-cf76-41f8-8c3d-402c31b8a7ed-000000@email.amazonses.com>
2026-05-04 00:10:45,982 - INFO - Skipping already-processed message ID: <BB136B87-2299-4B89-9A2E-B446E52DFA50@yahoo.com>
2026-05-04 00:10:45,982 - INFO - Skipping already-processed message ID: <06D43F41-BB9A-4D85-9127-6E51FC50D7FD@yahoo.com>
2026-05-04 00:10:45,982 - INFO - Skipping already-processed message ID: <957111A2-0F6C-4A9D-9ED6-D3B685869E33@yahoo.com>
2026-05-04 00:10:45,982 - INFO - Skipping already-processed message ID: <F0E3D771-4716-472B-B375-8FCD1704055A@yahoo.com>
2026-05-04 00:10:45,982 - INFO - Skipping already-processed message ID: <2AE4154D-4DE9-4188-8CD9-BA433528599C@yahoo.com>
2026-05-04 00:10:45,982 - INFO - Skipping already-processed message ID: <2BB0CCC4-735B-4A5F-8019-A3B7CCC74D03@yahoo.com>
2026-05-04 00:10:45,982 - INFO - Skipping already-processed message ID: <797218A6-4A17-4B87-B429-61B02C7183AD@yahoo.com>
2026-05-04 00:10:45,982 - INFO - Skipping already-processed message ID: <27873746-1170-475E-9C21-7CE95948A671@yahoo.com>
2026-05-04 00:10:45,982 - INFO - Skipping already-processed message ID: <22764553-180E-42BB-9898-BC855B10E550@yahoo.com>
2026-05-04 00:10:45,982 - INFO - Skipping already-processed message ID: <C3317370-D2F5-409D-8D13-85A2F90FC6DB@yahoo.com>
2026-05-04 00:10:45,982 - INFO - Skipping already-processed message ID: <0100019de822820b-cbbf2f75-c1ed-469c-85df-98c1ab947266-000000@email.amazonses.com>
2026-05-04 00:10:45,982 - INFO - Skipping already-processed message ID: <F5FDBF7F-24C1-41B6-9793-F672681D2827@yahoo.com>
2026-05-04 00:10:45,982 - INFO - Skipping already-processed message ID: <7E3878D1-7A25-4DB5-AB91-558C9CE7A009@yahoo.com>
2026-05-04 00:10:45,982 - INFO - ℹ️ No new links found
2026-05-04 00:20:22,214 - INFO - 🚀 YouTube monitor script started
2026-05-04 00:20:23,150 - INFO - 📧 Processing 20 emails...
2026-05-04 00:20:23,151 - INFO - Loading sent links...
2026-05-04 00:20:23,151 - INFO - Loaded 20 previously sent links, 33 processed message IDs
2026-05-04 00:20:23,151 - INFO - Skipping already-processed message ID: <7270E473-1FA0-4B18-8D52-ED41A3003519@yahoo.com>
2026-05-04 00:20:23,151 - INFO - Skipping already-processed message ID: <01E8DA25-0F9E-4F68-8B4E-D61A30251C6D@yahoo.com>
2026-05-04 00:20:23,151 - INFO - Skipping already-processed message ID: <15AC3D59-8B21-4AAB-B987-5E301D188E95@yahoo.com>
2026-05-04 00:20:23,151 - INFO - Skipping already-processed message ID: <578A32F1-DDEC-49EA-BC61-B2871A82BE8F@yahoo.com>
2026-05-04 00:20:23,151 - INFO - Skipping already-processed message ID: <2417795A-852C-4051-B9F9-D79E95DA0578@yahoo.com>
2026-05-04 00:20:23,151 - INFO - Skipping already-processed message ID: <F65C4CD9-DDD7-4CA3-B54B-CF0DEC0DFDEE@yahoo.com>
2026-05-04 00:20:23,151 - INFO - Skipping already-processed message ID: <0100019ded4898fa-aae9c82a-cf76-41f8-8c3d-402c31b8a7ed-000000@email.amazonses.com>
2026-05-04 00:20:23,151 - INFO - Skipping already-processed message ID: <BB136B87-2299-4B89-9A2E-B446E52DFA50@yahoo.com>
2026-05-04 00:20:23,152 - INFO - Skipping already-processed message ID: <06D43F41-BB9A-4D85-9127-6E51FC50D7FD@yahoo.com>
2026-05-04 00:20:23,152 - INFO - Skipping already-processed message ID: <957111A2-0F6C-4A9D-9ED6-D3B685869E33@yahoo.com>
2026-05-04 00:20:23,152 - INFO - Skipping already-processed message ID: <F0E3D771-4716-472B-B375-8FCD1704055A@yahoo.com>
2026-05-04 00:20:23,152 - INFO - Skipping already-processed message ID: <2AE4154D-4DE9-4188-8CD9-BA433528599C@yahoo.com>
2026-05-04 00:20:23,152 - INFO - Skipping already-processed message ID: <2BB0CCC4-735B-4A5F-8019-A3B7CCC74D03@yahoo.com>
2026-05-04 00:20:23,152 - INFO - Skipping already-processed message ID: <797218A6-4A17-4B87-B429-61B02C7183AD@yahoo.com>
2026-05-04 00:20:23,152 - INFO - Skipping already-processed message ID: <27873746-1170-475E-9C21-7CE95948A671@yahoo.com>
2026-05-04 00:20:23,152 - INFO - Skipping already-processed message ID: <22764553-180E-42BB-9898-BC855B10E550@yahoo.com>
2026-05-04 00:20:23,152 - INFO - Skipping already-processed message ID: <C3317370-D2F5-409D-8D13-85A2F90FC6DB@yahoo.com>
2026-05-04 00:20:23,152 - INFO - Skipping already-processed message ID: <0100019de822820b-cbbf2f75-c1ed-469c-85df-98c1ab947266-000000@email.amazonses.com>
2026-05-04 00:20:23,152 - INFO - Skipping already-processed message ID: <F5FDBF7F-24C1-41B6-9793-F672681D2827@yahoo.com>
2026-05-04 00:20:23,152 - INFO - Skipping already-processed message ID: <7E3878D1-7A25-4DB5-AB91-558C9CE7A009@yahoo.com>
2026-05-04 00:20:23,152 - INFO - ℹ️ No new links found
2026-05-04 00:40:11,731 - INFO - 🚀 YouTube monitor script started
2026-05-04 00:40:12,676 - INFO - 📧 Processing 20 emails...
2026-05-04 00:40:12,676 - INFO - Loading sent links...
2026-05-04 00:40:12,677 - INFO - Loaded 20 previously sent links, 33 processed message IDs
2026-05-04 00:40:12,677 - INFO - Skipping already-processed message ID: <7270E473-1FA0-4B18-8D52-ED41A3003519@yahoo.com>
2026-05-04 00:40:12,677 - INFO - Skipping already-processed message ID: <01E8DA25-0F9E-4F68-8B4E-D61A30251C6D@yahoo.com>
2026-05-04 00:40:12,677 - INFO - Skipping already-processed message ID: <15AC3D59-8B21-4AAB-B987-5E301D188E95@yahoo.com>
2026-05-04 00:40:12,677 - INFO - Skipping already-processed message ID: <578A32F1-DDEC-49EA-BC61-B2871A82BE8F@yahoo.com>
2026-05-04 00:40:12,677 - INFO - Skipping already-processed message ID: <2417795A-852C-4051-B9F9-D79E95DA0578@yahoo.com>
2026-05-04 00:40:12,677 - INFO - Skipping already-processed message ID: <F65C4CD9-DDD7-4CA3-B54B-CF0DEC0DFDEE@yahoo.com>
2026-05-04 00:40:12,677 - INFO - Skipping already-processed message ID: <0100019ded4898fa-aae9c82a-cf76-41f8-8c3d-402c31b8a7ed-000000@email.amazonses.com>
2026-05-04 00:40:12,677 - INFO - Skipping already-processed message ID: <BB136B87-2299-4B89-9A2E-B446E52DFA50@yahoo.com>
2026-05-04 00:40:12,677 - INFO - Skipping already-processed message ID: <06D43F41-BB9A-4D85-9127-6E51FC50D7FD@yahoo.com>
2026-05-04 00:40:12,678 - INFO - Skipping already-processed message ID: <957111A2-0F6C-4A9D-9ED6-D3B685869E33@yahoo.com>
2026-05-04 00:40:12,678 - INFO - Skipping already-processed message ID: <F0E3D771-4716-472B-B375-8FCD1704055A@yahoo.com>
2026-05-04 00:40:12,678 - INFO - Skipping already-processed message ID: <2AE4154D-4DE9-4188-8CD9-BA433528599C@yahoo.com>
2026-05-04 00:40:12,678 - INFO - Skipping already-processed message ID: <2BB0CCC4-735B-4A5F-8019-A3B7CCC74D03@yahoo.com>
2026-05-04 00:40:12,678 - INFO - Skipping already-processed message ID: <797218A6-4A17-4B87-B429-61B02C7183AD@yahoo.com>
2026-05-04 00:40:12,678 - INFO - Skipping already-processed message ID: <27873746-1170-475E-9C21-7CE95948A671@yahoo.com>
2026-05-04 00:40:12,678 - INFO - Skipping already-processed message ID: <22764553-180E-42BB-9898-BC855B10E550@yahoo.com>
2026-05-04 00:40:12,678 - INFO - Skipping already-processed message ID: <C3317370-D2F5-409D-8D13-85A2F90FC6DB@yahoo.com>
2026-05-04 00:40:12,679 - INFO - Skipping already-processed message ID: <0100019de822820b-cbbf2f75-c1ed-469c-85df-98c1ab947266-000000@email.amazonses.com>
2026-05-04 00:40:12,679 - INFO - Skipping already-processed message ID: <F5FDBF7F-24C1-41B6-9793-F672681D2827@yahoo.com>
2026-05-04 00:40:12,679 - INFO - Skipping already-processed message ID: <7E3878D1-7A25-4DB5-AB91-558C9CE7A009@yahoo.com>
2026-05-04 00:40:12,679 - INFO - ℹ️ No new links found
2026-05-04 00:50:12,335 - INFO - 🚀 YouTube monitor script started
2026-05-04 00:50:13,461 - INFO - 📧 Processing 20 emails...
2026-05-04 00:50:13,461 - INFO - Loading sent links...
2026-05-04 00:50:13,462 - INFO - Loaded 20 previously sent links, 33 processed message IDs
2026-05-04 00:50:13,462 - INFO - Skipping already-processed message ID: <7270E473-1FA0-4B18-8D52-ED41A3003519@yahoo.com>
2026-05-04 00:50:13,462 - INFO - Skipping already-processed message ID: <01E8DA25-0F9E-4F68-8B4E-D61A30251C6D@yahoo.com>
2026-05-04 00:50:13,462 - INFO - Skipping already-processed message ID: <15AC3D59-8B21-4AAB-B987-5E301D188E95@yahoo.com>
2026-05-04 00:50:13,462 - INFO - Skipping already-processed message ID: <578A32F1-DDEC-49EA-BC61-B2871A82BE8F@yahoo.com>
2026-05-04 00:50:13,462 - INFO - Skipping already-processed message ID: <2417795A-852C-4051-B9F9-D79E95DA0578@yahoo.com>
2026-05-04 00:50:13,462 - INFO - Skipping already-processed message ID: <F65C4CD9-DDD7-4CA3-B54B-CF0DEC0DFDEE@yahoo.com>
2026-05-04 00:50:13,462 - INFO - Skipping already-processed message ID: <0100019ded4898fa-aae9c82a-cf76-41f8-8c3d-402c31b8a7ed-000000@email.amazonses.com>
2026-05-04 00:50:13,462 - INFO - Skipping already-processed message ID: <BB136B87-2299-4B89-9A2E-B446E52DFA50@yahoo.com>
2026-05-04 00:50:13,462 - INFO - Skipping already-processed message ID: <06D43F41-BB9A-4D85-9127-6E51FC50D7FD@yahoo.com>
2026-05-04 00:50:13,462 - INFO - Skipping already-processed message ID: <957111A2-0F6C-4A9D-9ED6-D3B685869E33@yahoo.com>
2026-05-04 00:50:13,462 - INFO - Skipping already-processed message ID: <F0E3D771-4716-472B-B375-8FCD1704055A@yahoo.com>
2026-05-04 00:50:13,462 - INFO - Skipping already-processed message ID: <2AE4154D-4DE9-4188-8CD9-BA433528599C@yahoo.com>
2026-05-04 00:50:13,462 - INFO - Skipping already-processed message ID: <2BB0CCC4-735B-4A5F-8019-A3B7CCC74D03@yahoo.com>
2026-05-04 00:50:13,462 - INFO - Skipping already-processed message ID: <797218A6-4A17-4B87-B429-61B02C7183AD@yahoo.com>
2026-05-04 00:50:13,462 - INFO - Skipping already-processed message ID: <27873746-1170-475E-9C21-7CE95948A671@yahoo.com>
2026-05-04 00:50:13,463 - INFO - Skipping already-processed message ID: <22764553-180E-42BB-9898-BC855B10E550@yahoo.com>
2026-05-04 00:50:13,463 - INFO - Skipping already-processed message ID: <C3317370-D2F5-409D-8D13-85A2F90FC6DB@yahoo.com>
2026-05-04 00:50:13,463 - INFO - Skipping already-processed message ID: <0100019de822820b-cbbf2f75-c1ed-469c-85df-98c1ab947266-000000@email.amazonses.com>
2026-05-04 00:50:13,463 - INFO - Skipping already-processed message ID: <F5FDBF7F-24C1-41B6-9793-F672681D2827@yahoo.com>
2026-05-04 00:50:13,463 - INFO - Skipping already-processed message ID: <7E3878D1-7A25-4DB5-AB91-558C9CE7A009@yahoo.com>
2026-05-04 00:50:13,463 - INFO - ℹ️ No new links found
2026-05-04 01:00:10,343 - INFO - 🚀 YouTube monitor script started
2026-05-04 01:00:11,264 - INFO - 📧 Processing 20 emails...
2026-05-04 01:00:11,264 - INFO - Loading sent links...
2026-05-04 01:00:11,265 - INFO - Loaded 20 previously sent links, 33 processed message IDs
2026-05-04 01:00:11,265 - INFO - Skipping already-processed message ID: <7270E473-1FA0-4B18-8D52-ED41A3003519@yahoo.com>
2026-05-04 01:00:11,265 - INFO - Skipping already-processed message ID: <01E8DA25-0F9E-4F68-8B4E-D61A30251C6D@yahoo.com>
2026-05-04 01:00:11,265 - INFO - Skipping already-processed message ID: <15AC3D59-8B21-4AAB-B987-5E301D188E95@yahoo.com>
2026-05-04 01:00:11,265 - INFO - Skipping already-processed message ID: <578A32F1-DDEC-49EA-BC61-B2871A82BE8F@yahoo.com>
2026-05-04 01:00:11,265 - INFO - Skipping already-processed message ID: <2417795A-852C-4051-B9F9-D79E95DA0578@yahoo.com>
2026-05-04 01:00:11,265 - INFO - Skipping already-processed message ID: <F65C4CD9-DDD7-4CA3-B54B-CF0DEC0DFDEE@yahoo.com>
2026-05-04 01:00:11,265 - INFO - Skipping already-processed message ID: <0100019ded4898fa-aae9c82a-cf76-41f8-8c3d-402c31b8a7ed-000000@email.amazonses.com>
2026-05-04 01:00:11,265 - INFO - Skipping already-processed message ID: <BB136B87-2299-4B89-9A2E-B446E52DFA50@yahoo.com>
2026-05-04 01:00:11,265 - INFO - Skipping already-processed message ID: <06D43F41-BB9A-4D85-9127-6E51FC50D7FD@yahoo.com>
2026-05-04 01:00:11,265 - INFO - Skipping already-processed message ID: <957111A2-0F6C-4A9D-9ED6-D3B685869E33@yahoo.com>
2026-05-04 01:00:11,265 - INFO - Skipping already-processed message ID: <F0E3D771-4716-472B-B375-8FCD1704055A@yahoo.com>
2026-05-04 01:00:11,265 - INFO - Skipping already-processed message ID: <2AE4154D-4DE9-4188-8CD9-BA433528599C@yahoo.com>
2026-05-04 01:00:11,265 - INFO - Skipping already-processed message ID: <2BB0CCC4-735B-4A5F-8019-A3B7CCC74D03@yahoo.com>
2026-05-04 01:00:11,265 - INFO - Skipping already-processed message ID: <797218A6-4A17-4B87-B429-61B02C7183AD@yahoo.com>
2026-05-04 01:00:11,266 - INFO - Skipping already-processed message ID: <27873746-1170-475E-9C21-7CE95948A671@yahoo.com>
2026-05-04 01:00:11,266 - INFO - Skipping already-processed message ID: <22764553-180E-42BB-9898-BC855B10E550@yahoo.com>
2026-05-04 01:00:11,266 - INFO - Skipping already-processed message ID: <C3317370-D2F5-409D-8D13-85A2F90FC6DB@yahoo.com>
2026-05-04 01:00:11,266 - INFO - Skipping already-processed message ID: <0100019de822820b-cbbf2f75-c1ed-469c-85df-98c1ab947266-000000@email.amazonses.com>
2026-05-04 01:00:11,266 - INFO - Skipping already-processed message ID: <F5FDBF7F-24C1-41B6-9793-F672681D2827@yahoo.com>
2026-05-04 01:00:11,266 - INFO - Skipping already-processed message ID: <7E3878D1-7A25-4DB5-AB91-558C9CE7A009@yahoo.com>
2026-05-04 01:00:11,266 - INFO - ℹ️ No new links found
2026-05-04 01:10:41,369 - INFO - 🚀 YouTube monitor script started
2026-05-04 01:10:42,532 - INFO - 📧 Processing 20 emails...
2026-05-04 01:10:42,533 - INFO - Loading sent links...
2026-05-04 01:10:42,533 - INFO - Loaded 20 previously sent links, 33 processed message IDs
2026-05-04 01:10:42,534 - INFO - Skipping already-processed message ID: <7270E473-1FA0-4B18-8D52-ED41A3003519@yahoo.com>
2026-05-04 01:10:42,534 - INFO - Skipping already-processed message ID: <01E8DA25-0F9E-4F68-8B4E-D61A30251C6D@yahoo.com>
2026-05-04 01:10:42,534 - INFO - Skipping already-processed message ID: <15AC3D59-8B21-4AAB-B987-5E301D188E95@yahoo.com>
2026-05-04 01:10:42,534 - INFO - Skipping already-processed message ID: <578A32F1-DDEC-49EA-BC61-B2871A82BE8F@yahoo.com>
2026-05-04 01:10:42,534 - INFO - Skipping already-processed message ID: <2417795A-852C-4051-B9F9-D79E95DA0578@yahoo.com>
2026-05-04 01:10:42,534 - INFO - Skipping already-processed message ID: <F65C4CD9-DDD7-4CA3-B54B-CF0DEC0DFDEE@yahoo.com>
2026-05-04 01:10:42,534 - INFO - Skipping already-processed message ID: <0100019ded4898fa-aae9c82a-cf76-41f8-8c3d-402c31b8a7ed-000000@email.amazonses.com>
2026-05-04 01:10:42,534 - INFO - Skipping already-processed message ID: <BB136B87-2299-4B89-9A2E-B446E52DFA50@yahoo.com>
2026-05-04 01:10:42,534 - INFO - Skipping already-processed message ID: <06D43F41-BB9A-4D85-9127-6E51FC50D7FD@yahoo.com>
2026-05-04 01:10:42,534 - INFO - Skipping already-processed message ID: <957111A2-0F6C-4A9D-9ED6-D3B685869E33@yahoo.com>
2026-05-04 01:10:42,534 - INFO - Skipping already-processed message ID: <F0E3D771-4716-472B-B375-8FCD1704055A@yahoo.com>
2026-05-04 01:10:42,534 - INFO - Skipping already-processed message ID: <2AE4154D-4DE9-4188-8CD9-BA433528599C@yahoo.com>
2026-05-04 01:10:42,534 - INFO - Skipping already-processed message ID: <2BB0CCC4-735B-4A5F-8019-A3B7CCC74D03@yahoo.com>
2026-05-04 01:10:42,535 - INFO - Skipping already-processed message ID: <797218A6-4A17-4B87-B429-61B02C7183AD@yahoo.com>
2026-05-04 01:10:42,535 - INFO - Skipping already-processed message ID: <27873746-1170-475E-9C21-7CE95948A671@yahoo.com>
2026-05-04 01:10:42,535 - INFO - Skipping already-processed message ID: <22764553-180E-42BB-9898-BC855B10E550@yahoo.com>
2026-05-04 01:10:42,535 - INFO - Skipping already-processed message ID: <C3317370-D2F5-409D-8D13-85A2F90FC6DB@yahoo.com>
2026-05-04 01:10:42,535 - INFO - Skipping already-processed message ID: <0100019de822820b-cbbf2f75-c1ed-469c-85df-98c1ab947266-000000@email.amazonses.com>
2026-05-04 01:10:42,535 - INFO - Skipping already-processed message ID: <F5FDBF7F-24C1-41B6-9793-F672681D2827@yahoo.com>
2026-05-04 01:10:42,535 - INFO - Skipping already-processed message ID: <7E3878D1-7A25-4DB5-AB91-558C9CE7A009@yahoo.com>
2026-05-04 01:10:42,535 - INFO - ℹ️ No new links found
2026-05-04 01:20:19,256 - INFO - 🚀 YouTube monitor script started
2026-05-04 01:20:20,413 - INFO - 📧 Processing 20 emails...
2026-05-04 01:20:20,413 - INFO - Loading sent links...
2026-05-04 01:20:20,413 - INFO - Loaded 20 previously sent links, 33 processed message IDs
2026-05-04 01:20:20,413 - INFO - Skipping already-processed message ID: <7270E473-1FA0-4B18-8D52-ED41A3003519@yahoo.com>
2026-05-04 01:20:20,413 - INFO - Skipping already-processed message ID: <01E8DA25-0F9E-4F68-8B4E-D61A30251C6D@yahoo.com>
2026-05-04 01:20:20,413 - INFO - Skipping already-processed message ID: <15AC3D59-8B21-4AAB-B987-5E301D188E95@yahoo.com>
2026-05-04 01:20:20,413 - INFO - Skipping already-processed message ID: <578A32F1-DDEC-49EA-BC61-B2871A82BE8F@yahoo.com>
2026-05-04 01:20:20,414 - INFO - Skipping already-processed message ID: <2417795A-852C-4051-B9F9-D79E95DA0578@yahoo.com>
2026-05-04 01:20:20,414 - INFO - Skipping already-processed message ID: <F65C4CD9-DDD7-4CA3-B54B-CF0DEC0DFDEE@yahoo.com>
2026-05-04 01:20:20,414 - INFO - Skipping already-processed message ID: <0100019ded4898fa-aae9c82a-cf76-41f8-8c3d-402c31b8a7ed-000000@email.amazonses.com>
2026-05-04 01:20:20,414 - INFO - Skipping already-processed message ID: <BB136B87-2299-4B89-9A2E-B446E52DFA50@yahoo.com>
2026-05-04 01:20:20,414 - INFO - Skipping already-processed message ID: <06D43F41-BB9A-4D85-9127-6E51FC50D7FD@yahoo.com>
2026-05-04 01:20:20,414 - INFO - Skipping already-processed message ID: <957111A2-0F6C-4A9D-9ED6-D3B685869E33@yahoo.com>
2026-05-04 01:20:20,414 - INFO - Skipping already-processed message ID: <F0E3D771-4716-472B-B375-8FCD1704055A@yahoo.com>
2026-05-04 01:20:20,414 - INFO - Skipping already-processed message ID: <2AE4154D-4DE9-4188-8CD9-BA433528599C@yahoo.com>
2026-05-04 01:20:20,414 - INFO - Skipping already-processed message ID: <2BB0CCC4-735B-4A5F-8019-A3B7CCC74D03@yahoo.com>
2026-05-04 01:20:20,414 - INFO - Skipping already-processed message ID: <797218A6-4A17-4B87-B429-61B02C7183AD@yahoo.com>
2026-05-04 01:20:20,414 - INFO - Skipping already-processed message ID: <27873746-1170-475E-9C21-7CE95948A671@yahoo.com>
2026-05-04 01:20:20,414 - INFO - Skipping already-processed message ID: <22764553-180E-42BB-9898-BC855B10E550@yahoo.com>
2026-05-04 01:20:20,414 - INFO - Skipping already-processed message ID: <C3317370-D2F5-409D-8D13-85A2F90FC6DB@yahoo.com>
2026-05-04 01:20:20,414 - INFO - Skipping already-processed message ID: <0100019de822820b-cbbf2f75-c1ed-469c-85df-98c1ab947266-000000@email.amazonses.com>
2026-05-04 01:20:20,414 - INFO - Skipping already-processed message ID: <F5FDBF7F-24C1-41B6-9793-F672681D2827@yahoo.com>
2026-05-04 01:20:20,414 - INFO - Skipping already-processed message ID: <7E3878D1-7A25-4DB5-AB91-558C9CE7A009@yahoo.com>
2026-05-04 01:20:20,414 - INFO - ℹ️ No new links found
2026-05-04 01:30:10,485 - INFO - 🚀 YouTube monitor script started
2026-05-04 01:30:11,430 - INFO - 📧 Processing 20 emails...
2026-05-04 01:30:11,430 - INFO - Loading sent links...
2026-05-04 01:30:11,430 - INFO - Loaded 20 previously sent links, 33 processed message IDs
2026-05-04 01:30:11,430 - INFO - Skipping already-processed message ID: <7270E473-1FA0-4B18-8D52-ED41A3003519@yahoo.com>
2026-05-04 01:30:11,430 - INFO - Skipping already-processed message ID: <01E8DA25-0F9E-4F68-8B4E-D61A30251C6D@yahoo.com>
2026-05-04 01:30:11,430 - INFO - Skipping already-processed message ID: <15AC3D59-8B21-4AAB-B987-5E301D188E95@yahoo.com>
2026-05-04 01:30:11,430 - INFO - Skipping already-processed message ID: <578A32F1-DDEC-49EA-BC61-B2871A82BE8F@yahoo.com>
2026-05-04 01:30:11,431 - INFO - Skipping already-processed message ID: <2417795A-852C-4051-B9F9-D79E95DA0578@yahoo.com>
2026-05-04 01:30:11,431 - INFO - Skipping already-processed message ID: <F65C4CD9-DDD7-4CA3-B54B-CF0DEC0DFDEE@yahoo.com>
2026-05-04 01:30:11,431 - INFO - Skipping already-processed message ID: <0100019ded4898fa-aae9c82a-cf76-41f8-8c3d-402c31b8a7ed-000000@email.amazonses.com>
2026-05-04 01:30:11,431 - INFO - Skipping already-processed message ID: <BB136B87-2299-4B89-9A2E-B446E52DFA50@yahoo.com>
2026-05-04 01:30:11,431 - INFO - Skipping already-processed message ID: <06D43F41-BB9A-4D85-9127-6E51FC50D7FD@yahoo.com>
2026-05-04 01:30:11,431 - INFO - Skipping already-processed message ID: <957111A2-0F6C-4A9D-9ED6-D3B685869E33@yahoo.com>
2026-05-04 01:30:11,431 - INFO - Skipping already-processed message ID: <F0E3D771-4716-472B-B375-8FCD1704055A@yahoo.com>
2026-05-04 01:30:11,431 - INFO - Skipping already-processed message ID: <2AE4154D-4DE9-4188-8CD9-BA433528599C@yahoo.com>
2026-05-04 01:30:11,431 - INFO - Skipping already-processed message ID: <2BB0CCC4-735B-4A5F-8019-A3B7CCC74D03@yahoo.com>
2026-05-04 01:30:11,431 - INFO - Skipping already-processed message ID: <797218A6-4A17-4B87-B429-61B02C7183AD@yahoo.com>
2026-05-04 01:30:11,431 - INFO - Skipping already-processed message ID: <27873746-1170-475E-9C21-7CE95948A671@yahoo.com>
2026-05-04 01:30:11,431 - INFO - Skipping already-processed message ID: <22764553-180E-42BB-9898-BC855B10E550@yahoo.com>
2026-05-04 01:30:11,431 - INFO - Skipping already-processed message ID: <C3317370-D2F5-409D-8D13-85A2F90FC6DB@yahoo.com>
2026-05-04 01:30:11,431 - INFO - Skipping already-processed message ID: <0100019de822820b-cbbf2f75-c1ed-469c-85df-98c1ab947266-000000@email.amazonses.com>
2026-05-04 01:30:11,431 - INFO - Skipping already-processed message ID: <F5FDBF7F-24C1-41B6-9793-F672681D2827@yahoo.com>
2026-05-04 01:30:11,431 - INFO - Skipping already-processed message ID: <7E3878D1-7A25-4DB5-AB91-558C9CE7A009@yahoo.com>
2026-05-04 01:30:11,431 - INFO - ℹ️ No new links found
2026-05-04 01:40:21,108 - INFO - 🚀 YouTube monitor script started
2026-05-04 01:40:22,064 - INFO - 📧 Processing 20 emails...
2026-05-04 01:40:22,064 - INFO - Loading sent links...
2026-05-04 01:40:22,065 - INFO - Loaded 20 previously sent links, 33 processed message IDs
2026-05-04 01:40:22,065 - INFO - Skipping already-processed message ID: <7270E473-1FA0-4B18-8D52-ED41A3003519@yahoo.com>
2026-05-04 01:40:22,065 - INFO - Skipping already-processed message ID: <01E8DA25-0F9E-4F68-8B4E-D61A30251C6D@yahoo.com>
2026-05-04 01:40:22,065 - INFO - Skipping already-processed message ID: <15AC3D59-8B21-4AAB-B987-5E301D188E95@yahoo.com>
2026-05-04 01:40:22,065 - INFO - Skipping already-processed message ID: <578A32F1-DDEC-49EA-BC61-B2871A82BE8F@yahoo.com>
2026-05-04 01:40:22,065 - INFO - Skipping already-processed message ID: <2417795A-852C-4051-B9F9-D79E95DA0578@yahoo.com>
2026-05-04 01:40:22,065 - INFO - Skipping already-processed message ID: <F65C4CD9-DDD7-4CA3-B54B-CF0DEC0DFDEE@yahoo.com>
2026-05-04 01:40:22,065 - INFO - Skipping already-processed message ID: <0100019ded4898fa-aae9c82a-cf76-41f8-8c3d-402c31b8a7ed-000000@email.amazonses.com>
2026-05-04 01:40:22,065 - INFO - Skipping already-processed message ID: <BB136B87-2299-4B89-9A2E-B446E52DFA50@yahoo.com>
2026-05-04 01:40:22,065 - INFO - Skipping already-processed message ID: <06D43F41-BB9A-4D85-9127-6E51FC50D7FD@yahoo.com>
2026-05-04 01:40:22,065 - INFO - Skipping already-processed message ID: <957111A2-0F6C-4A9D-9ED6-D3B685869E33@yahoo.com>
2026-05-04 01:40:22,065 - INFO - Skipping already-processed message ID: <F0E3D771-4716-472B-B375-8FCD1704055A@yahoo.com>
2026-05-04 01:40:22,065 - INFO - Skipping already-processed message ID: <2AE4154D-4DE9-4188-8CD9-BA433528599C@yahoo.com>
2026-05-04 01:40:22,065 - INFO - Skipping already-processed message ID: <2BB0CCC4-735B-4A5F-8019-A3B7CCC74D03@yahoo.com>
2026-05-04 01:40:22,065 - INFO - Skipping already-processed message ID: <797218A6-4A17-4B87-B429-61B02C7183AD@yahoo.com>
2026-05-04 01:40:22,065 - INFO - Skipping already-processed message ID: <27873746-1170-475E-9C21-7CE95948A671@yahoo.com>
2026-05-04 01:40:22,066 - INFO - Skipping already-processed message ID: <22764553-180E-42BB-9898-BC855B10E550@yahoo.com>
2026-05-04 01:40:22,066 - INFO - Skipping already-processed message ID: <C3317370-D2F5-409D-8D13-85A2F90FC6DB@yahoo.com>
2026-05-04 01:40:22,066 - INFO - Skipping already-processed message ID: <0100019de822820b-cbbf2f75-c1ed-469c-85df-98c1ab947266-000000@email.amazonses.com>
2026-05-04 01:40:22,066 - INFO - Skipping already-processed message ID: <F5FDBF7F-24C1-41B6-9793-F672681D2827@yahoo.com>
2026-05-04 01:40:22,066 - INFO - Skipping already-processed message ID: <7E3878D1-7A25-4DB5-AB91-558C9CE7A009@yahoo.com>
2026-05-04 01:40:22,066 - INFO - ℹ️ No new links found
2026-05-04 01:50:20,783 - INFO - 🚀 YouTube monitor script started
2026-05-04 01:50:21,706 - INFO - 📧 Processing 20 emails...
2026-05-04 01:50:21,706 - INFO - Loading sent links...
2026-05-04 01:50:21,706 - INFO - Loaded 20 previously sent links, 33 processed message IDs
2026-05-04 01:50:21,706 - INFO - Skipping already-processed message ID: <7270E473-1FA0-4B18-8D52-ED41A3003519@yahoo.com>
2026-05-04 01:50:21,707 - INFO - Skipping already-processed message ID: <01E8DA25-0F9E-4F68-8B4E-D61A30251C6D@yahoo.com>
2026-05-04 01:50:21,707 - INFO - Skipping already-processed message ID: <15AC3D59-8B21-4AAB-B987-5E301D188E95@yahoo.com>
2026-05-04 01:50:21,707 - INFO - Skipping already-processed message ID: <578A32F1-DDEC-49EA-BC61-B2871A82BE8F@yahoo.com>
2026-05-04 01:50:21,707 - INFO - Skipping already-processed message ID: <2417795A-852C-4051-B9F9-D79E95DA0578@yahoo.com>
2026-05-04 01:50:21,707 - INFO - Skipping already-processed message ID: <F65C4CD9-DDD7-4CA3-B54B-CF0DEC0DFDEE@yahoo.com>
2026-05-04 01:50:21,707 - INFO - Skipping already-processed message ID: <0100019ded4898fa-aae9c82a-cf76-41f8-8c3d-402c31b8a7ed-000000@email.amazonses.com>
2026-05-04 01:50:21,707 - INFO - Skipping already-processed message ID: <BB136B87-2299-4B89-9A2E-B446E52DFA50@yahoo.com>
2026-05-04 01:50:21,707 - INFO - Skipping already-processed message ID: <06D43F41-BB9A-4D85-9127-6E51FC50D7FD@yahoo.com>
2026-05-04 01:50:21,707 - INFO - Skipping already-processed message ID: <957111A2-0F6C-4A9D-9ED6-D3B685869E33@yahoo.com>
2026-05-04 01:50:21,707 - INFO - Skipping already-processed message ID: <F0E3D771-4716-472B-B375-8FCD1704055A@yahoo.com>
2026-05-04 01:50:21,707 - INFO - Skipping already-processed message ID: <2AE4154D-4DE9-4188-8CD9-BA433528599C@yahoo.com>
2026-05-04 01:50:21,707 - INFO - Skipping already-processed message ID: <2BB0CCC4-735B-4A5F-8019-A3B7CCC74D03@yahoo.com>
2026-05-04 01:50:21,707 - INFO - Skipping already-processed message ID: <797218A6-4A17-4B87-B429-61B02C7183AD@yahoo.com>
2026-05-04 01:50:21,707 - INFO - Skipping already-processed message ID: <27873746-1170-475E-9C21-7CE95948A671@yahoo.com>
2026-05-04 01:50:21,707 - INFO - Skipping already-processed message ID: <22764553-180E-42BB-9898-BC855B10E550@yahoo.com>
2026-05-04 01:50:21,707 - INFO - Skipping already-processed message ID: <C3317370-D2F5-409D-8D13-85A2F90FC6DB@yahoo.com>
2026-05-04 01:50:21,707 - INFO - Skipping already-processed message ID: <0100019de822820b-cbbf2f75-c1ed-469c-85df-98c1ab947266-000000@email.amazonses.com>
2026-05-04 01:50:21,707 - INFO - Skipping already-processed message ID: <F5FDBF7F-24C1-41B6-9793-F672681D2827@yahoo.com>
2026-05-04 01:50:21,707 - INFO - Skipping already-processed message ID: <7E3878D1-7A25-4DB5-AB91-558C9CE7A009@yahoo.com>
2026-05-04 01:50:21,707 - INFO - ℹ️ No new links found
2026-05-04 02:00:33,238 - INFO - 🚀 YouTube monitor script started
2026-05-04 02:00:34,228 - INFO - 📧 Processing 20 emails...
2026-05-04 02:00:34,228 - INFO - Loading sent links...
2026-05-04 02:00:34,229 - INFO - Loaded 20 previously sent links, 33 processed message IDs
2026-05-04 02:00:34,229 - INFO - Skipping already-processed message ID: <7270E473-1FA0-4B18-8D52-ED41A3003519@yahoo.com>
2026-05-04 02:00:34,229 - INFO - Skipping already-processed message ID: <01E8DA25-0F9E-4F68-8B4E-D61A30251C6D@yahoo.com>
2026-05-04 02:00:34,229 - INFO - Skipping already-processed message ID: <15AC3D59-8B21-4AAB-B987-5E301D188E95@yahoo.com>
2026-05-04 02:00:34,229 - INFO - Skipping already-processed message ID: <578A32F1-DDEC-49EA-BC61-B2871A82BE8F@yahoo.com>
2026-05-04 02:00:34,229 - INFO - Skipping already-processed message ID: <2417795A-852C-4051-B9F9-D79E95DA0578@yahoo.com>
2026-05-04 02:00:34,229 - INFO - Skipping already-processed message ID: <F65C4CD9-DDD7-4CA3-B54B-CF0DEC0DFDEE@yahoo.com>
2026-05-04 02:00:34,229 - INFO - Skipping already-processed message ID: <0100019ded4898fa-aae9c82a-cf76-41f8-8c3d-402c31b8a7ed-000000@email.amazonses.com>
2026-05-04 02:00:34,229 - INFO - Skipping already-processed message ID: <BB136B87-2299-4B89-9A2E-B446E52DFA50@yahoo.com>
2026-05-04 02:00:34,229 - INFO - Skipping already-processed message ID: <06D43F41-BB9A-4D85-9127-6E51FC50D7FD@yahoo.com>
2026-05-04 02:00:34,229 - INFO - Skipping already-processed message ID: <957111A2-0F6C-4A9D-9ED6-D3B685869E33@yahoo.com>
2026-05-04 02:00:34,229 - INFO - Skipping already-processed message ID: <F0E3D771-4716-472B-B375-8FCD1704055A@yahoo.com>
2026-05-04 02:00:34,229 - INFO - Skipping already-processed message ID: <2AE4154D-4DE9-4188-8CD9-BA433528599C@yahoo.com>
2026-05-04 02:00:34,229 - INFO - Skipping already-processed message ID: <2BB0CCC4-735B-4A5F-8019-A3B7CCC74D03@yahoo.com>
2026-05-04 02:00:34,229 - INFO - Skipping already-processed message ID: <797218A6-4A17-4B87-B429-61B02C7183AD@yahoo.com>
2026-05-04 02:00:34,229 - INFO - Skipping already-processed message ID: <27873746-1170-475E-9C21-7CE95948A671@yahoo.com>
2026-05-04 02:00:34,229 - INFO - Skipping already-processed message ID: <22764553-180E-42BB-9898-BC855B10E550@yahoo.com>
2026-05-04 02:00:34,230 - INFO - Skipping already-processed message ID: <C3317370-D2F5-409D-8D13-85A2F90FC6DB@yahoo.com>
2026-05-04 02:00:34,230 - INFO - Skipping already-processed message ID: <0100019de822820b-cbbf2f75-c1ed-469c-85df-98c1ab947266-000000@email.amazonses.com>
2026-05-04 02:00:34,230 - INFO - Skipping already-processed message ID: <F5FDBF7F-24C1-41B6-9793-F672681D2827@yahoo.com>
2026-05-04 02:00:34,230 - INFO - Skipping already-processed message ID: <7E3878D1-7A25-4DB5-AB91-558C9CE7A009@yahoo.com>
2026-05-04 02:00:34,230 - INFO - ℹ️ No new links found
2026-05-04 02:20:14,080 - INFO - 🚀 YouTube monitor script started
2026-05-04 02:20:15,244 - INFO - 📧 Processing 20 emails...
2026-05-04 02:20:15,244 - INFO - Loading sent links...
2026-05-04 02:20:15,245 - INFO - Loaded 20 previously sent links, 33 processed message IDs
2026-05-04 02:20:15,245 - INFO - Skipping already-processed message ID: <7270E473-1FA0-4B18-8D52-ED41A3003519@yahoo.com>
2026-05-04 02:20:15,245 - INFO - Skipping already-processed message ID: <01E8DA25-0F9E-4F68-8B4E-D61A30251C6D@yahoo.com>
2026-05-04 02:20:15,245 - INFO - Skipping already-processed message ID: <15AC3D59-8B21-4AAB-B987-5E301D188E95@yahoo.com>
2026-05-04 02:20:15,245 - INFO - Skipping already-processed message ID: <578A32F1-DDEC-49EA-BC61-B2871A82BE8F@yahoo.com>
2026-05-04 02:20:15,245 - INFO - Skipping already-processed message ID: <2417795A-852C-4051-B9F9-D79E95DA0578@yahoo.com>
2026-05-04 02:20:15,245 - INFO - Skipping already-processed message ID: <F65C4CD9-DDD7-4CA3-B54B-CF0DEC0DFDEE@yahoo.com>
2026-05-04 02:20:15,245 - INFO - Skipping already-processed message ID: <0100019ded4898fa-aae9c82a-cf76-41f8-8c3d-402c31b8a7ed-000000@email.amazonses.com>
2026-05-04 02:20:15,245 - INFO - Skipping already-processed message ID: <BB136B87-2299-4B89-9A2E-B446E52DFA50@yahoo.com>
2026-05-04 02:20:15,245 - INFO - Skipping already-processed message ID: <06D43F41-BB9A-4D85-9127-6E51FC50D7FD@yahoo.com>
2026-05-04 02:20:15,245 - INFO - Skipping already-processed message ID: <957111A2-0F6C-4A9D-9ED6-D3B685869E33@yahoo.com>
2026-05-04 02:20:15,245 - INFO - Skipping already-processed message ID: <F0E3D771-4716-472B-B375-8FCD1704055A@yahoo.com>
2026-05-04 02:20:15,245 - INFO - Skipping already-processed message ID: <2AE4154D-4DE9-4188-8CD9-BA433528599C@yahoo.com>
2026-05-04 02:20:15,245 - INFO - Skipping already-processed message ID: <2BB0CCC4-735B-4A5F-8019-A3B7CCC74D03@yahoo.com>
2026-05-04 02:20:15,245 - INFO - Skipping already-processed message ID: <797218A6-4A17-4B87-B429-61B02C7183AD@yahoo.com>
2026-05-04 02:20:15,245 - INFO - Skipping already-processed message ID: <27873746-1170-475E-9C21-7CE95948A671@yahoo.com>
2026-05-04 02:20:15,245 - INFO - Skipping already-processed message ID: <22764553-180E-42BB-9898-BC855B10E550@yahoo.com>
2026-05-04 02:20:15,245 - INFO - Skipping already-processed message ID: <C3317370-D2F5-409D-8D13-85A2F90FC6DB@yahoo.com>
2026-05-04 02:20:15,245 - INFO - Skipping already-processed message ID: <0100019de822820b-cbbf2f75-c1ed-469c-85df-98c1ab947266-000000@email.amazonses.com>
2026-05-04 02:20:15,245 - INFO - Skipping already-processed message ID: <F5FDBF7F-24C1-41B6-9793-F672681D2827@yahoo.com>
2026-05-04 02:20:15,245 - INFO - Skipping already-processed message ID: <7E3878D1-7A25-4DB5-AB91-558C9CE7A009@yahoo.com>
2026-05-04 02:20:15,246 - INFO - ℹ️ No new links found
2026-05-04 02:30:15,002 - INFO - 🚀 YouTube monitor script started
2026-05-04 02:30:16,091 - INFO - 📧 Processing 20 emails...
2026-05-04 02:30:16,091 - INFO - Loading sent links...
2026-05-04 02:30:16,091 - INFO - Loaded 20 previously sent links, 33 processed message IDs
2026-05-04 02:30:16,091 - INFO - Skipping already-processed message ID: <7270E473-1FA0-4B18-8D52-ED41A3003519@yahoo.com>
2026-05-04 02:30:16,091 - INFO - Skipping already-processed message ID: <01E8DA25-0F9E-4F68-8B4E-D61A30251C6D@yahoo.com>
2026-05-04 02:30:16,091 - INFO - Skipping already-processed message ID: <15AC3D59-8B21-4AAB-B987-5E301D188E95@yahoo.com>
2026-05-04 02:30:16,091 - INFO - Skipping already-processed message ID: <578A32F1-DDEC-49EA-BC61-B2871A82BE8F@yahoo.com>
2026-05-04 02:30:16,092 - INFO - Skipping already-processed message ID: <2417795A-852C-4051-B9F9-D79E95DA0578@yahoo.com>
2026-05-04 02:30:16,092 - INFO - Skipping already-processed message ID: <F65C4CD9-DDD7-4CA3-B54B-CF0DEC0DFDEE@yahoo.com>
2026-05-04 02:30:16,092 - INFO - Skipping already-processed message ID: <0100019ded4898fa-aae9c82a-cf76-41f8-8c3d-402c31b8a7ed-000000@email.amazonses.com>
2026-05-04 02:30:16,092 - INFO - Skipping already-processed message ID: <BB136B87-2299-4B89-9A2E-B446E52DFA50@yahoo.com>
2026-05-04 02:30:16,092 - INFO - Skipping already-processed message ID: <06D43F41-BB9A-4D85-9127-6E51FC50D7FD@yahoo.com>
2026-05-04 02:30:16,092 - INFO - Skipping already-processed message ID: <957111A2-0F6C-4A9D-9ED6-D3B685869E33@yahoo.com>
2026-05-04 02:30:16,092 - INFO - Skipping already-processed message ID: <F0E3D771-4716-472B-B375-8FCD1704055A@yahoo.com>
2026-05-04 02:30:16,092 - INFO - Skipping already-processed message ID: <2AE4154D-4DE9-4188-8CD9-BA433528599C@yahoo.com>
2026-05-04 02:30:16,092 - INFO - Skipping already-processed message ID: <2BB0CCC4-735B-4A5F-8019-A3B7CCC74D03@yahoo.com>
2026-05-04 02:30:16,092 - INFO - Skipping already-processed message ID: <797218A6-4A17-4B87-B429-61B02C7183AD@yahoo.com>
2026-05-04 02:30:16,092 - INFO - Skipping already-processed message ID: <27873746-1170-475E-9C21-7CE95948A671@yahoo.com>
2026-05-04 02:30:16,092 - INFO - Skipping already-processed message ID: <22764553-180E-42BB-9898-BC855B10E550@yahoo.com>
2026-05-04 02:30:16,092 - INFO - Skipping already-processed message ID: <C3317370-D2F5-409D-8D13-85A2F90FC6DB@yahoo.com>
2026-05-04 02:30:16,092 - INFO - Skipping already-processed message ID: <0100019de822820b-cbbf2f75-c1ed-469c-85df-98c1ab947266-000000@email.amazonses.com>
2026-05-04 02:30:16,092 - INFO - Skipping already-processed message ID: <F5FDBF7F-24C1-41B6-9793-F672681D2827@yahoo.com>
2026-05-04 02:30:16,092 - INFO - Skipping already-processed message ID: <7E3878D1-7A25-4DB5-AB91-558C9CE7A009@yahoo.com>
2026-05-04 02:30:16,092 - INFO - ℹ️ No new links found
2026-05-04 02:40:10,685 - INFO - 🚀 YouTube monitor script started
2026-05-04 02:40:11,642 - INFO - 📧 Processing 20 emails...
2026-05-04 02:40:11,642 - INFO - Loading sent links...
2026-05-04 02:40:11,642 - INFO - Loaded 20 previously sent links, 33 processed message IDs
2026-05-04 02:40:11,642 - INFO - Skipping already-processed message ID: <7270E473-1FA0-4B18-8D52-ED41A3003519@yahoo.com>
2026-05-04 02:40:11,642 - INFO - Skipping already-processed message ID: <01E8DA25-0F9E-4F68-8B4E-D61A30251C6D@yahoo.com>
2026-05-04 02:40:11,642 - INFO - Skipping already-processed message ID: <15AC3D59-8B21-4AAB-B987-5E301D188E95@yahoo.com>
2026-05-04 02:40:11,642 - INFO - Skipping already-processed message ID: <578A32F1-DDEC-49EA-BC61-B2871A82BE8F@yahoo.com>
2026-05-04 02:40:11,642 - INFO - Skipping already-processed message ID: <2417795A-852C-4051-B9F9-D79E95DA0578@yahoo.com>
2026-05-04 02:40:11,642 - INFO - Skipping already-processed message ID: <F65C4CD9-DDD7-4CA3-B54B-CF0DEC0DFDEE@yahoo.com>
2026-05-04 02:40:11,642 - INFO - Skipping already-processed message ID: <0100019ded4898fa-aae9c82a-cf76-41f8-8c3d-402c31b8a7ed-000000@email.amazonses.com>
2026-05-04 02:40:11,643 - INFO - Skipping already-processed message ID: <BB136B87-2299-4B89-9A2E-B446E52DFA50@yahoo.com>
2026-05-04 02:40:11,643 - INFO - Skipping already-processed message ID: <06D43F41-BB9A-4D85-9127-6E51FC50D7FD@yahoo.com>
2026-05-04 02:40:11,643 - INFO - Skipping already-processed message ID: <957111A2-0F6C-4A9D-9ED6-D3B685869E33@yahoo.com>
2026-05-04 02:40:11,643 - INFO - Skipping already-processed message ID: <F0E3D771-4716-472B-B375-8FCD1704055A@yahoo.com>
2026-05-04 02:40:11,643 - INFO - Skipping already-processed message ID: <2AE4154D-4DE9-4188-8CD9-BA433528599C@yahoo.com>
2026-05-04 02:40:11,643 - INFO - Skipping already-processed message ID: <2BB0CCC4-735B-4A5F-8019-A3B7CCC74D03@yahoo.com>
2026-05-04 02:40:11,643 - INFO - Skipping already-processed message ID: <797218A6-4A17-4B87-B429-61B02C7183AD@yahoo.com>
2026-05-04 02:40:11,643 - INFO - Skipping already-processed message ID: <27873746-1170-475E-9C21-7CE95948A671@yahoo.com>
2026-05-04 02:40:11,643 - INFO - Skipping already-processed message ID: <22764553-180E-42BB-9898-BC855B10E550@yahoo.com>
2026-05-04 02:40:11,643 - INFO - Skipping already-processed message ID: <C3317370-D2F5-409D-8D13-85A2F90FC6DB@yahoo.com>
2026-05-04 02:40:11,643 - INFO - Skipping already-processed message ID: <0100019de822820b-cbbf2f75-c1ed-469c-85df-98c1ab947266-000000@email.amazonses.com>
2026-05-04 02:40:11,643 - INFO - Skipping already-processed message ID: <F5FDBF7F-24C1-41B6-9793-F672681D2827@yahoo.com>
2026-05-04 02:40:11,643 - INFO - Skipping already-processed message ID: <7E3878D1-7A25-4DB5-AB91-558C9CE7A009@yahoo.com>
2026-05-04 02:40:11,643 - INFO - ℹ️ No new links found
2026-05-04 02:50:17,433 - INFO - 🚀 YouTube monitor script started
2026-05-04 02:50:18,561 - INFO - 📧 Processing 20 emails...
2026-05-04 02:50:18,562 - INFO - Loading sent links...
2026-05-04 02:50:18,562 - INFO - Loaded 20 previously sent links, 33 processed message IDs
2026-05-04 02:50:18,562 - INFO - Skipping already-processed message ID: <7270E473-1FA0-4B18-8D52-ED41A3003519@yahoo.com>
2026-05-04 02:50:18,562 - INFO - Skipping already-processed message ID: <01E8DA25-0F9E-4F68-8B4E-D61A30251C6D@yahoo.com>
2026-05-04 02:50:18,562 - INFO - Skipping already-processed message ID: <15AC3D59-8B21-4AAB-B987-5E301D188E95@yahoo.com>
2026-05-04 02:50:18,562 - INFO - Skipping already-processed message ID: <578A32F1-DDEC-49EA-BC61-B2871A82BE8F@yahoo.com>
2026-05-04 02:50:18,562 - INFO - Skipping already-processed message ID: <2417795A-852C-4051-B9F9-D79E95DA0578@yahoo.com>
2026-05-04 02:50:18,562 - INFO - Skipping already-processed message ID: <F65C4CD9-DDD7-4CA3-B54B-CF0DEC0DFDEE@yahoo.com>
2026-05-04 02:50:18,562 - INFO - Skipping already-processed message ID: <0100019ded4898fa-aae9c82a-cf76-41f8-8c3d-402c31b8a7ed-000000@email.amazonses.com>
2026-05-04 02:50:18,562 - INFO - Skipping already-processed message ID: <BB136B87-2299-4B89-9A2E-B446E52DFA50@yahoo.com>
2026-05-04 02:50:18,563 - INFO - Skipping already-processed message ID: <06D43F41-BB9A-4D85-9127-6E51FC50D7FD@yahoo.com>
2026-05-04 02:50:18,563 - INFO - Skipping already-processed message ID: <957111A2-0F6C-4A9D-9ED6-D3B685869E33@yahoo.com>
2026-05-04 02:50:18,563 - INFO - Skipping already-processed message ID: <F0E3D771-4716-472B-B375-8FCD1704055A@yahoo.com>
2026-05-04 02:50:18,563 - INFO - Skipping already-processed message ID: <2AE4154D-4DE9-4188-8CD9-BA433528599C@yahoo.com>
2026-05-04 02:50:18,563 - INFO - Skipping already-processed message ID: <2BB0CCC4-735B-4A5F-8019-A3B7CCC74D03@yahoo.com>
2026-05-04 02:50:18,563 - INFO - Skipping already-processed message ID: <797218A6-4A17-4B87-B429-61B02C7183AD@yahoo.com>
2026-05-04 02:50:18,563 - INFO - Skipping already-processed message ID: <27873746-1170-475E-9C21-7CE95948A671@yahoo.com>
2026-05-04 02:50:18,563 - INFO - Skipping already-processed message ID: <22764553-180E-42BB-9898-BC855B10E550@yahoo.com>
2026-05-04 02:50:18,563 - INFO - Skipping already-processed message ID: <C3317370-D2F5-409D-8D13-85A2F90FC6DB@yahoo.com>
2026-05-04 02:50:18,563 - INFO - Skipping already-processed message ID: <0100019de822820b-cbbf2f75-c1ed-469c-85df-98c1ab947266-000000@email.amazonses.com>
2026-05-04 02:50:18,563 - INFO - Skipping already-processed message ID: <F5FDBF7F-24C1-41B6-9793-F672681D2827@yahoo.com>
2026-05-04 02:50:18,563 - INFO - Skipping already-processed message ID: <7E3878D1-7A25-4DB5-AB91-558C9CE7A009@yahoo.com>
2026-05-04 02:50:18,563 - INFO - ℹ️ No new links found
2026-05-04 03:00:13,744 - INFO - 🚀 YouTube monitor script started
2026-05-04 03:00:14,710 - INFO - 📧 Processing 20 emails...
2026-05-04 03:00:14,711 - INFO - Loading sent links...
2026-05-04 03:00:14,711 - INFO - Loaded 20 previously sent links, 33 processed message IDs
2026-05-04 03:00:14,711 - INFO - Skipping already-processed message ID: <7270E473-1FA0-4B18-8D52-ED41A3003519@yahoo.com>
2026-05-04 03:00:14,711 - INFO - Skipping already-processed message ID: <01E8DA25-0F9E-4F68-8B4E-D61A30251C6D@yahoo.com>
2026-05-04 03:00:14,711 - INFO - Skipping already-processed message ID: <15AC3D59-8B21-4AAB-B987-5E301D188E95@yahoo.com>
2026-05-04 03:00:14,711 - INFO - Skipping already-processed message ID: <578A32F1-DDEC-49EA-BC61-B2871A82BE8F@yahoo.com>
2026-05-04 03:00:14,711 - INFO - Skipping already-processed message ID: <2417795A-852C-4051-B9F9-D79E95DA0578@yahoo.com>
2026-05-04 03:00:14,711 - INFO - Skipping already-processed message ID: <F65C4CD9-DDD7-4CA3-B54B-CF0DEC0DFDEE@yahoo.com>
2026-05-04 03:00:14,711 - INFO - Skipping already-processed message ID: <0100019ded4898fa-aae9c82a-cf76-41f8-8c3d-402c31b8a7ed-000000@email.amazonses.com>
2026-05-04 03:00:14,711 - INFO - Skipping already-processed message ID: <BB136B87-2299-4B89-9A2E-B446E52DFA50@yahoo.com>
2026-05-04 03:00:14,712 - INFO - Skipping already-processed message ID: <06D43F41-BB9A-4D85-9127-6E51FC50D7FD@yahoo.com>
2026-05-04 03:00:14,712 - INFO - Skipping already-processed message ID: <957111A2-0F6C-4A9D-9ED6-D3B685869E33@yahoo.com>
2026-05-04 03:00:14,712 - INFO - Skipping already-processed message ID: <F0E3D771-4716-472B-B375-8FCD1704055A@yahoo.com>
2026-05-04 03:00:14,712 - INFO - Skipping already-processed message ID: <2AE4154D-4DE9-4188-8CD9-BA433528599C@yahoo.com>
2026-05-04 03:00:14,712 - INFO - Skipping already-processed message ID: <2BB0CCC4-735B-4A5F-8019-A3B7CCC74D03@yahoo.com>
2026-05-04 03:00:14,712 - INFO - Skipping already-processed message ID: <797218A6-4A17-4B87-B429-61B02C7183AD@yahoo.com>
2026-05-04 03:00:14,712 - INFO - Skipping already-processed message ID: <27873746-1170-475E-9C21-7CE95948A671@yahoo.com>
2026-05-04 03:00:14,712 - INFO - Skipping already-processed message ID: <22764553-180E-42BB-9898-BC855B10E550@yahoo.com>
2026-05-04 03:00:14,712 - INFO - Skipping already-processed message ID: <C3317370-D2F5-409D-8D13-85A2F90FC6DB@yahoo.com>
2026-05-04 03:00:14,712 - INFO - Skipping already-processed message ID: <0100019de822820b-cbbf2f75-c1ed-469c-85df-98c1ab947266-000000@email.amazonses.com>
2026-05-04 03:00:14,712 - INFO - Skipping already-processed message ID: <F5FDBF7F-24C1-41B6-9793-F672681D2827@yahoo.com>
2026-05-04 03:00:14,712 - INFO - Skipping already-processed message ID: <7E3878D1-7A25-4DB5-AB91-558C9CE7A009@yahoo.com>
2026-05-04 03:00:14,712 - INFO - ℹ️ No new links found
